report_component_id,component_type,section_id,catalogue_item_id,source_artifact_id,source_field_path,source_sha256,controlled_conclusion_code
RPT-F01,figure,SEC-ABSTRACT,RES-P10-FIGURE-RPT-F01,ART-P10-REPORT-PLAN,RPT-F01,be33c07d566914d40bd50fba65b347118e706940a64495782cf0245f7914629c,
RPT-F02,figure,SEC-DATASET,RES-P10-FIGURE-RPT-F02,ART-P10-REPORT-PLAN,RPT-F02,be33c07d566914d40bd50fba65b347118e706940a64495782cf0245f7914629c,
RPT-F02,figure,SEC-DATASET,RES-P10-REPORT-EVIDENCE-01,ART-P10-REPORT-PLAN,SEC-DATASET,be33c07d566914d40bd50fba65b347118e706940a64495782cf0245f7914629c,
RPT-F03,figure,SEC-METHODS,RES-P10-FIGURE-RPT-F03,ART-P10-REPORT-PLAN,RPT-F03,be33c07d566914d40bd50fba65b347118e706940a64495782cf0245f7914629c,
RPT-F03,figure,SEC-METHODS,RES-P10-REPORT-EVIDENCE-02,ART-P10-REPORT-PLAN,SEC-METHODS,be33c07d566914d40bd50fba65b347118e706940a64495782cf0245f7914629c,
RPT-T05.row.0,table_row,SEC-SETUP,ART-STORAGE-REPO-7DA9674CD510,ART-STORAGE-REPO-7DA9674CD510,$,66c925a7b43bf9fa312ceb850b43746a34d1808888667c39392eaef9e47495bb,
RPT-T05.row.1,table_row,SEC-SETUP,ART-STORAGE-REPO-7DA9674CD510,ART-STORAGE-REPO-7DA9674CD510,$,66c925a7b43bf9fa312ceb850b43746a34d1808888667c39392eaef9e47495bb,
RPT-T05.row.2,table_row,SEC-SETUP,ART-STORAGE-REPO-7DA9674CD510,ART-STORAGE-REPO-7DA9674CD510,$,66c925a7b43bf9fa312ceb850b43746a34d1808888667c39392eaef9e47495bb,
RPT-T05.row.3,table_row,SEC-SETUP,ART-STORAGE-REPO-7DA9674CD510,ART-STORAGE-REPO-7DA9674CD510,$,66c925a7b43bf9fa312ceb850b43746a34d1808888667c39392eaef9e47495bb,
RPT-T05.row.4,table_row,SEC-SETUP,ART-STORAGE-REPO-7DA9674CD510,ART-STORAGE-REPO-7DA9674CD510,$,66c925a7b43bf9fa312ceb850b43746a34d1808888667c39392eaef9e47495bb,
RPT-T05.row.5,table_row,SEC-SETUP,ART-STORAGE-REPO-7DA9674CD510,ART-STORAGE-REPO-7DA9674CD510,$,66c925a7b43bf9fa312ceb850b43746a34d1808888667c39392eaef9e47495bb,
RPT-T05.row.6,table_row,SEC-SETUP,ART-STORAGE-REPO-7DA9674CD510,ART-STORAGE-REPO-7DA9674CD510,$,66c925a7b43bf9fa312ceb850b43746a34d1808888667c39392eaef9e47495bb,
RPT-T05.row.7,table_row,SEC-SETUP,ART-STORAGE-REPO-7DA9674CD510,ART-STORAGE-REPO-7DA9674CD510,$,66c925a7b43bf9fa312ceb850b43746a34d1808888667c39392eaef9e47495bb,
RPT-T05.row.8,table_row,SEC-SETUP,ART-STORAGE-REPO-7DA9674CD510,ART-STORAGE-REPO-7DA9674CD510,$,66c925a7b43bf9fa312ceb850b43746a34d1808888667c39392eaef9e47495bb,
RPT-T05.row.9,table_row,SEC-SETUP,ART-STORAGE-REPO-B62808659805,ART-STORAGE-REPO-B62808659805,$,792f544aef33d30f122054ba40bdf8f185cea71e516614545ba3f85879ed3bc3,
RPT-T05.row.10,table_row,SEC-SETUP,ART-STORAGE-REPO-BE8FD7EBD0FA,ART-STORAGE-REPO-BE8FD7EBD0FA,$,60e84612eec0ce60b0d17284f6888ddea3627778ab39bcee4c0c6ee3b0c63a2c,
RPT-T05.row.11,table_row,SEC-SETUP,ART-STORAGE-REPO-D21BA4A045E8,ART-STORAGE-REPO-D21BA4A045E8,$,1569b09c83d6a785601c181d615ac656b71623d054e45705bc0a35b17ba2dc7f,
RPT-T07.row.0,table_row,SEC-RESULTS-PREDICTION,RES-P9-PRIMARY-BLACKBOX,ART-P9-TASK,models.blackbox.pooled,d62eb69568af89301c816fc505c129ab2a60cece3aff1dd66ccec567d20dfa01,
RPT-T07.row.1,table_row,SEC-RESULTS-PREDICTION,RES-P9-PRIMARY-LEARNED_SOFTMAX_GAM,ART-P9-TASK,models.learned_softmax_gam.pooled,d62eb69568af89301c816fc505c129ab2a60cece3aff1dd66ccec567d20dfa01,
RPT-T07.row.2,table_row,SEC-RESULTS-PREDICTION,RES-P9-PRIMARY-MIXED_CEM,ART-P9-TASK,models.mixed_cem.pooled,d62eb69568af89301c816fc505c129ab2a60cece3aff1dd66ccec567d20dfa01,
RPT-T07.row.3,table_row,SEC-RESULTS-PREDICTION,RES-P9-PRIMARY-STANDARD_CBM,ART-P9-TASK,models.standard_cbm.pooled,d62eb69568af89301c816fc505c129ab2a60cece3aff1dd66ccec567d20dfa01,
RPT-T08.row.0,table_row,SEC-RESULTS-PREDICTION,RES-P9-PAIRED-MAE-BLACKBOX-VS-LEARNED_SOFTMAX_GAM,ART-P9-BOOTSTRAP,paired_mae_A_minus_B.blackbox__learned_softmax_gam,6f834a47aeb2f10c5cfe84cd6ccdbc5c4229ff047f504b770e5d82ddd20bbb71,SUPPORTS_B
RPT-T08.row.1,table_row,SEC-RESULTS-PREDICTION,RES-P9-PAIRED-MAE-BLACKBOX-VS-MIXED_CEM,ART-P9-BOOTSTRAP,paired_mae_A_minus_B.blackbox__mixed_cem,6f834a47aeb2f10c5cfe84cd6ccdbc5c4229ff047f504b770e5d82ddd20bbb71,SUPPORTS_B
RPT-T08.row.2,table_row,SEC-RESULTS-PREDICTION,RES-P9-PAIRED-MAE-BLACKBOX-VS-STANDARD_CBM,ART-P9-BOOTSTRAP,paired_mae_A_minus_B.blackbox__standard_cbm,6f834a47aeb2f10c5cfe84cd6ccdbc5c4229ff047f504b770e5d82ddd20bbb71,NO_SUPPORTED_DIFFERENCE_CI_CROSSES_ZERO
RPT-T08.row.3,table_row,SEC-RESULTS-PREDICTION,RES-P9-PAIRED-MAE-MIXED_CEM-VS-LEARNED_SOFTMAX_GAM,ART-P9-BOOTSTRAP,paired_mae_A_minus_B.mixed_cem__learned_softmax_gam,6f834a47aeb2f10c5cfe84cd6ccdbc5c4229ff047f504b770e5d82ddd20bbb71,NO_SUPPORTED_DIFFERENCE_CI_CROSSES_ZERO
RPT-T08.row.4,table_row,SEC-RESULTS-PREDICTION,RES-P9-PAIRED-MAE-STANDARD_CBM-VS-LEARNED_SOFTMAX_GAM,ART-P9-BOOTSTRAP,paired_mae_A_minus_B.standard_cbm__learned_softmax_gam,6f834a47aeb2f10c5cfe84cd6ccdbc5c4229ff047f504b770e5d82ddd20bbb71,SUPPORTS_B
RPT-T08.row.5,table_row,SEC-RESULTS-PREDICTION,RES-P9-PAIRED-MAE-STANDARD_CBM-VS-MIXED_CEM,ART-P9-BOOTSTRAP,paired_mae_A_minus_B.standard_cbm__mixed_cem,6f834a47aeb2f10c5cfe84cd6ccdbc5c4229ff047f504b770e5d82ddd20bbb71,SUPPORTS_B
RPT-T09.row.0,table_row,SEC-RESULTS-PREDICTION,RES-P9-SECONDARY-BLACKBOX,ART-P9-TASK,models.blackbox.pooled_secondary,d62eb69568af89301c816fc505c129ab2a60cece3aff1dd66ccec567d20dfa01,
RPT-T09.row.1,table_row,SEC-RESULTS-PREDICTION,RES-P9-SECONDARY-LEARNED_SOFTMAX_GAM,ART-P9-TASK,models.learned_softmax_gam.pooled_secondary,d62eb69568af89301c816fc505c129ab2a60cece3aff1dd66ccec567d20dfa01,
RPT-T09.row.2,table_row,SEC-RESULTS-PREDICTION,RES-P9-SECONDARY-MIXED_CEM,ART-P9-TASK,models.mixed_cem.pooled_secondary,d62eb69568af89301c816fc505c129ab2a60cece3aff1dd66ccec567d20dfa01,
RPT-T09.row.3,table_row,SEC-RESULTS-PREDICTION,RES-P9-SECONDARY-STANDARD_CBM,ART-P9-TASK,models.standard_cbm.pooled_secondary,d62eb69568af89301c816fc505c129ab2a60cece3aff1dd66ccec567d20dfa01,
RPT-T10.row.0,table_row,SEC-RESULTS-PREDICTION,RES-P9-PAIRED-AUROC-BLACKBOX-VS-LEARNED_SOFTMAX_GAM,ART-P9-BOOTSTRAP,paired_auroc_B_minus_A.blackbox__learned_softmax_gam,6f834a47aeb2f10c5cfe84cd6ccdbc5c4229ff047f504b770e5d82ddd20bbb71,NO_SUPPORTED_DIFFERENCE_CI_CROSSES_ZERO
RPT-T10.row.1,table_row,SEC-RESULTS-PREDICTION,RES-P9-PAIRED-AUROC-BLACKBOX-VS-MIXED_CEM,ART-P9-BOOTSTRAP,paired_auroc_B_minus_A.blackbox__mixed_cem,6f834a47aeb2f10c5cfe84cd6ccdbc5c4229ff047f504b770e5d82ddd20bbb71,NO_SUPPORTED_DIFFERENCE_CI_CROSSES_ZERO
RPT-T10.row.2,table_row,SEC-RESULTS-PREDICTION,RES-P9-PAIRED-AUROC-BLACKBOX-VS-STANDARD_CBM,ART-P9-BOOTSTRAP,paired_auroc_B_minus_A.blackbox__standard_cbm,6f834a47aeb2f10c5cfe84cd6ccdbc5c4229ff047f504b770e5d82ddd20bbb71,SUPPORTS_A
RPT-T10.row.3,table_row,SEC-RESULTS-PREDICTION,RES-P9-PAIRED-AUROC-MIXED_CEM-VS-LEARNED_SOFTMAX_GAM,ART-P9-BOOTSTRAP,paired_auroc_B_minus_A.mixed_cem__learned_softmax_gam,6f834a47aeb2f10c5cfe84cd6ccdbc5c4229ff047f504b770e5d82ddd20bbb71,NO_SUPPORTED_DIFFERENCE_CI_CROSSES_ZERO
RPT-T10.row.4,table_row,SEC-RESULTS-PREDICTION,RES-P9-PAIRED-AUROC-STANDARD_CBM-VS-LEARNED_SOFTMAX_GAM,ART-P9-BOOTSTRAP,paired_auroc_B_minus_A.standard_cbm__learned_softmax_gam,6f834a47aeb2f10c5cfe84cd6ccdbc5c4229ff047f504b770e5d82ddd20bbb71,SUPPORTS_B
RPT-T10.row.5,table_row,SEC-RESULTS-PREDICTION,RES-P9-PAIRED-AUROC-STANDARD_CBM-VS-MIXED_CEM,ART-P9-BOOTSTRAP,paired_auroc_B_minus_A.standard_cbm__mixed_cem,6f834a47aeb2f10c5cfe84cd6ccdbc5c4229ff047f504b770e5d82ddd20bbb71,NO_SUPPORTED_DIFFERENCE_CI_CROSSES_ZERO
RPT-F04,figure,SEC-RESULTS-PREDICTION,RES-P9-OOF-BLACKBOX,ART-P9-OOF-BLACKBOX,$,6f7e8b840638cfcce3427a1a1e63155860f1067ac6d09f10e7c43aa74a2763e8,
RPT-F04,figure,SEC-RESULTS-PREDICTION,RES-P9-OOF-STANDARD_CBM,ART-P9-OOF-STANDARD_CBM,$,c7ae75d343c8c7ba026ffbb64a25200385c5e06cdb171645e015e26b98225587,
RPT-F04,figure,SEC-RESULTS-PREDICTION,RES-P9-OOF-MIXED_CEM,ART-P9-OOF-MIXED_CEM,$,a42350e63908b2fa8fdfdd5c952428efe60f1ae5d6dbeccfe531f0ce121b996f,
RPT-F04,figure,SEC-RESULTS-PREDICTION,RES-P9-OOF-LEARNED_SOFTMAX_GAM,ART-P9-OOF-LEARNED_SOFTMAX_GAM,$,a5066e990153903212727c93ddea19f20760dffe7fa33a57aebab2d4d0ec3ffa,
RPT-F04,figure,SEC-RESULTS-PREDICTION,RES-P9-PRIMARY-BLACKBOX,ART-P9-TASK,models.blackbox.pooled,d62eb69568af89301c816fc505c129ab2a60cece3aff1dd66ccec567d20dfa01,
RPT-F04,figure,SEC-RESULTS-PREDICTION,RES-P9-PRIMARY-STANDARD_CBM,ART-P9-TASK,models.standard_cbm.pooled,d62eb69568af89301c816fc505c129ab2a60cece3aff1dd66ccec567d20dfa01,
RPT-F04,figure,SEC-RESULTS-PREDICTION,RES-P9-PRIMARY-MIXED_CEM,ART-P9-TASK,models.mixed_cem.pooled,d62eb69568af89301c816fc505c129ab2a60cece3aff1dd66ccec567d20dfa01,
RPT-F04,figure,SEC-RESULTS-PREDICTION,RES-P9-PRIMARY-LEARNED_SOFTMAX_GAM,ART-P9-TASK,models.learned_softmax_gam.pooled,d62eb69568af89301c816fc505c129ab2a60cece3aff1dd66ccec567d20dfa01,
RPT-F04,figure,SEC-RESULTS-PREDICTION,RES-P10-FIGURE-RPT-F04,ART-P10-REPORT-PLAN,RPT-F04,be33c07d566914d40bd50fba65b347118e706940a64495782cf0245f7914629c,
RPT-F04,figure,SEC-RESULTS-PREDICTION,RES-P10-REPORT-EVIDENCE-03,ART-P10-REPORT-PLAN,SEC-RESULTS-PREDICTION,be33c07d566914d40bd50fba65b347118e706940a64495782cf0245f7914629c,
RPT-F05,figure,SEC-RESULTS-PREDICTION,RES-P9-PAIRED-MAE-BLACKBOX-VS-LEARNED_SOFTMAX_GAM,ART-P9-BOOTSTRAP,paired_mae_A_minus_B.blackbox__learned_softmax_gam,6f834a47aeb2f10c5cfe84cd6ccdbc5c4229ff047f504b770e5d82ddd20bbb71,
RPT-F05,figure,SEC-RESULTS-PREDICTION,RES-P9-PAIRED-MAE-BLACKBOX-VS-MIXED_CEM,ART-P9-BOOTSTRAP,paired_mae_A_minus_B.blackbox__mixed_cem,6f834a47aeb2f10c5cfe84cd6ccdbc5c4229ff047f504b770e5d82ddd20bbb71,
RPT-F05,figure,SEC-RESULTS-PREDICTION,RES-P9-PAIRED-MAE-BLACKBOX-VS-STANDARD_CBM,ART-P9-BOOTSTRAP,paired_mae_A_minus_B.blackbox__standard_cbm,6f834a47aeb2f10c5cfe84cd6ccdbc5c4229ff047f504b770e5d82ddd20bbb71,
RPT-F05,figure,SEC-RESULTS-PREDICTION,RES-P9-PAIRED-MAE-MIXED_CEM-VS-LEARNED_SOFTMAX_GAM,ART-P9-BOOTSTRAP,paired_mae_A_minus_B.mixed_cem__learned_softmax_gam,6f834a47aeb2f10c5cfe84cd6ccdbc5c4229ff047f504b770e5d82ddd20bbb71,
RPT-F05,figure,SEC-RESULTS-PREDICTION,RES-P9-PAIRED-MAE-STANDARD_CBM-VS-LEARNED_SOFTMAX_GAM,ART-P9-BOOTSTRAP,paired_mae_A_minus_B.standard_cbm__learned_softmax_gam,6f834a47aeb2f10c5cfe84cd6ccdbc5c4229ff047f504b770e5d82ddd20bbb71,
RPT-F05,figure,SEC-RESULTS-PREDICTION,RES-P9-PAIRED-MAE-STANDARD_CBM-VS-MIXED_CEM,ART-P9-BOOTSTRAP,paired_mae_A_minus_B.standard_cbm__mixed_cem,6f834a47aeb2f10c5cfe84cd6ccdbc5c4229ff047f504b770e5d82ddd20bbb71,
RPT-F05,figure,SEC-RESULTS-PREDICTION,RES-P10-FIGURE-RPT-F05,ART-P10-REPORT-PLAN,RPT-F05,be33c07d566914d40bd50fba65b347118e706940a64495782cf0245f7914629c,
RPT-F05,figure,SEC-RESULTS-PREDICTION,RES-P10-REPORT-EVIDENCE-03,ART-P10-REPORT-PLAN,SEC-RESULTS-PREDICTION,be33c07d566914d40bd50fba65b347118e706940a64495782cf0245f7914629c,
RPT-F06,figure,SEC-RESULTS-PREDICTION,RES-P9-OOF-BLACKBOX,ART-P9-OOF-BLACKBOX,$,6f7e8b840638cfcce3427a1a1e63155860f1067ac6d09f10e7c43aa74a2763e8,
RPT-F06,figure,SEC-RESULTS-PREDICTION,RES-P9-OOF-STANDARD_CBM,ART-P9-OOF-STANDARD_CBM,$,c7ae75d343c8c7ba026ffbb64a25200385c5e06cdb171645e015e26b98225587,
RPT-F06,figure,SEC-RESULTS-PREDICTION,RES-P9-OOF-MIXED_CEM,ART-P9-OOF-MIXED_CEM,$,a42350e63908b2fa8fdfdd5c952428efe60f1ae5d6dbeccfe531f0ce121b996f,
RPT-F06,figure,SEC-RESULTS-PREDICTION,RES-P9-OOF-LEARNED_SOFTMAX_GAM,ART-P9-OOF-LEARNED_SOFTMAX_GAM,$,a5066e990153903212727c93ddea19f20760dffe7fa33a57aebab2d4d0ec3ffa,
RPT-F06,figure,SEC-RESULTS-PREDICTION,RES-P9-SECONDARY-BLACKBOX,ART-P9-TASK,models.blackbox.pooled_secondary,d62eb69568af89301c816fc505c129ab2a60cece3aff1dd66ccec567d20dfa01,
RPT-F06,figure,SEC-RESULTS-PREDICTION,RES-P9-SECONDARY-STANDARD_CBM,ART-P9-TASK,models.standard_cbm.pooled_secondary,d62eb69568af89301c816fc505c129ab2a60cece3aff1dd66ccec567d20dfa01,
RPT-F06,figure,SEC-RESULTS-PREDICTION,RES-P9-SECONDARY-MIXED_CEM,ART-P9-TASK,models.mixed_cem.pooled_secondary,d62eb69568af89301c816fc505c129ab2a60cece3aff1dd66ccec567d20dfa01,
RPT-F06,figure,SEC-RESULTS-PREDICTION,RES-P9-SECONDARY-LEARNED_SOFTMAX_GAM,ART-P9-TASK,models.learned_softmax_gam.pooled_secondary,d62eb69568af89301c816fc505c129ab2a60cece3aff1dd66ccec567d20dfa01,
RPT-F06,figure,SEC-RESULTS-PREDICTION,RES-P9-PAIRED-AUROC-BLACKBOX-VS-LEARNED_SOFTMAX_GAM,ART-P9-BOOTSTRAP,paired_auroc_B_minus_A.blackbox__learned_softmax_gam,6f834a47aeb2f10c5cfe84cd6ccdbc5c4229ff047f504b770e5d82ddd20bbb71,
RPT-F06,figure,SEC-RESULTS-PREDICTION,RES-P9-PAIRED-AUROC-BLACKBOX-VS-MIXED_CEM,ART-P9-BOOTSTRAP,paired_auroc_B_minus_A.blackbox__mixed_cem,6f834a47aeb2f10c5cfe84cd6ccdbc5c4229ff047f504b770e5d82ddd20bbb71,
RPT-F06,figure,SEC-RESULTS-PREDICTION,RES-P9-PAIRED-AUROC-BLACKBOX-VS-STANDARD_CBM,ART-P9-BOOTSTRAP,paired_auroc_B_minus_A.blackbox__standard_cbm,6f834a47aeb2f10c5cfe84cd6ccdbc5c4229ff047f504b770e5d82ddd20bbb71,
RPT-F06,figure,SEC-RESULTS-PREDICTION,RES-P9-PAIRED-AUROC-MIXED_CEM-VS-LEARNED_SOFTMAX_GAM,ART-P9-BOOTSTRAP,paired_auroc_B_minus_A.mixed_cem__learned_softmax_gam,6f834a47aeb2f10c5cfe84cd6ccdbc5c4229ff047f504b770e5d82ddd20bbb71,
RPT-F06,figure,SEC-RESULTS-PREDICTION,RES-P9-PAIRED-AUROC-STANDARD_CBM-VS-LEARNED_SOFTMAX_GAM,ART-P9-BOOTSTRAP,paired_auroc_B_minus_A.standard_cbm__learned_softmax_gam,6f834a47aeb2f10c5cfe84cd6ccdbc5c4229ff047f504b770e5d82ddd20bbb71,
RPT-F06,figure,SEC-RESULTS-PREDICTION,RES-P9-PAIRED-AUROC-STANDARD_CBM-VS-MIXED_CEM,ART-P9-BOOTSTRAP,paired_auroc_B_minus_A.standard_cbm__mixed_cem,6f834a47aeb2f10c5cfe84cd6ccdbc5c4229ff047f504b770e5d82ddd20bbb71,
RPT-F06,figure,SEC-RESULTS-PREDICTION,RES-P10-FIGURE-RPT-F06,ART-P10-REPORT-PLAN,RPT-F06,be33c07d566914d40bd50fba65b347118e706940a64495782cf0245f7914629c,
RPT-F06,figure,SEC-RESULTS-PREDICTION,RES-P10-REPORT-EVIDENCE-03,ART-P10-REPORT-PLAN,SEC-RESULTS-PREDICTION,be33c07d566914d40bd50fba65b347118e706940a64495782cf0245f7914629c,
RPT-T13.row.0,table_row,SEC-RESULTS-WHERE,RES-P9-GRADCAM-BLACKBOX-FOLD0-MALIGNANCY,ART-P9-SPATIAL,models.blackbox.folds[0].targets.malignancy,64656d54e573e2ce8c626c6403e6dc295498d233dd90c4152efcd12b9240cfbf,
RPT-T13.row.1,table_row,SEC-RESULTS-WHERE,RES-P9-GRADCAM-BLACKBOX-FOLD1-MALIGNANCY,ART-P9-SPATIAL,models.blackbox.folds[1].targets.malignancy,64656d54e573e2ce8c626c6403e6dc295498d233dd90c4152efcd12b9240cfbf,
RPT-T13.row.2,table_row,SEC-RESULTS-WHERE,RES-P9-GRADCAM-BLACKBOX-FOLD2-MALIGNANCY,ART-P9-SPATIAL,models.blackbox.folds[2].targets.malignancy,64656d54e573e2ce8c626c6403e6dc295498d233dd90c4152efcd12b9240cfbf,
RPT-T13.row.3,table_row,SEC-RESULTS-WHERE,RES-P9-GRADCAM-BLACKBOX-FOLD3-MALIGNANCY,ART-P9-SPATIAL,models.blackbox.folds[3].targets.malignancy,64656d54e573e2ce8c626c6403e6dc295498d233dd90c4152efcd12b9240cfbf,
RPT-T13.row.4,table_row,SEC-RESULTS-WHERE,RES-P9-GRADCAM-BLACKBOX-FOLD4-MALIGNANCY,ART-P9-SPATIAL,models.blackbox.folds[4].targets.malignancy,64656d54e573e2ce8c626c6403e6dc295498d233dd90c4152efcd12b9240cfbf,
RPT-T13.row.5,table_row,SEC-RESULTS-WHERE,RES-P9-GRADCAM-LEARNED_SOFTMAX_GAM-FOLD0-CALCIFICATION,ART-P9-SPATIAL,models.learned_softmax_gam.folds[0].targets.calcification,64656d54e573e2ce8c626c6403e6dc295498d233dd90c4152efcd12b9240cfbf,
RPT-T13.row.6,table_row,SEC-RESULTS-WHERE,RES-P9-GRADCAM-LEARNED_SOFTMAX_GAM-FOLD0-INTERNALSTRUCTURE,ART-P9-SPATIAL,models.learned_softmax_gam.folds[0].targets.internalStructure,64656d54e573e2ce8c626c6403e6dc295498d233dd90c4152efcd12b9240cfbf,
RPT-T13.row.7,table_row,SEC-RESULTS-WHERE,RES-P9-GRADCAM-LEARNED_SOFTMAX_GAM-FOLD0-LOBULATION,ART-P9-SPATIAL,models.learned_softmax_gam.folds[0].targets.lobulation,64656d54e573e2ce8c626c6403e6dc295498d233dd90c4152efcd12b9240cfbf,
RPT-T13.row.8,table_row,SEC-RESULTS-WHERE,RES-P9-GRADCAM-LEARNED_SOFTMAX_GAM-FOLD0-MALIGNANCY,ART-P9-SPATIAL,models.learned_softmax_gam.folds[0].targets.malignancy,64656d54e573e2ce8c626c6403e6dc295498d233dd90c4152efcd12b9240cfbf,
RPT-T13.row.9,table_row,SEC-RESULTS-WHERE,RES-P9-GRADCAM-LEARNED_SOFTMAX_GAM-FOLD0-MARGIN,ART-P9-SPATIAL,models.learned_softmax_gam.folds[0].targets.margin,64656d54e573e2ce8c626c6403e6dc295498d233dd90c4152efcd12b9240cfbf,
RPT-T13.row.10,table_row,SEC-RESULTS-WHERE,RES-P9-GRADCAM-LEARNED_SOFTMAX_GAM-FOLD0-SPHERICITY,ART-P9-SPATIAL,models.learned_softmax_gam.folds[0].targets.sphericity,64656d54e573e2ce8c626c6403e6dc295498d233dd90c4152efcd12b9240cfbf,
RPT-T13.row.11,table_row,SEC-RESULTS-WHERE,RES-P9-GRADCAM-LEARNED_SOFTMAX_GAM-FOLD0-SPICULATION,ART-P9-SPATIAL,models.learned_softmax_gam.folds[0].targets.spiculation,64656d54e573e2ce8c626c6403e6dc295498d233dd90c4152efcd12b9240cfbf,
RPT-T13.row.12,table_row,SEC-RESULTS-WHERE,RES-P9-GRADCAM-LEARNED_SOFTMAX_GAM-FOLD0-SUBTLETY,ART-P9-SPATIAL,models.learned_softmax_gam.folds[0].targets.subtlety,64656d54e573e2ce8c626c6403e6dc295498d233dd90c4152efcd12b9240cfbf,
RPT-T13.row.13,table_row,SEC-RESULTS-WHERE,RES-P9-GRADCAM-LEARNED_SOFTMAX_GAM-FOLD0-TEXTURE,ART-P9-SPATIAL,models.learned_softmax_gam.folds[0].targets.texture,64656d54e573e2ce8c626c6403e6dc295498d233dd90c4152efcd12b9240cfbf,
RPT-T13.row.14,table_row,SEC-RESULTS-WHERE,RES-P9-GRADCAM-LEARNED_SOFTMAX_GAM-FOLD1-CALCIFICATION,ART-P9-SPATIAL,models.learned_softmax_gam.folds[1].targets.calcification,64656d54e573e2ce8c626c6403e6dc295498d233dd90c4152efcd12b9240cfbf,
RPT-T13.row.15,table_row,SEC-RESULTS-WHERE,RES-P9-GRADCAM-LEARNED_SOFTMAX_GAM-FOLD1-INTERNALSTRUCTURE,ART-P9-SPATIAL,models.learned_softmax_gam.folds[1].targets.internalStructure,64656d54e573e2ce8c626c6403e6dc295498d233dd90c4152efcd12b9240cfbf,
RPT-T13.row.16,table_row,SEC-RESULTS-WHERE,RES-P9-GRADCAM-LEARNED_SOFTMAX_GAM-FOLD1-LOBULATION,ART-P9-SPATIAL,models.learned_softmax_gam.folds[1].targets.lobulation,64656d54e573e2ce8c626c6403e6dc295498d233dd90c4152efcd12b9240cfbf,
RPT-T13.row.17,table_row,SEC-RESULTS-WHERE,RES-P9-GRADCAM-LEARNED_SOFTMAX_GAM-FOLD1-MALIGNANCY,ART-P9-SPATIAL,models.learned_softmax_gam.folds[1].targets.malignancy,64656d54e573e2ce8c626c6403e6dc295498d233dd90c4152efcd12b9240cfbf,
RPT-T13.row.18,table_row,SEC-RESULTS-WHERE,RES-P9-GRADCAM-LEARNED_SOFTMAX_GAM-FOLD1-MARGIN,ART-P9-SPATIAL,models.learned_softmax_gam.folds[1].targets.margin,64656d54e573e2ce8c626c6403e6dc295498d233dd90c4152efcd12b9240cfbf,
RPT-T13.row.19,table_row,SEC-RESULTS-WHERE,RES-P9-GRADCAM-LEARNED_SOFTMAX_GAM-FOLD1-SPHERICITY,ART-P9-SPATIAL,models.learned_softmax_gam.folds[1].targets.sphericity,64656d54e573e2ce8c626c6403e6dc295498d233dd90c4152efcd12b9240cfbf,
RPT-T13.row.20,table_row,SEC-RESULTS-WHERE,RES-P9-GRADCAM-LEARNED_SOFTMAX_GAM-FOLD1-SPICULATION,ART-P9-SPATIAL,models.learned_softmax_gam.folds[1].targets.spiculation,64656d54e573e2ce8c626c6403e6dc295498d233dd90c4152efcd12b9240cfbf,
RPT-T13.row.21,table_row,SEC-RESULTS-WHERE,RES-P9-GRADCAM-LEARNED_SOFTMAX_GAM-FOLD1-SUBTLETY,ART-P9-SPATIAL,models.learned_softmax_gam.folds[1].targets.subtlety,64656d54e573e2ce8c626c6403e6dc295498d233dd90c4152efcd12b9240cfbf,
RPT-T13.row.22,table_row,SEC-RESULTS-WHERE,RES-P9-GRADCAM-LEARNED_SOFTMAX_GAM-FOLD1-TEXTURE,ART-P9-SPATIAL,models.learned_softmax_gam.folds[1].targets.texture,64656d54e573e2ce8c626c6403e6dc295498d233dd90c4152efcd12b9240cfbf,
RPT-T13.row.23,table_row,SEC-RESULTS-WHERE,RES-P9-GRADCAM-LEARNED_SOFTMAX_GAM-FOLD2-CALCIFICATION,ART-P9-SPATIAL,models.learned_softmax_gam.folds[2].targets.calcification,64656d54e573e2ce8c626c6403e6dc295498d233dd90c4152efcd12b9240cfbf,
RPT-T13.row.24,table_row,SEC-RESULTS-WHERE,RES-P9-GRADCAM-LEARNED_SOFTMAX_GAM-FOLD2-INTERNALSTRUCTURE,ART-P9-SPATIAL,models.learned_softmax_gam.folds[2].targets.internalStructure,64656d54e573e2ce8c626c6403e6dc295498d233dd90c4152efcd12b9240cfbf,
RPT-T13.row.25,table_row,SEC-RESULTS-WHERE,RES-P9-GRADCAM-LEARNED_SOFTMAX_GAM-FOLD2-LOBULATION,ART-P9-SPATIAL,models.learned_softmax_gam.folds[2].targets.lobulation,64656d54e573e2ce8c626c6403e6dc295498d233dd90c4152efcd12b9240cfbf,
RPT-T13.row.26,table_row,SEC-RESULTS-WHERE,RES-P9-GRADCAM-LEARNED_SOFTMAX_GAM-FOLD2-MALIGNANCY,ART-P9-SPATIAL,models.learned_softmax_gam.folds[2].targets.malignancy,64656d54e573e2ce8c626c6403e6dc295498d233dd90c4152efcd12b9240cfbf,
RPT-T13.row.27,table_row,SEC-RESULTS-WHERE,RES-P9-GRADCAM-LEARNED_SOFTMAX_GAM-FOLD2-MARGIN,ART-P9-SPATIAL,models.learned_softmax_gam.folds[2].targets.margin,64656d54e573e2ce8c626c6403e6dc295498d233dd90c4152efcd12b9240cfbf,
RPT-T13.row.28,table_row,SEC-RESULTS-WHERE,RES-P9-GRADCAM-LEARNED_SOFTMAX_GAM-FOLD2-SPHERICITY,ART-P9-SPATIAL,models.learned_softmax_gam.folds[2].targets.sphericity,64656d54e573e2ce8c626c6403e6dc295498d233dd90c4152efcd12b9240cfbf,
RPT-T13.row.29,table_row,SEC-RESULTS-WHERE,RES-P9-GRADCAM-LEARNED_SOFTMAX_GAM-FOLD2-SPICULATION,ART-P9-SPATIAL,models.learned_softmax_gam.folds[2].targets.spiculation,64656d54e573e2ce8c626c6403e6dc295498d233dd90c4152efcd12b9240cfbf,
RPT-T13.row.30,table_row,SEC-RESULTS-WHERE,RES-P9-GRADCAM-LEARNED_SOFTMAX_GAM-FOLD2-SUBTLETY,ART-P9-SPATIAL,models.learned_softmax_gam.folds[2].targets.subtlety,64656d54e573e2ce8c626c6403e6dc295498d233dd90c4152efcd12b9240cfbf,
RPT-T13.row.31,table_row,SEC-RESULTS-WHERE,RES-P9-GRADCAM-LEARNED_SOFTMAX_GAM-FOLD2-TEXTURE,ART-P9-SPATIAL,models.learned_softmax_gam.folds[2].targets.texture,64656d54e573e2ce8c626c6403e6dc295498d233dd90c4152efcd12b9240cfbf,
RPT-T13.row.32,table_row,SEC-RESULTS-WHERE,RES-P9-GRADCAM-LEARNED_SOFTMAX_GAM-FOLD3-CALCIFICATION,ART-P9-SPATIAL,models.learned_softmax_gam.folds[3].targets.calcification,64656d54e573e2ce8c626c6403e6dc295498d233dd90c4152efcd12b9240cfbf,
RPT-T13.row.33,table_row,SEC-RESULTS-WHERE,RES-P9-GRADCAM-LEARNED_SOFTMAX_GAM-FOLD3-INTERNALSTRUCTURE,ART-P9-SPATIAL,models.learned_softmax_gam.folds[3].targets.internalStructure,64656d54e573e2ce8c626c6403e6dc295498d233dd90c4152efcd12b9240cfbf,
RPT-T13.row.34,table_row,SEC-RESULTS-WHERE,RES-P9-GRADCAM-LEARNED_SOFTMAX_GAM-FOLD3-LOBULATION,ART-P9-SPATIAL,models.learned_softmax_gam.folds[3].targets.lobulation,64656d54e573e2ce8c626c6403e6dc295498d233dd90c4152efcd12b9240cfbf,
RPT-T13.row.35,table_row,SEC-RESULTS-WHERE,RES-P9-GRADCAM-LEARNED_SOFTMAX_GAM-FOLD3-MALIGNANCY,ART-P9-SPATIAL,models.learned_softmax_gam.folds[3].targets.malignancy,64656d54e573e2ce8c626c6403e6dc295498d233dd90c4152efcd12b9240cfbf,
RPT-T13.row.36,table_row,SEC-RESULTS-WHERE,RES-P9-GRADCAM-LEARNED_SOFTMAX_GAM-FOLD3-MARGIN,ART-P9-SPATIAL,models.learned_softmax_gam.folds[3].targets.margin,64656d54e573e2ce8c626c6403e6dc295498d233dd90c4152efcd12b9240cfbf,
RPT-T13.row.37,table_row,SEC-RESULTS-WHERE,RES-P9-GRADCAM-LEARNED_SOFTMAX_GAM-FOLD3-SPHERICITY,ART-P9-SPATIAL,models.learned_softmax_gam.folds[3].targets.sphericity,64656d54e573e2ce8c626c6403e6dc295498d233dd90c4152efcd12b9240cfbf,
RPT-T13.row.38,table_row,SEC-RESULTS-WHERE,RES-P9-GRADCAM-LEARNED_SOFTMAX_GAM-FOLD3-SPICULATION,ART-P9-SPATIAL,models.learned_softmax_gam.folds[3].targets.spiculation,64656d54e573e2ce8c626c6403e6dc295498d233dd90c4152efcd12b9240cfbf,
RPT-T13.row.39,table_row,SEC-RESULTS-WHERE,RES-P9-GRADCAM-LEARNED_SOFTMAX_GAM-FOLD3-SUBTLETY,ART-P9-SPATIAL,models.learned_softmax_gam.folds[3].targets.subtlety,64656d54e573e2ce8c626c6403e6dc295498d233dd90c4152efcd12b9240cfbf,
RPT-T13.row.40,table_row,SEC-RESULTS-WHERE,RES-P9-GRADCAM-LEARNED_SOFTMAX_GAM-FOLD3-TEXTURE,ART-P9-SPATIAL,models.learned_softmax_gam.folds[3].targets.texture,64656d54e573e2ce8c626c6403e6dc295498d233dd90c4152efcd12b9240cfbf,
RPT-T13.row.41,table_row,SEC-RESULTS-WHERE,RES-P9-GRADCAM-LEARNED_SOFTMAX_GAM-FOLD4-CALCIFICATION,ART-P9-SPATIAL,models.learned_softmax_gam.folds[4].targets.calcification,64656d54e573e2ce8c626c6403e6dc295498d233dd90c4152efcd12b9240cfbf,
RPT-T13.row.42,table_row,SEC-RESULTS-WHERE,RES-P9-GRADCAM-LEARNED_SOFTMAX_GAM-FOLD4-INTERNALSTRUCTURE,ART-P9-SPATIAL,models.learned_softmax_gam.folds[4].targets.internalStructure,64656d54e573e2ce8c626c6403e6dc295498d233dd90c4152efcd12b9240cfbf,
RPT-T13.row.43,table_row,SEC-RESULTS-WHERE,RES-P9-GRADCAM-LEARNED_SOFTMAX_GAM-FOLD4-LOBULATION,ART-P9-SPATIAL,models.learned_softmax_gam.folds[4].targets.lobulation,64656d54e573e2ce8c626c6403e6dc295498d233dd90c4152efcd12b9240cfbf,
RPT-T13.row.44,table_row,SEC-RESULTS-WHERE,RES-P9-GRADCAM-LEARNED_SOFTMAX_GAM-FOLD4-MALIGNANCY,ART-P9-SPATIAL,models.learned_softmax_gam.folds[4].targets.malignancy,64656d54e573e2ce8c626c6403e6dc295498d233dd90c4152efcd12b9240cfbf,
RPT-T13.row.45,table_row,SEC-RESULTS-WHERE,RES-P9-GRADCAM-LEARNED_SOFTMAX_GAM-FOLD4-MARGIN,ART-P9-SPATIAL,models.learned_softmax_gam.folds[4].targets.margin,64656d54e573e2ce8c626c6403e6dc295498d233dd90c4152efcd12b9240cfbf,
RPT-T13.row.46,table_row,SEC-RESULTS-WHERE,RES-P9-GRADCAM-LEARNED_SOFTMAX_GAM-FOLD4-SPHERICITY,ART-P9-SPATIAL,models.learned_softmax_gam.folds[4].targets.sphericity,64656d54e573e2ce8c626c6403e6dc295498d233dd90c4152efcd12b9240cfbf,
RPT-T13.row.47,table_row,SEC-RESULTS-WHERE,RES-P9-GRADCAM-LEARNED_SOFTMAX_GAM-FOLD4-SPICULATION,ART-P9-SPATIAL,models.learned_softmax_gam.folds[4].targets.spiculation,64656d54e573e2ce8c626c6403e6dc295498d233dd90c4152efcd12b9240cfbf,
RPT-T13.row.48,table_row,SEC-RESULTS-WHERE,RES-P9-GRADCAM-LEARNED_SOFTMAX_GAM-FOLD4-SUBTLETY,ART-P9-SPATIAL,models.learned_softmax_gam.folds[4].targets.subtlety,64656d54e573e2ce8c626c6403e6dc295498d233dd90c4152efcd12b9240cfbf,
RPT-T13.row.49,table_row,SEC-RESULTS-WHERE,RES-P9-GRADCAM-LEARNED_SOFTMAX_GAM-FOLD4-TEXTURE,ART-P9-SPATIAL,models.learned_softmax_gam.folds[4].targets.texture,64656d54e573e2ce8c626c6403e6dc295498d233dd90c4152efcd12b9240cfbf,
RPT-T13.row.50,table_row,SEC-RESULTS-WHERE,RES-P9-GRADCAM-MIXED_CEM-FOLD0-CALCIFICATION,ART-P9-SPATIAL,models.mixed_cem.folds[0].targets.calcification,64656d54e573e2ce8c626c6403e6dc295498d233dd90c4152efcd12b9240cfbf,
RPT-T13.row.51,table_row,SEC-RESULTS-WHERE,RES-P9-GRADCAM-MIXED_CEM-FOLD0-INTERNALSTRUCTURE,ART-P9-SPATIAL,models.mixed_cem.folds[0].targets.internalStructure,64656d54e573e2ce8c626c6403e6dc295498d233dd90c4152efcd12b9240cfbf,
RPT-T13.row.52,table_row,SEC-RESULTS-WHERE,RES-P9-GRADCAM-MIXED_CEM-FOLD0-LOBULATION,ART-P9-SPATIAL,models.mixed_cem.folds[0].targets.lobulation,64656d54e573e2ce8c626c6403e6dc295498d233dd90c4152efcd12b9240cfbf,
RPT-T13.row.53,table_row,SEC-RESULTS-WHERE,RES-P9-GRADCAM-MIXED_CEM-FOLD0-MALIGNANCY,ART-P9-SPATIAL,models.mixed_cem.folds[0].targets.malignancy,64656d54e573e2ce8c626c6403e6dc295498d233dd90c4152efcd12b9240cfbf,
RPT-T13.row.54,table_row,SEC-RESULTS-WHERE,RES-P9-GRADCAM-MIXED_CEM-FOLD0-MARGIN,ART-P9-SPATIAL,models.mixed_cem.folds[0].targets.margin,64656d54e573e2ce8c626c6403e6dc295498d233dd90c4152efcd12b9240cfbf,
RPT-T13.row.55,table_row,SEC-RESULTS-WHERE,RES-P9-GRADCAM-MIXED_CEM-FOLD0-SPHERICITY,ART-P9-SPATIAL,models.mixed_cem.folds[0].targets.sphericity,64656d54e573e2ce8c626c6403e6dc295498d233dd90c4152efcd12b9240cfbf,
RPT-T13.row.56,table_row,SEC-RESULTS-WHERE,RES-P9-GRADCAM-MIXED_CEM-FOLD0-SPICULATION,ART-P9-SPATIAL,models.mixed_cem.folds[0].targets.spiculation,64656d54e573e2ce8c626c6403e6dc295498d233dd90c4152efcd12b9240cfbf,
RPT-T13.row.57,table_row,SEC-RESULTS-WHERE,RES-P9-GRADCAM-MIXED_CEM-FOLD0-SUBTLETY,ART-P9-SPATIAL,models.mixed_cem.folds[0].targets.subtlety,64656d54e573e2ce8c626c6403e6dc295498d233dd90c4152efcd12b9240cfbf,
RPT-T13.row.58,table_row,SEC-RESULTS-WHERE,RES-P9-GRADCAM-MIXED_CEM-FOLD0-TEXTURE,ART-P9-SPATIAL,models.mixed_cem.folds[0].targets.texture,64656d54e573e2ce8c626c6403e6dc295498d233dd90c4152efcd12b9240cfbf,
RPT-T13.row.59,table_row,SEC-RESULTS-WHERE,RES-P9-GRADCAM-MIXED_CEM-FOLD1-CALCIFICATION,ART-P9-SPATIAL,models.mixed_cem.folds[1].targets.calcification,64656d54e573e2ce8c626c6403e6dc295498d233dd90c4152efcd12b9240cfbf,
RPT-T13.row.60,table_row,SEC-RESULTS-WHERE,RES-P9-GRADCAM-MIXED_CEM-FOLD1-INTERNALSTRUCTURE,ART-P9-SPATIAL,models.mixed_cem.folds[1].targets.internalStructure,64656d54e573e2ce8c626c6403e6dc295498d233dd90c4152efcd12b9240cfbf,
RPT-T13.row.61,table_row,SEC-RESULTS-WHERE,RES-P9-GRADCAM-MIXED_CEM-FOLD1-LOBULATION,ART-P9-SPATIAL,models.mixed_cem.folds[1].targets.lobulation,64656d54e573e2ce8c626c6403e6dc295498d233dd90c4152efcd12b9240cfbf,
RPT-T13.row.62,table_row,SEC-RESULTS-WHERE,RES-P9-GRADCAM-MIXED_CEM-FOLD1-MALIGNANCY,ART-P9-SPATIAL,models.mixed_cem.folds[1].targets.malignancy,64656d54e573e2ce8c626c6403e6dc295498d233dd90c4152efcd12b9240cfbf,
RPT-T13.row.63,table_row,SEC-RESULTS-WHERE,RES-P9-GRADCAM-MIXED_CEM-FOLD1-MARGIN,ART-P9-SPATIAL,models.mixed_cem.folds[1].targets.margin,64656d54e573e2ce8c626c6403e6dc295498d233dd90c4152efcd12b9240cfbf,
RPT-T13.row.64,table_row,SEC-RESULTS-WHERE,RES-P9-GRADCAM-MIXED_CEM-FOLD1-SPHERICITY,ART-P9-SPATIAL,models.mixed_cem.folds[1].targets.sphericity,64656d54e573e2ce8c626c6403e6dc295498d233dd90c4152efcd12b9240cfbf,
RPT-T13.row.65,table_row,SEC-RESULTS-WHERE,RES-P9-GRADCAM-MIXED_CEM-FOLD1-SPICULATION,ART-P9-SPATIAL,models.mixed_cem.folds[1].targets.spiculation,64656d54e573e2ce8c626c6403e6dc295498d233dd90c4152efcd12b9240cfbf,
RPT-T13.row.66,table_row,SEC-RESULTS-WHERE,RES-P9-GRADCAM-MIXED_CEM-FOLD1-SUBTLETY,ART-P9-SPATIAL,models.mixed_cem.folds[1].targets.subtlety,64656d54e573e2ce8c626c6403e6dc295498d233dd90c4152efcd12b9240cfbf,
RPT-T13.row.67,table_row,SEC-RESULTS-WHERE,RES-P9-GRADCAM-MIXED_CEM-FOLD1-TEXTURE,ART-P9-SPATIAL,models.mixed_cem.folds[1].targets.texture,64656d54e573e2ce8c626c6403e6dc295498d233dd90c4152efcd12b9240cfbf,
RPT-T13.row.68,table_row,SEC-RESULTS-WHERE,RES-P9-GRADCAM-MIXED_CEM-FOLD2-CALCIFICATION,ART-P9-SPATIAL,models.mixed_cem.folds[2].targets.calcification,64656d54e573e2ce8c626c6403e6dc295498d233dd90c4152efcd12b9240cfbf,
RPT-T13.row.69,table_row,SEC-RESULTS-WHERE,RES-P9-GRADCAM-MIXED_CEM-FOLD2-INTERNALSTRUCTURE,ART-P9-SPATIAL,models.mixed_cem.folds[2].targets.internalStructure,64656d54e573e2ce8c626c6403e6dc295498d233dd90c4152efcd12b9240cfbf,
RPT-T13.row.70,table_row,SEC-RESULTS-WHERE,RES-P9-GRADCAM-MIXED_CEM-FOLD2-LOBULATION,ART-P9-SPATIAL,models.mixed_cem.folds[2].targets.lobulation,64656d54e573e2ce8c626c6403e6dc295498d233dd90c4152efcd12b9240cfbf,
RPT-T13.row.71,table_row,SEC-RESULTS-WHERE,RES-P9-GRADCAM-MIXED_CEM-FOLD2-MALIGNANCY,ART-P9-SPATIAL,models.mixed_cem.folds[2].targets.malignancy,64656d54e573e2ce8c626c6403e6dc295498d233dd90c4152efcd12b9240cfbf,
RPT-T13.row.72,table_row,SEC-RESULTS-WHERE,RES-P9-GRADCAM-MIXED_CEM-FOLD2-MARGIN,ART-P9-SPATIAL,models.mixed_cem.folds[2].targets.margin,64656d54e573e2ce8c626c6403e6dc295498d233dd90c4152efcd12b9240cfbf,
RPT-T13.row.73,table_row,SEC-RESULTS-WHERE,RES-P9-GRADCAM-MIXED_CEM-FOLD2-SPHERICITY,ART-P9-SPATIAL,models.mixed_cem.folds[2].targets.sphericity,64656d54e573e2ce8c626c6403e6dc295498d233dd90c4152efcd12b9240cfbf,
RPT-T13.row.74,table_row,SEC-RESULTS-WHERE,RES-P9-GRADCAM-MIXED_CEM-FOLD2-SPICULATION,ART-P9-SPATIAL,models.mixed_cem.folds[2].targets.spiculation,64656d54e573e2ce8c626c6403e6dc295498d233dd90c4152efcd12b9240cfbf,
RPT-T13.row.75,table_row,SEC-RESULTS-WHERE,RES-P9-GRADCAM-MIXED_CEM-FOLD2-SUBTLETY,ART-P9-SPATIAL,models.mixed_cem.folds[2].targets.subtlety,64656d54e573e2ce8c626c6403e6dc295498d233dd90c4152efcd12b9240cfbf,
RPT-T13.row.76,table_row,SEC-RESULTS-WHERE,RES-P9-GRADCAM-MIXED_CEM-FOLD2-TEXTURE,ART-P9-SPATIAL,models.mixed_cem.folds[2].targets.texture,64656d54e573e2ce8c626c6403e6dc295498d233dd90c4152efcd12b9240cfbf,
RPT-T13.row.77,table_row,SEC-RESULTS-WHERE,RES-P9-GRADCAM-MIXED_CEM-FOLD3-CALCIFICATION,ART-P9-SPATIAL,models.mixed_cem.folds[3].targets.calcification,64656d54e573e2ce8c626c6403e6dc295498d233dd90c4152efcd12b9240cfbf,
RPT-T13.row.78,table_row,SEC-RESULTS-WHERE,RES-P9-GRADCAM-MIXED_CEM-FOLD3-INTERNALSTRUCTURE,ART-P9-SPATIAL,models.mixed_cem.folds[3].targets.internalStructure,64656d54e573e2ce8c626c6403e6dc295498d233dd90c4152efcd12b9240cfbf,
RPT-T13.row.79,table_row,SEC-RESULTS-WHERE,RES-P9-GRADCAM-MIXED_CEM-FOLD3-LOBULATION,ART-P9-SPATIAL,models.mixed_cem.folds[3].targets.lobulation,64656d54e573e2ce8c626c6403e6dc295498d233dd90c4152efcd12b9240cfbf,
RPT-T13.row.80,table_row,SEC-RESULTS-WHERE,RES-P9-GRADCAM-MIXED_CEM-FOLD3-MALIGNANCY,ART-P9-SPATIAL,models.mixed_cem.folds[3].targets.malignancy,64656d54e573e2ce8c626c6403e6dc295498d233dd90c4152efcd12b9240cfbf,
RPT-T13.row.81,table_row,SEC-RESULTS-WHERE,RES-P9-GRADCAM-MIXED_CEM-FOLD3-MARGIN,ART-P9-SPATIAL,models.mixed_cem.folds[3].targets.margin,64656d54e573e2ce8c626c6403e6dc295498d233dd90c4152efcd12b9240cfbf,
RPT-T13.row.82,table_row,SEC-RESULTS-WHERE,RES-P9-GRADCAM-MIXED_CEM-FOLD3-SPHERICITY,ART-P9-SPATIAL,models.mixed_cem.folds[3].targets.sphericity,64656d54e573e2ce8c626c6403e6dc295498d233dd90c4152efcd12b9240cfbf,
RPT-T13.row.83,table_row,SEC-RESULTS-WHERE,RES-P9-GRADCAM-MIXED_CEM-FOLD3-SPICULATION,ART-P9-SPATIAL,models.mixed_cem.folds[3].targets.spiculation,64656d54e573e2ce8c626c6403e6dc295498d233dd90c4152efcd12b9240cfbf,
RPT-T13.row.84,table_row,SEC-RESULTS-WHERE,RES-P9-GRADCAM-MIXED_CEM-FOLD3-SUBTLETY,ART-P9-SPATIAL,models.mixed_cem.folds[3].targets.subtlety,64656d54e573e2ce8c626c6403e6dc295498d233dd90c4152efcd12b9240cfbf,
RPT-T13.row.85,table_row,SEC-RESULTS-WHERE,RES-P9-GRADCAM-MIXED_CEM-FOLD3-TEXTURE,ART-P9-SPATIAL,models.mixed_cem.folds[3].targets.texture,64656d54e573e2ce8c626c6403e6dc295498d233dd90c4152efcd12b9240cfbf,
RPT-T13.row.86,table_row,SEC-RESULTS-WHERE,RES-P9-GRADCAM-MIXED_CEM-FOLD4-CALCIFICATION,ART-P9-SPATIAL,models.mixed_cem.folds[4].targets.calcification,64656d54e573e2ce8c626c6403e6dc295498d233dd90c4152efcd12b9240cfbf,
RPT-T13.row.87,table_row,SEC-RESULTS-WHERE,RES-P9-GRADCAM-MIXED_CEM-FOLD4-INTERNALSTRUCTURE,ART-P9-SPATIAL,models.mixed_cem.folds[4].targets.internalStructure,64656d54e573e2ce8c626c6403e6dc295498d233dd90c4152efcd12b9240cfbf,
RPT-T13.row.88,table_row,SEC-RESULTS-WHERE,RES-P9-GRADCAM-MIXED_CEM-FOLD4-LOBULATION,ART-P9-SPATIAL,models.mixed_cem.folds[4].targets.lobulation,64656d54e573e2ce8c626c6403e6dc295498d233dd90c4152efcd12b9240cfbf,
RPT-T13.row.89,table_row,SEC-RESULTS-WHERE,RES-P9-GRADCAM-MIXED_CEM-FOLD4-MALIGNANCY,ART-P9-SPATIAL,models.mixed_cem.folds[4].targets.malignancy,64656d54e573e2ce8c626c6403e6dc295498d233dd90c4152efcd12b9240cfbf,
RPT-T13.row.90,table_row,SEC-RESULTS-WHERE,RES-P9-GRADCAM-MIXED_CEM-FOLD4-MARGIN,ART-P9-SPATIAL,models.mixed_cem.folds[4].targets.margin,64656d54e573e2ce8c626c6403e6dc295498d233dd90c4152efcd12b9240cfbf,
RPT-T13.row.91,table_row,SEC-RESULTS-WHERE,RES-P9-GRADCAM-MIXED_CEM-FOLD4-SPHERICITY,ART-P9-SPATIAL,models.mixed_cem.folds[4].targets.sphericity,64656d54e573e2ce8c626c6403e6dc295498d233dd90c4152efcd12b9240cfbf,
RPT-T13.row.92,table_row,SEC-RESULTS-WHERE,RES-P9-GRADCAM-MIXED_CEM-FOLD4-SPICULATION,ART-P9-SPATIAL,models.mixed_cem.folds[4].targets.spiculation,64656d54e573e2ce8c626c6403e6dc295498d233dd90c4152efcd12b9240cfbf,
RPT-T13.row.93,table_row,SEC-RESULTS-WHERE,RES-P9-GRADCAM-MIXED_CEM-FOLD4-SUBTLETY,ART-P9-SPATIAL,models.mixed_cem.folds[4].targets.subtlety,64656d54e573e2ce8c626c6403e6dc295498d233dd90c4152efcd12b9240cfbf,
RPT-T13.row.94,table_row,SEC-RESULTS-WHERE,RES-P9-GRADCAM-MIXED_CEM-FOLD4-TEXTURE,ART-P9-SPATIAL,models.mixed_cem.folds[4].targets.texture,64656d54e573e2ce8c626c6403e6dc295498d233dd90c4152efcd12b9240cfbf,
RPT-T13.row.95,table_row,SEC-RESULTS-WHERE,RES-P9-GRADCAM-STANDARD_CBM-FOLD0-CALCIFICATION,ART-P9-SPATIAL,models.standard_cbm.folds[0].targets.calcification,64656d54e573e2ce8c626c6403e6dc295498d233dd90c4152efcd12b9240cfbf,
RPT-T13.row.96,table_row,SEC-RESULTS-WHERE,RES-P9-GRADCAM-STANDARD_CBM-FOLD0-INTERNALSTRUCTURE,ART-P9-SPATIAL,models.standard_cbm.folds[0].targets.internalStructure,64656d54e573e2ce8c626c6403e6dc295498d233dd90c4152efcd12b9240cfbf,
RPT-T13.row.97,table_row,SEC-RESULTS-WHERE,RES-P9-GRADCAM-STANDARD_CBM-FOLD0-LOBULATION,ART-P9-SPATIAL,models.standard_cbm.folds[0].targets.lobulation,64656d54e573e2ce8c626c6403e6dc295498d233dd90c4152efcd12b9240cfbf,
RPT-T13.row.98,table_row,SEC-RESULTS-WHERE,RES-P9-GRADCAM-STANDARD_CBM-FOLD0-MALIGNANCY,ART-P9-SPATIAL,models.standard_cbm.folds[0].targets.malignancy,64656d54e573e2ce8c626c6403e6dc295498d233dd90c4152efcd12b9240cfbf,
RPT-T13.row.99,table_row,SEC-RESULTS-WHERE,RES-P9-GRADCAM-STANDARD_CBM-FOLD0-MARGIN,ART-P9-SPATIAL,models.standard_cbm.folds[0].targets.margin,64656d54e573e2ce8c626c6403e6dc295498d233dd90c4152efcd12b9240cfbf,
RPT-T13.row.100,table_row,SEC-RESULTS-WHERE,RES-P9-GRADCAM-STANDARD_CBM-FOLD0-SPHERICITY,ART-P9-SPATIAL,models.standard_cbm.folds[0].targets.sphericity,64656d54e573e2ce8c626c6403e6dc295498d233dd90c4152efcd12b9240cfbf,
RPT-T13.row.101,table_row,SEC-RESULTS-WHERE,RES-P9-GRADCAM-STANDARD_CBM-FOLD0-SPICULATION,ART-P9-SPATIAL,models.standard_cbm.folds[0].targets.spiculation,64656d54e573e2ce8c626c6403e6dc295498d233dd90c4152efcd12b9240cfbf,
RPT-T13.row.102,table_row,SEC-RESULTS-WHERE,RES-P9-GRADCAM-STANDARD_CBM-FOLD0-SUBTLETY,ART-P9-SPATIAL,models.standard_cbm.folds[0].targets.subtlety,64656d54e573e2ce8c626c6403e6dc295498d233dd90c4152efcd12b9240cfbf,
RPT-T13.row.103,table_row,SEC-RESULTS-WHERE,RES-P9-GRADCAM-STANDARD_CBM-FOLD0-TEXTURE,ART-P9-SPATIAL,models.standard_cbm.folds[0].targets.texture,64656d54e573e2ce8c626c6403e6dc295498d233dd90c4152efcd12b9240cfbf,
RPT-T13.row.104,table_row,SEC-RESULTS-WHERE,RES-P9-GRADCAM-STANDARD_CBM-FOLD1-CALCIFICATION,ART-P9-SPATIAL,models.standard_cbm.folds[1].targets.calcification,64656d54e573e2ce8c626c6403e6dc295498d233dd90c4152efcd12b9240cfbf,
RPT-T13.row.105,table_row,SEC-RESULTS-WHERE,RES-P9-GRADCAM-STANDARD_CBM-FOLD1-INTERNALSTRUCTURE,ART-P9-SPATIAL,models.standard_cbm.folds[1].targets.internalStructure,64656d54e573e2ce8c626c6403e6dc295498d233dd90c4152efcd12b9240cfbf,
RPT-T13.row.106,table_row,SEC-RESULTS-WHERE,RES-P9-GRADCAM-STANDARD_CBM-FOLD1-LOBULATION,ART-P9-SPATIAL,models.standard_cbm.folds[1].targets.lobulation,64656d54e573e2ce8c626c6403e6dc295498d233dd90c4152efcd12b9240cfbf,
RPT-T13.row.107,table_row,SEC-RESULTS-WHERE,RES-P9-GRADCAM-STANDARD_CBM-FOLD1-MALIGNANCY,ART-P9-SPATIAL,models.standard_cbm.folds[1].targets.malignancy,64656d54e573e2ce8c626c6403e6dc295498d233dd90c4152efcd12b9240cfbf,
RPT-T13.row.108,table_row,SEC-RESULTS-WHERE,RES-P9-GRADCAM-STANDARD_CBM-FOLD1-MARGIN,ART-P9-SPATIAL,models.standard_cbm.folds[1].targets.margin,64656d54e573e2ce8c626c6403e6dc295498d233dd90c4152efcd12b9240cfbf,
RPT-T13.row.109,table_row,SEC-RESULTS-WHERE,RES-P9-GRADCAM-STANDARD_CBM-FOLD1-SPHERICITY,ART-P9-SPATIAL,models.standard_cbm.folds[1].targets.sphericity,64656d54e573e2ce8c626c6403e6dc295498d233dd90c4152efcd12b9240cfbf,
RPT-T13.row.110,table_row,SEC-RESULTS-WHERE,RES-P9-GRADCAM-STANDARD_CBM-FOLD1-SPICULATION,ART-P9-SPATIAL,models.standard_cbm.folds[1].targets.spiculation,64656d54e573e2ce8c626c6403e6dc295498d233dd90c4152efcd12b9240cfbf,
RPT-T13.row.111,table_row,SEC-RESULTS-WHERE,RES-P9-GRADCAM-STANDARD_CBM-FOLD1-SUBTLETY,ART-P9-SPATIAL,models.standard_cbm.folds[1].targets.subtlety,64656d54e573e2ce8c626c6403e6dc295498d233dd90c4152efcd12b9240cfbf,
RPT-T13.row.112,table_row,SEC-RESULTS-WHERE,RES-P9-GRADCAM-STANDARD_CBM-FOLD1-TEXTURE,ART-P9-SPATIAL,models.standard_cbm.folds[1].targets.texture,64656d54e573e2ce8c626c6403e6dc295498d233dd90c4152efcd12b9240cfbf,
RPT-T13.row.113,table_row,SEC-RESULTS-WHERE,RES-P9-GRADCAM-STANDARD_CBM-FOLD2-CALCIFICATION,ART-P9-SPATIAL,models.standard_cbm.folds[2].targets.calcification,64656d54e573e2ce8c626c6403e6dc295498d233dd90c4152efcd12b9240cfbf,
RPT-T13.row.114,table_row,SEC-RESULTS-WHERE,RES-P9-GRADCAM-STANDARD_CBM-FOLD2-INTERNALSTRUCTURE,ART-P9-SPATIAL,models.standard_cbm.folds[2].targets.internalStructure,64656d54e573e2ce8c626c6403e6dc295498d233dd90c4152efcd12b9240cfbf,
RPT-T13.row.115,table_row,SEC-RESULTS-WHERE,RES-P9-GRADCAM-STANDARD_CBM-FOLD2-LOBULATION,ART-P9-SPATIAL,models.standard_cbm.folds[2].targets.lobulation,64656d54e573e2ce8c626c6403e6dc295498d233dd90c4152efcd12b9240cfbf,
RPT-T13.row.116,table_row,SEC-RESULTS-WHERE,RES-P9-GRADCAM-STANDARD_CBM-FOLD2-MALIGNANCY,ART-P9-SPATIAL,models.standard_cbm.folds[2].targets.malignancy,64656d54e573e2ce8c626c6403e6dc295498d233dd90c4152efcd12b9240cfbf,
RPT-T13.row.117,table_row,SEC-RESULTS-WHERE,RES-P9-GRADCAM-STANDARD_CBM-FOLD2-MARGIN,ART-P9-SPATIAL,models.standard_cbm.folds[2].targets.margin,64656d54e573e2ce8c626c6403e6dc295498d233dd90c4152efcd12b9240cfbf,
RPT-T13.row.118,table_row,SEC-RESULTS-WHERE,RES-P9-GRADCAM-STANDARD_CBM-FOLD2-SPHERICITY,ART-P9-SPATIAL,models.standard_cbm.folds[2].targets.sphericity,64656d54e573e2ce8c626c6403e6dc295498d233dd90c4152efcd12b9240cfbf,
RPT-T13.row.119,table_row,SEC-RESULTS-WHERE,RES-P9-GRADCAM-STANDARD_CBM-FOLD2-SPICULATION,ART-P9-SPATIAL,models.standard_cbm.folds[2].targets.spiculation,64656d54e573e2ce8c626c6403e6dc295498d233dd90c4152efcd12b9240cfbf,
RPT-T13.row.120,table_row,SEC-RESULTS-WHERE,RES-P9-GRADCAM-STANDARD_CBM-FOLD2-SUBTLETY,ART-P9-SPATIAL,models.standard_cbm.folds[2].targets.subtlety,64656d54e573e2ce8c626c6403e6dc295498d233dd90c4152efcd12b9240cfbf,
RPT-T13.row.121,table_row,SEC-RESULTS-WHERE,RES-P9-GRADCAM-STANDARD_CBM-FOLD2-TEXTURE,ART-P9-SPATIAL,models.standard_cbm.folds[2].targets.texture,64656d54e573e2ce8c626c6403e6dc295498d233dd90c4152efcd12b9240cfbf,
RPT-T13.row.122,table_row,SEC-RESULTS-WHERE,RES-P9-GRADCAM-STANDARD_CBM-FOLD3-CALCIFICATION,ART-P9-SPATIAL,models.standard_cbm.folds[3].targets.calcification,64656d54e573e2ce8c626c6403e6dc295498d233dd90c4152efcd12b9240cfbf,
RPT-T13.row.123,table_row,SEC-RESULTS-WHERE,RES-P9-GRADCAM-STANDARD_CBM-FOLD3-INTERNALSTRUCTURE,ART-P9-SPATIAL,models.standard_cbm.folds[3].targets.internalStructure,64656d54e573e2ce8c626c6403e6dc295498d233dd90c4152efcd12b9240cfbf,
RPT-T13.row.124,table_row,SEC-RESULTS-WHERE,RES-P9-GRADCAM-STANDARD_CBM-FOLD3-LOBULATION,ART-P9-SPATIAL,models.standard_cbm.folds[3].targets.lobulation,64656d54e573e2ce8c626c6403e6dc295498d233dd90c4152efcd12b9240cfbf,
RPT-T13.row.125,table_row,SEC-RESULTS-WHERE,RES-P9-GRADCAM-STANDARD_CBM-FOLD3-MALIGNANCY,ART-P9-SPATIAL,models.standard_cbm.folds[3].targets.malignancy,64656d54e573e2ce8c626c6403e6dc295498d233dd90c4152efcd12b9240cfbf,
RPT-T13.row.126,table_row,SEC-RESULTS-WHERE,RES-P9-GRADCAM-STANDARD_CBM-FOLD3-MARGIN,ART-P9-SPATIAL,models.standard_cbm.folds[3].targets.margin,64656d54e573e2ce8c626c6403e6dc295498d233dd90c4152efcd12b9240cfbf,
RPT-T13.row.127,table_row,SEC-RESULTS-WHERE,RES-P9-GRADCAM-STANDARD_CBM-FOLD3-SPHERICITY,ART-P9-SPATIAL,models.standard_cbm.folds[3].targets.sphericity,64656d54e573e2ce8c626c6403e6dc295498d233dd90c4152efcd12b9240cfbf,
RPT-T13.row.128,table_row,SEC-RESULTS-WHERE,RES-P9-GRADCAM-STANDARD_CBM-FOLD3-SPICULATION,ART-P9-SPATIAL,models.standard_cbm.folds[3].targets.spiculation,64656d54e573e2ce8c626c6403e6dc295498d233dd90c4152efcd12b9240cfbf,
RPT-T13.row.129,table_row,SEC-RESULTS-WHERE,RES-P9-GRADCAM-STANDARD_CBM-FOLD3-SUBTLETY,ART-P9-SPATIAL,models.standard_cbm.folds[3].targets.subtlety,64656d54e573e2ce8c626c6403e6dc295498d233dd90c4152efcd12b9240cfbf,
RPT-T13.row.130,table_row,SEC-RESULTS-WHERE,RES-P9-GRADCAM-STANDARD_CBM-FOLD3-TEXTURE,ART-P9-SPATIAL,models.standard_cbm.folds[3].targets.texture,64656d54e573e2ce8c626c6403e6dc295498d233dd90c4152efcd12b9240cfbf,
RPT-T13.row.131,table_row,SEC-RESULTS-WHERE,RES-P9-GRADCAM-STANDARD_CBM-FOLD4-CALCIFICATION,ART-P9-SPATIAL,models.standard_cbm.folds[4].targets.calcification,64656d54e573e2ce8c626c6403e6dc295498d233dd90c4152efcd12b9240cfbf,
RPT-T13.row.132,table_row,SEC-RESULTS-WHERE,RES-P9-GRADCAM-STANDARD_CBM-FOLD4-INTERNALSTRUCTURE,ART-P9-SPATIAL,models.standard_cbm.folds[4].targets.internalStructure,64656d54e573e2ce8c626c6403e6dc295498d233dd90c4152efcd12b9240cfbf,
RPT-T13.row.133,table_row,SEC-RESULTS-WHERE,RES-P9-GRADCAM-STANDARD_CBM-FOLD4-LOBULATION,ART-P9-SPATIAL,models.standard_cbm.folds[4].targets.lobulation,64656d54e573e2ce8c626c6403e6dc295498d233dd90c4152efcd12b9240cfbf,
RPT-T13.row.134,table_row,SEC-RESULTS-WHERE,RES-P9-GRADCAM-STANDARD_CBM-FOLD4-MALIGNANCY,ART-P9-SPATIAL,models.standard_cbm.folds[4].targets.malignancy,64656d54e573e2ce8c626c6403e6dc295498d233dd90c4152efcd12b9240cfbf,
RPT-T13.row.135,table_row,SEC-RESULTS-WHERE,RES-P9-GRADCAM-STANDARD_CBM-FOLD4-MARGIN,ART-P9-SPATIAL,models.standard_cbm.folds[4].targets.margin,64656d54e573e2ce8c626c6403e6dc295498d233dd90c4152efcd12b9240cfbf,
RPT-T13.row.136,table_row,SEC-RESULTS-WHERE,RES-P9-GRADCAM-STANDARD_CBM-FOLD4-SPHERICITY,ART-P9-SPATIAL,models.standard_cbm.folds[4].targets.sphericity,64656d54e573e2ce8c626c6403e6dc295498d233dd90c4152efcd12b9240cfbf,
RPT-T13.row.137,table_row,SEC-RESULTS-WHERE,RES-P9-GRADCAM-STANDARD_CBM-FOLD4-SPICULATION,ART-P9-SPATIAL,models.standard_cbm.folds[4].targets.spiculation,64656d54e573e2ce8c626c6403e6dc295498d233dd90c4152efcd12b9240cfbf,
RPT-T13.row.138,table_row,SEC-RESULTS-WHERE,RES-P9-GRADCAM-STANDARD_CBM-FOLD4-SUBTLETY,ART-P9-SPATIAL,models.standard_cbm.folds[4].targets.subtlety,64656d54e573e2ce8c626c6403e6dc295498d233dd90c4152efcd12b9240cfbf,
RPT-T13.row.139,table_row,SEC-RESULTS-WHERE,RES-P9-GRADCAM-STANDARD_CBM-FOLD4-TEXTURE,ART-P9-SPATIAL,models.standard_cbm.folds[4].targets.texture,64656d54e573e2ce8c626c6403e6dc295498d233dd90c4152efcd12b9240cfbf,
RPT-T14.row.0,table_row,SEC-RESULTS-WHERE,RES-P9-FAITHFULNESS-BLACKBOX-MALIGNANCY,ART-P9-SPATIAL,models.blackbox.pooled_targets.malignancy,64656d54e573e2ce8c626c6403e6dc295498d233dd90c4152efcd12b9240cfbf,
RPT-T14.row.1,table_row,SEC-RESULTS-WHERE,RES-P9-FAITHFULNESS-BLACKBOX-MALIGNANCY,ART-P9-SPATIAL,models.blackbox.pooled_targets.malignancy,64656d54e573e2ce8c626c6403e6dc295498d233dd90c4152efcd12b9240cfbf,
RPT-T14.row.2,table_row,SEC-RESULTS-WHERE,RES-P9-FAITHFULNESS-LEARNED_SOFTMAX_GAM-MALIGNANCY,ART-P9-SPATIAL,models.learned_softmax_gam.pooled_targets.malignancy,64656d54e573e2ce8c626c6403e6dc295498d233dd90c4152efcd12b9240cfbf,
RPT-T14.row.3,table_row,SEC-RESULTS-WHERE,RES-P9-FAITHFULNESS-LEARNED_SOFTMAX_GAM-MALIGNANCY,ART-P9-SPATIAL,models.learned_softmax_gam.pooled_targets.malignancy,64656d54e573e2ce8c626c6403e6dc295498d233dd90c4152efcd12b9240cfbf,
RPT-T14.row.4,table_row,SEC-RESULTS-WHERE,RES-P9-FAITHFULNESS-MIXED_CEM-MALIGNANCY,ART-P9-SPATIAL,models.mixed_cem.pooled_targets.malignancy,64656d54e573e2ce8c626c6403e6dc295498d233dd90c4152efcd12b9240cfbf,
RPT-T14.row.5,table_row,SEC-RESULTS-WHERE,RES-P9-FAITHFULNESS-MIXED_CEM-MALIGNANCY,ART-P9-SPATIAL,models.mixed_cem.pooled_targets.malignancy,64656d54e573e2ce8c626c6403e6dc295498d233dd90c4152efcd12b9240cfbf,
RPT-T14.row.6,table_row,SEC-RESULTS-WHERE,RES-P9-FAITHFULNESS-STANDARD_CBM-MALIGNANCY,ART-P9-SPATIAL,models.standard_cbm.pooled_targets.malignancy,64656d54e573e2ce8c626c6403e6dc295498d233dd90c4152efcd12b9240cfbf,
RPT-T14.row.7,table_row,SEC-RESULTS-WHERE,RES-P9-FAITHFULNESS-STANDARD_CBM-MALIGNANCY,ART-P9-SPATIAL,models.standard_cbm.pooled_targets.malignancy,64656d54e573e2ce8c626c6403e6dc295498d233dd90c4152efcd12b9240cfbf,
RPT-F07,figure,SEC-RESULTS-WHERE,RES-P9-GRADCAM-BLACKBOX-FOLD0-MALIGNANCY,ART-P9-SPATIAL,models.blackbox.folds[0].targets.malignancy,64656d54e573e2ce8c626c6403e6dc295498d233dd90c4152efcd12b9240cfbf,
RPT-F07,figure,SEC-RESULTS-WHERE,RES-P9-GRADCAM-BLACKBOX-FOLD1-MALIGNANCY,ART-P9-SPATIAL,models.blackbox.folds[1].targets.malignancy,64656d54e573e2ce8c626c6403e6dc295498d233dd90c4152efcd12b9240cfbf,
RPT-F07,figure,SEC-RESULTS-WHERE,RES-P9-GRADCAM-BLACKBOX-FOLD2-MALIGNANCY,ART-P9-SPATIAL,models.blackbox.folds[2].targets.malignancy,64656d54e573e2ce8c626c6403e6dc295498d233dd90c4152efcd12b9240cfbf,
RPT-F07,figure,SEC-RESULTS-WHERE,RES-P9-GRADCAM-BLACKBOX-FOLD3-MALIGNANCY,ART-P9-SPATIAL,models.blackbox.folds[3].targets.malignancy,64656d54e573e2ce8c626c6403e6dc295498d233dd90c4152efcd12b9240cfbf,
RPT-F07,figure,SEC-RESULTS-WHERE,RES-P9-GRADCAM-BLACKBOX-FOLD4-MALIGNANCY,ART-P9-SPATIAL,models.blackbox.folds[4].targets.malignancy,64656d54e573e2ce8c626c6403e6dc295498d233dd90c4152efcd12b9240cfbf,
RPT-F07,figure,SEC-RESULTS-WHERE,RES-P9-GRADCAM-BLACKBOX-POOLED-MALIGNANCY,ART-P9-SPATIAL,models.blackbox.pooled_targets.malignancy,64656d54e573e2ce8c626c6403e6dc295498d233dd90c4152efcd12b9240cfbf,
RPT-F07,figure,SEC-RESULTS-WHERE,RES-P9-GRADCAM-STANDARD_CBM-FOLD0-MALIGNANCY,ART-P9-SPATIAL,models.standard_cbm.folds[0].targets.malignancy,64656d54e573e2ce8c626c6403e6dc295498d233dd90c4152efcd12b9240cfbf,
RPT-F07,figure,SEC-RESULTS-WHERE,RES-P9-GRADCAM-STANDARD_CBM-FOLD0-SUBTLETY,ART-P9-SPATIAL,models.standard_cbm.folds[0].targets.subtlety,64656d54e573e2ce8c626c6403e6dc295498d233dd90c4152efcd12b9240cfbf,
RPT-F07,figure,SEC-RESULTS-WHERE,RES-P9-GRADCAM-STANDARD_CBM-FOLD0-INTERNALSTRUCTURE,ART-P9-SPATIAL,models.standard_cbm.folds[0].targets.internalStructure,64656d54e573e2ce8c626c6403e6dc295498d233dd90c4152efcd12b9240cfbf,
RPT-F07,figure,SEC-RESULTS-WHERE,RES-P9-GRADCAM-STANDARD_CBM-FOLD0-CALCIFICATION,ART-P9-SPATIAL,models.standard_cbm.folds[0].targets.calcification,64656d54e573e2ce8c626c6403e6dc295498d233dd90c4152efcd12b9240cfbf,
RPT-F07,figure,SEC-RESULTS-WHERE,RES-P9-GRADCAM-STANDARD_CBM-FOLD0-SPHERICITY,ART-P9-SPATIAL,models.standard_cbm.folds[0].targets.sphericity,64656d54e573e2ce8c626c6403e6dc295498d233dd90c4152efcd12b9240cfbf,
RPT-F07,figure,SEC-RESULTS-WHERE,RES-P9-GRADCAM-STANDARD_CBM-FOLD0-MARGIN,ART-P9-SPATIAL,models.standard_cbm.folds[0].targets.margin,64656d54e573e2ce8c626c6403e6dc295498d233dd90c4152efcd12b9240cfbf,
RPT-F07,figure,SEC-RESULTS-WHERE,RES-P9-GRADCAM-STANDARD_CBM-FOLD0-LOBULATION,ART-P9-SPATIAL,models.standard_cbm.folds[0].targets.lobulation,64656d54e573e2ce8c626c6403e6dc295498d233dd90c4152efcd12b9240cfbf,
RPT-F07,figure,SEC-RESULTS-WHERE,RES-P9-GRADCAM-STANDARD_CBM-FOLD0-SPICULATION,ART-P9-SPATIAL,models.standard_cbm.folds[0].targets.spiculation,64656d54e573e2ce8c626c6403e6dc295498d233dd90c4152efcd12b9240cfbf,
RPT-F07,figure,SEC-RESULTS-WHERE,RES-P9-GRADCAM-STANDARD_CBM-FOLD0-TEXTURE,ART-P9-SPATIAL,models.standard_cbm.folds[0].targets.texture,64656d54e573e2ce8c626c6403e6dc295498d233dd90c4152efcd12b9240cfbf,
RPT-F07,figure,SEC-RESULTS-WHERE,RES-P9-GRADCAM-STANDARD_CBM-FOLD1-MALIGNANCY,ART-P9-SPATIAL,models.standard_cbm.folds[1].targets.malignancy,64656d54e573e2ce8c626c6403e6dc295498d233dd90c4152efcd12b9240cfbf,
RPT-F07,figure,SEC-RESULTS-WHERE,RES-P9-GRADCAM-STANDARD_CBM-FOLD1-SUBTLETY,ART-P9-SPATIAL,models.standard_cbm.folds[1].targets.subtlety,64656d54e573e2ce8c626c6403e6dc295498d233dd90c4152efcd12b9240cfbf,
RPT-F07,figure,SEC-RESULTS-WHERE,RES-P9-GRADCAM-STANDARD_CBM-FOLD1-INTERNALSTRUCTURE,ART-P9-SPATIAL,models.standard_cbm.folds[1].targets.internalStructure,64656d54e573e2ce8c626c6403e6dc295498d233dd90c4152efcd12b9240cfbf,
RPT-F07,figure,SEC-RESULTS-WHERE,RES-P9-GRADCAM-STANDARD_CBM-FOLD1-CALCIFICATION,ART-P9-SPATIAL,models.standard_cbm.folds[1].targets.calcification,64656d54e573e2ce8c626c6403e6dc295498d233dd90c4152efcd12b9240cfbf,
RPT-F07,figure,SEC-RESULTS-WHERE,RES-P9-GRADCAM-STANDARD_CBM-FOLD1-SPHERICITY,ART-P9-SPATIAL,models.standard_cbm.folds[1].targets.sphericity,64656d54e573e2ce8c626c6403e6dc295498d233dd90c4152efcd12b9240cfbf,
RPT-F07,figure,SEC-RESULTS-WHERE,RES-P9-GRADCAM-STANDARD_CBM-FOLD1-MARGIN,ART-P9-SPATIAL,models.standard_cbm.folds[1].targets.margin,64656d54e573e2ce8c626c6403e6dc295498d233dd90c4152efcd12b9240cfbf,
RPT-F07,figure,SEC-RESULTS-WHERE,RES-P9-GRADCAM-STANDARD_CBM-FOLD1-LOBULATION,ART-P9-SPATIAL,models.standard_cbm.folds[1].targets.lobulation,64656d54e573e2ce8c626c6403e6dc295498d233dd90c4152efcd12b9240cfbf,
RPT-F07,figure,SEC-RESULTS-WHERE,RES-P9-GRADCAM-STANDARD_CBM-FOLD1-SPICULATION,ART-P9-SPATIAL,models.standard_cbm.folds[1].targets.spiculation,64656d54e573e2ce8c626c6403e6dc295498d233dd90c4152efcd12b9240cfbf,
RPT-F07,figure,SEC-RESULTS-WHERE,RES-P9-GRADCAM-STANDARD_CBM-FOLD1-TEXTURE,ART-P9-SPATIAL,models.standard_cbm.folds[1].targets.texture,64656d54e573e2ce8c626c6403e6dc295498d233dd90c4152efcd12b9240cfbf,
RPT-F07,figure,SEC-RESULTS-WHERE,RES-P9-GRADCAM-STANDARD_CBM-FOLD2-MALIGNANCY,ART-P9-SPATIAL,models.standard_cbm.folds[2].targets.malignancy,64656d54e573e2ce8c626c6403e6dc295498d233dd90c4152efcd12b9240cfbf,
RPT-F07,figure,SEC-RESULTS-WHERE,RES-P9-GRADCAM-STANDARD_CBM-FOLD2-SUBTLETY,ART-P9-SPATIAL,models.standard_cbm.folds[2].targets.subtlety,64656d54e573e2ce8c626c6403e6dc295498d233dd90c4152efcd12b9240cfbf,
RPT-F07,figure,SEC-RESULTS-WHERE,RES-P9-GRADCAM-STANDARD_CBM-FOLD2-INTERNALSTRUCTURE,ART-P9-SPATIAL,models.standard_cbm.folds[2].targets.internalStructure,64656d54e573e2ce8c626c6403e6dc295498d233dd90c4152efcd12b9240cfbf,
RPT-F07,figure,SEC-RESULTS-WHERE,RES-P9-GRADCAM-STANDARD_CBM-FOLD2-CALCIFICATION,ART-P9-SPATIAL,models.standard_cbm.folds[2].targets.calcification,64656d54e573e2ce8c626c6403e6dc295498d233dd90c4152efcd12b9240cfbf,
RPT-F07,figure,SEC-RESULTS-WHERE,RES-P9-GRADCAM-STANDARD_CBM-FOLD2-SPHERICITY,ART-P9-SPATIAL,models.standard_cbm.folds[2].targets.sphericity,64656d54e573e2ce8c626c6403e6dc295498d233dd90c4152efcd12b9240cfbf,
RPT-F07,figure,SEC-RESULTS-WHERE,RES-P9-GRADCAM-STANDARD_CBM-FOLD2-MARGIN,ART-P9-SPATIAL,models.standard_cbm.folds[2].targets.margin,64656d54e573e2ce8c626c6403e6dc295498d233dd90c4152efcd12b9240cfbf,
RPT-F07,figure,SEC-RESULTS-WHERE,RES-P9-GRADCAM-STANDARD_CBM-FOLD2-LOBULATION,ART-P9-SPATIAL,models.standard_cbm.folds[2].targets.lobulation,64656d54e573e2ce8c626c6403e6dc295498d233dd90c4152efcd12b9240cfbf,
RPT-F07,figure,SEC-RESULTS-WHERE,RES-P9-GRADCAM-STANDARD_CBM-FOLD2-SPICULATION,ART-P9-SPATIAL,models.standard_cbm.folds[2].targets.spiculation,64656d54e573e2ce8c626c6403e6dc295498d233dd90c4152efcd12b9240cfbf,
RPT-F07,figure,SEC-RESULTS-WHERE,RES-P9-GRADCAM-STANDARD_CBM-FOLD2-TEXTURE,ART-P9-SPATIAL,models.standard_cbm.folds[2].targets.texture,64656d54e573e2ce8c626c6403e6dc295498d233dd90c4152efcd12b9240cfbf,
RPT-F07,figure,SEC-RESULTS-WHERE,RES-P9-GRADCAM-STANDARD_CBM-FOLD3-MALIGNANCY,ART-P9-SPATIAL,models.standard_cbm.folds[3].targets.malignancy,64656d54e573e2ce8c626c6403e6dc295498d233dd90c4152efcd12b9240cfbf,
RPT-F07,figure,SEC-RESULTS-WHERE,RES-P9-GRADCAM-STANDARD_CBM-FOLD3-SUBTLETY,ART-P9-SPATIAL,models.standard_cbm.folds[3].targets.subtlety,64656d54e573e2ce8c626c6403e6dc295498d233dd90c4152efcd12b9240cfbf,
RPT-F07,figure,SEC-RESULTS-WHERE,RES-P9-GRADCAM-STANDARD_CBM-FOLD3-INTERNALSTRUCTURE,ART-P9-SPATIAL,models.standard_cbm.folds[3].targets.internalStructure,64656d54e573e2ce8c626c6403e6dc295498d233dd90c4152efcd12b9240cfbf,
RPT-F07,figure,SEC-RESULTS-WHERE,RES-P9-GRADCAM-STANDARD_CBM-FOLD3-CALCIFICATION,ART-P9-SPATIAL,models.standard_cbm.folds[3].targets.calcification,64656d54e573e2ce8c626c6403e6dc295498d233dd90c4152efcd12b9240cfbf,
RPT-F07,figure,SEC-RESULTS-WHERE,RES-P9-GRADCAM-STANDARD_CBM-FOLD3-SPHERICITY,ART-P9-SPATIAL,models.standard_cbm.folds[3].targets.sphericity,64656d54e573e2ce8c626c6403e6dc295498d233dd90c4152efcd12b9240cfbf,
RPT-F07,figure,SEC-RESULTS-WHERE,RES-P9-GRADCAM-STANDARD_CBM-FOLD3-MARGIN,ART-P9-SPATIAL,models.standard_cbm.folds[3].targets.margin,64656d54e573e2ce8c626c6403e6dc295498d233dd90c4152efcd12b9240cfbf,
RPT-F07,figure,SEC-RESULTS-WHERE,RES-P9-GRADCAM-STANDARD_CBM-FOLD3-LOBULATION,ART-P9-SPATIAL,models.standard_cbm.folds[3].targets.lobulation,64656d54e573e2ce8c626c6403e6dc295498d233dd90c4152efcd12b9240cfbf,
RPT-F07,figure,SEC-RESULTS-WHERE,RES-P9-GRADCAM-STANDARD_CBM-FOLD3-SPICULATION,ART-P9-SPATIAL,models.standard_cbm.folds[3].targets.spiculation,64656d54e573e2ce8c626c6403e6dc295498d233dd90c4152efcd12b9240cfbf,
RPT-F07,figure,SEC-RESULTS-WHERE,RES-P9-GRADCAM-STANDARD_CBM-FOLD3-TEXTURE,ART-P9-SPATIAL,models.standard_cbm.folds[3].targets.texture,64656d54e573e2ce8c626c6403e6dc295498d233dd90c4152efcd12b9240cfbf,
RPT-F07,figure,SEC-RESULTS-WHERE,RES-P9-GRADCAM-STANDARD_CBM-FOLD4-MALIGNANCY,ART-P9-SPATIAL,models.standard_cbm.folds[4].targets.malignancy,64656d54e573e2ce8c626c6403e6dc295498d233dd90c4152efcd12b9240cfbf,
RPT-F07,figure,SEC-RESULTS-WHERE,RES-P9-GRADCAM-STANDARD_CBM-FOLD4-SUBTLETY,ART-P9-SPATIAL,models.standard_cbm.folds[4].targets.subtlety,64656d54e573e2ce8c626c6403e6dc295498d233dd90c4152efcd12b9240cfbf,
RPT-F07,figure,SEC-RESULTS-WHERE,RES-P9-GRADCAM-STANDARD_CBM-FOLD4-INTERNALSTRUCTURE,ART-P9-SPATIAL,models.standard_cbm.folds[4].targets.internalStructure,64656d54e573e2ce8c626c6403e6dc295498d233dd90c4152efcd12b9240cfbf,
RPT-F07,figure,SEC-RESULTS-WHERE,RES-P9-GRADCAM-STANDARD_CBM-FOLD4-CALCIFICATION,ART-P9-SPATIAL,models.standard_cbm.folds[4].targets.calcification,64656d54e573e2ce8c626c6403e6dc295498d233dd90c4152efcd12b9240cfbf,
RPT-F07,figure,SEC-RESULTS-WHERE,RES-P9-GRADCAM-STANDARD_CBM-FOLD4-SPHERICITY,ART-P9-SPATIAL,models.standard_cbm.folds[4].targets.sphericity,64656d54e573e2ce8c626c6403e6dc295498d233dd90c4152efcd12b9240cfbf,
RPT-F07,figure,SEC-RESULTS-WHERE,RES-P9-GRADCAM-STANDARD_CBM-FOLD4-MARGIN,ART-P9-SPATIAL,models.standard_cbm.folds[4].targets.margin,64656d54e573e2ce8c626c6403e6dc295498d233dd90c4152efcd12b9240cfbf,
RPT-F07,figure,SEC-RESULTS-WHERE,RES-P9-GRADCAM-STANDARD_CBM-FOLD4-LOBULATION,ART-P9-SPATIAL,models.standard_cbm.folds[4].targets.lobulation,64656d54e573e2ce8c626c6403e6dc295498d233dd90c4152efcd12b9240cfbf,
RPT-F07,figure,SEC-RESULTS-WHERE,RES-P9-GRADCAM-STANDARD_CBM-FOLD4-SPICULATION,ART-P9-SPATIAL,models.standard_cbm.folds[4].targets.spiculation,64656d54e573e2ce8c626c6403e6dc295498d233dd90c4152efcd12b9240cfbf,
RPT-F07,figure,SEC-RESULTS-WHERE,RES-P9-GRADCAM-STANDARD_CBM-FOLD4-TEXTURE,ART-P9-SPATIAL,models.standard_cbm.folds[4].targets.texture,64656d54e573e2ce8c626c6403e6dc295498d233dd90c4152efcd12b9240cfbf,
RPT-F07,figure,SEC-RESULTS-WHERE,RES-P9-GRADCAM-STANDARD_CBM-POOLED-MALIGNANCY,ART-P9-SPATIAL,models.standard_cbm.pooled_targets.malignancy,64656d54e573e2ce8c626c6403e6dc295498d233dd90c4152efcd12b9240cfbf,
RPT-F07,figure,SEC-RESULTS-WHERE,RES-P9-GRADCAM-STANDARD_CBM-POOLED-SUBTLETY,ART-P9-SPATIAL,models.standard_cbm.pooled_targets.subtlety,64656d54e573e2ce8c626c6403e6dc295498d233dd90c4152efcd12b9240cfbf,
RPT-F07,figure,SEC-RESULTS-WHERE,RES-P9-GRADCAM-STANDARD_CBM-POOLED-INTERNALSTRUCTURE,ART-P9-SPATIAL,models.standard_cbm.pooled_targets.internalStructure,64656d54e573e2ce8c626c6403e6dc295498d233dd90c4152efcd12b9240cfbf,
RPT-F07,figure,SEC-RESULTS-WHERE,RES-P9-GRADCAM-STANDARD_CBM-POOLED-CALCIFICATION,ART-P9-SPATIAL,models.standard_cbm.pooled_targets.calcification,64656d54e573e2ce8c626c6403e6dc295498d233dd90c4152efcd12b9240cfbf,
RPT-F07,figure,SEC-RESULTS-WHERE,RES-P9-GRADCAM-STANDARD_CBM-POOLED-SPHERICITY,ART-P9-SPATIAL,models.standard_cbm.pooled_targets.sphericity,64656d54e573e2ce8c626c6403e6dc295498d233dd90c4152efcd12b9240cfbf,
RPT-F07,figure,SEC-RESULTS-WHERE,RES-P9-GRADCAM-STANDARD_CBM-POOLED-MARGIN,ART-P9-SPATIAL,models.standard_cbm.pooled_targets.margin,64656d54e573e2ce8c626c6403e6dc295498d233dd90c4152efcd12b9240cfbf,
RPT-F07,figure,SEC-RESULTS-WHERE,RES-P9-GRADCAM-STANDARD_CBM-POOLED-LOBULATION,ART-P9-SPATIAL,models.standard_cbm.pooled_targets.lobulation,64656d54e573e2ce8c626c6403e6dc295498d233dd90c4152efcd12b9240cfbf,
RPT-F07,figure,SEC-RESULTS-WHERE,RES-P9-GRADCAM-STANDARD_CBM-POOLED-SPICULATION,ART-P9-SPATIAL,models.standard_cbm.pooled_targets.spiculation,64656d54e573e2ce8c626c6403e6dc295498d233dd90c4152efcd12b9240cfbf,
RPT-F07,figure,SEC-RESULTS-WHERE,RES-P9-GRADCAM-STANDARD_CBM-POOLED-TEXTURE,ART-P9-SPATIAL,models.standard_cbm.pooled_targets.texture,64656d54e573e2ce8c626c6403e6dc295498d233dd90c4152efcd12b9240cfbf,
RPT-F07,figure,SEC-RESULTS-WHERE,RES-P9-GRADCAM-MIXED_CEM-FOLD0-MALIGNANCY,ART-P9-SPATIAL,models.mixed_cem.folds[0].targets.malignancy,64656d54e573e2ce8c626c6403e6dc295498d233dd90c4152efcd12b9240cfbf,
RPT-F07,figure,SEC-RESULTS-WHERE,RES-P9-GRADCAM-MIXED_CEM-FOLD0-SUBTLETY,ART-P9-SPATIAL,models.mixed_cem.folds[0].targets.subtlety,64656d54e573e2ce8c626c6403e6dc295498d233dd90c4152efcd12b9240cfbf,
RPT-F07,figure,SEC-RESULTS-WHERE,RES-P9-GRADCAM-MIXED_CEM-FOLD0-INTERNALSTRUCTURE,ART-P9-SPATIAL,models.mixed_cem.folds[0].targets.internalStructure,64656d54e573e2ce8c626c6403e6dc295498d233dd90c4152efcd12b9240cfbf,
RPT-F07,figure,SEC-RESULTS-WHERE,RES-P9-GRADCAM-MIXED_CEM-FOLD0-CALCIFICATION,ART-P9-SPATIAL,models.mixed_cem.folds[0].targets.calcification,64656d54e573e2ce8c626c6403e6dc295498d233dd90c4152efcd12b9240cfbf,
RPT-F07,figure,SEC-RESULTS-WHERE,RES-P9-GRADCAM-MIXED_CEM-FOLD0-SPHERICITY,ART-P9-SPATIAL,models.mixed_cem.folds[0].targets.sphericity,64656d54e573e2ce8c626c6403e6dc295498d233dd90c4152efcd12b9240cfbf,
RPT-F07,figure,SEC-RESULTS-WHERE,RES-P9-GRADCAM-MIXED_CEM-FOLD0-MARGIN,ART-P9-SPATIAL,models.mixed_cem.folds[0].targets.margin,64656d54e573e2ce8c626c6403e6dc295498d233dd90c4152efcd12b9240cfbf,
RPT-F07,figure,SEC-RESULTS-WHERE,RES-P9-GRADCAM-MIXED_CEM-FOLD0-LOBULATION,ART-P9-SPATIAL,models.mixed_cem.folds[0].targets.lobulation,64656d54e573e2ce8c626c6403e6dc295498d233dd90c4152efcd12b9240cfbf,
RPT-F07,figure,SEC-RESULTS-WHERE,RES-P9-GRADCAM-MIXED_CEM-FOLD0-SPICULATION,ART-P9-SPATIAL,models.mixed_cem.folds[0].targets.spiculation,64656d54e573e2ce8c626c6403e6dc295498d233dd90c4152efcd12b9240cfbf,
RPT-F07,figure,SEC-RESULTS-WHERE,RES-P9-GRADCAM-MIXED_CEM-FOLD0-TEXTURE,ART-P9-SPATIAL,models.mixed_cem.folds[0].targets.texture,64656d54e573e2ce8c626c6403e6dc295498d233dd90c4152efcd12b9240cfbf,
RPT-F07,figure,SEC-RESULTS-WHERE,RES-P9-GRADCAM-MIXED_CEM-FOLD1-MALIGNANCY,ART-P9-SPATIAL,models.mixed_cem.folds[1].targets.malignancy,64656d54e573e2ce8c626c6403e6dc295498d233dd90c4152efcd12b9240cfbf,
RPT-F07,figure,SEC-RESULTS-WHERE,RES-P9-GRADCAM-MIXED_CEM-FOLD1-SUBTLETY,ART-P9-SPATIAL,models.mixed_cem.folds[1].targets.subtlety,64656d54e573e2ce8c626c6403e6dc295498d233dd90c4152efcd12b9240cfbf,
RPT-F07,figure,SEC-RESULTS-WHERE,RES-P9-GRADCAM-MIXED_CEM-FOLD1-INTERNALSTRUCTURE,ART-P9-SPATIAL,models.mixed_cem.folds[1].targets.internalStructure,64656d54e573e2ce8c626c6403e6dc295498d233dd90c4152efcd12b9240cfbf,
RPT-F07,figure,SEC-RESULTS-WHERE,RES-P9-GRADCAM-MIXED_CEM-FOLD1-CALCIFICATION,ART-P9-SPATIAL,models.mixed_cem.folds[1].targets.calcification,64656d54e573e2ce8c626c6403e6dc295498d233dd90c4152efcd12b9240cfbf,
RPT-F07,figure,SEC-RESULTS-WHERE,RES-P9-GRADCAM-MIXED_CEM-FOLD1-SPHERICITY,ART-P9-SPATIAL,models.mixed_cem.folds[1].targets.sphericity,64656d54e573e2ce8c626c6403e6dc295498d233dd90c4152efcd12b9240cfbf,
RPT-F07,figure,SEC-RESULTS-WHERE,RES-P9-GRADCAM-MIXED_CEM-FOLD1-MARGIN,ART-P9-SPATIAL,models.mixed_cem.folds[1].targets.margin,64656d54e573e2ce8c626c6403e6dc295498d233dd90c4152efcd12b9240cfbf,
RPT-F07,figure,SEC-RESULTS-WHERE,RES-P9-GRADCAM-MIXED_CEM-FOLD1-LOBULATION,ART-P9-SPATIAL,models.mixed_cem.folds[1].targets.lobulation,64656d54e573e2ce8c626c6403e6dc295498d233dd90c4152efcd12b9240cfbf,
RPT-F07,figure,SEC-RESULTS-WHERE,RES-P9-GRADCAM-MIXED_CEM-FOLD1-SPICULATION,ART-P9-SPATIAL,models.mixed_cem.folds[1].targets.spiculation,64656d54e573e2ce8c626c6403e6dc295498d233dd90c4152efcd12b9240cfbf,
RPT-F07,figure,SEC-RESULTS-WHERE,RES-P9-GRADCAM-MIXED_CEM-FOLD1-TEXTURE,ART-P9-SPATIAL,models.mixed_cem.folds[1].targets.texture,64656d54e573e2ce8c626c6403e6dc295498d233dd90c4152efcd12b9240cfbf,
RPT-F07,figure,SEC-RESULTS-WHERE,RES-P9-GRADCAM-MIXED_CEM-FOLD2-MALIGNANCY,ART-P9-SPATIAL,models.mixed_cem.folds[2].targets.malignancy,64656d54e573e2ce8c626c6403e6dc295498d233dd90c4152efcd12b9240cfbf,
RPT-F07,figure,SEC-RESULTS-WHERE,RES-P9-GRADCAM-MIXED_CEM-FOLD2-SUBTLETY,ART-P9-SPATIAL,models.mixed_cem.folds[2].targets.subtlety,64656d54e573e2ce8c626c6403e6dc295498d233dd90c4152efcd12b9240cfbf,
RPT-F07,figure,SEC-RESULTS-WHERE,RES-P9-GRADCAM-MIXED_CEM-FOLD2-INTERNALSTRUCTURE,ART-P9-SPATIAL,models.mixed_cem.folds[2].targets.internalStructure,64656d54e573e2ce8c626c6403e6dc295498d233dd90c4152efcd12b9240cfbf,
RPT-F07,figure,SEC-RESULTS-WHERE,RES-P9-GRADCAM-MIXED_CEM-FOLD2-CALCIFICATION,ART-P9-SPATIAL,models.mixed_cem.folds[2].targets.calcification,64656d54e573e2ce8c626c6403e6dc295498d233dd90c4152efcd12b9240cfbf,
RPT-F07,figure,SEC-RESULTS-WHERE,RES-P9-GRADCAM-MIXED_CEM-FOLD2-SPHERICITY,ART-P9-SPATIAL,models.mixed_cem.folds[2].targets.sphericity,64656d54e573e2ce8c626c6403e6dc295498d233dd90c4152efcd12b9240cfbf,
RPT-F07,figure,SEC-RESULTS-WHERE,RES-P9-GRADCAM-MIXED_CEM-FOLD2-MARGIN,ART-P9-SPATIAL,models.mixed_cem.folds[2].targets.margin,64656d54e573e2ce8c626c6403e6dc295498d233dd90c4152efcd12b9240cfbf,
RPT-F07,figure,SEC-RESULTS-WHERE,RES-P9-GRADCAM-MIXED_CEM-FOLD2-LOBULATION,ART-P9-SPATIAL,models.mixed_cem.folds[2].targets.lobulation,64656d54e573e2ce8c626c6403e6dc295498d233dd90c4152efcd12b9240cfbf,
RPT-F07,figure,SEC-RESULTS-WHERE,RES-P9-GRADCAM-MIXED_CEM-FOLD2-SPICULATION,ART-P9-SPATIAL,models.mixed_cem.folds[2].targets.spiculation,64656d54e573e2ce8c626c6403e6dc295498d233dd90c4152efcd12b9240cfbf,
RPT-F07,figure,SEC-RESULTS-WHERE,RES-P9-GRADCAM-MIXED_CEM-FOLD2-TEXTURE,ART-P9-SPATIAL,models.mixed_cem.folds[2].targets.texture,64656d54e573e2ce8c626c6403e6dc295498d233dd90c4152efcd12b9240cfbf,
RPT-F07,figure,SEC-RESULTS-WHERE,RES-P9-GRADCAM-MIXED_CEM-FOLD3-MALIGNANCY,ART-P9-SPATIAL,models.mixed_cem.folds[3].targets.malignancy,64656d54e573e2ce8c626c6403e6dc295498d233dd90c4152efcd12b9240cfbf,
RPT-F07,figure,SEC-RESULTS-WHERE,RES-P9-GRADCAM-MIXED_CEM-FOLD3-SUBTLETY,ART-P9-SPATIAL,models.mixed_cem.folds[3].targets.subtlety,64656d54e573e2ce8c626c6403e6dc295498d233dd90c4152efcd12b9240cfbf,
RPT-F07,figure,SEC-RESULTS-WHERE,RES-P9-GRADCAM-MIXED_CEM-FOLD3-INTERNALSTRUCTURE,ART-P9-SPATIAL,models.mixed_cem.folds[3].targets.internalStructure,64656d54e573e2ce8c626c6403e6dc295498d233dd90c4152efcd12b9240cfbf,
RPT-F07,figure,SEC-RESULTS-WHERE,RES-P9-GRADCAM-MIXED_CEM-FOLD3-CALCIFICATION,ART-P9-SPATIAL,models.mixed_cem.folds[3].targets.calcification,64656d54e573e2ce8c626c6403e6dc295498d233dd90c4152efcd12b9240cfbf,
RPT-F07,figure,SEC-RESULTS-WHERE,RES-P9-GRADCAM-MIXED_CEM-FOLD3-SPHERICITY,ART-P9-SPATIAL,models.mixed_cem.folds[3].targets.sphericity,64656d54e573e2ce8c626c6403e6dc295498d233dd90c4152efcd12b9240cfbf,
RPT-F07,figure,SEC-RESULTS-WHERE,RES-P9-GRADCAM-MIXED_CEM-FOLD3-MARGIN,ART-P9-SPATIAL,models.mixed_cem.folds[3].targets.margin,64656d54e573e2ce8c626c6403e6dc295498d233dd90c4152efcd12b9240cfbf,
RPT-F07,figure,SEC-RESULTS-WHERE,RES-P9-GRADCAM-MIXED_CEM-FOLD3-LOBULATION,ART-P9-SPATIAL,models.mixed_cem.folds[3].targets.lobulation,64656d54e573e2ce8c626c6403e6dc295498d233dd90c4152efcd12b9240cfbf,
RPT-F07,figure,SEC-RESULTS-WHERE,RES-P9-GRADCAM-MIXED_CEM-FOLD3-SPICULATION,ART-P9-SPATIAL,models.mixed_cem.folds[3].targets.spiculation,64656d54e573e2ce8c626c6403e6dc295498d233dd90c4152efcd12b9240cfbf,
RPT-F07,figure,SEC-RESULTS-WHERE,RES-P9-GRADCAM-MIXED_CEM-FOLD3-TEXTURE,ART-P9-SPATIAL,models.mixed_cem.folds[3].targets.texture,64656d54e573e2ce8c626c6403e6dc295498d233dd90c4152efcd12b9240cfbf,
RPT-F07,figure,SEC-RESULTS-WHERE,RES-P9-GRADCAM-MIXED_CEM-FOLD4-MALIGNANCY,ART-P9-SPATIAL,models.mixed_cem.folds[4].targets.malignancy,64656d54e573e2ce8c626c6403e6dc295498d233dd90c4152efcd12b9240cfbf,
RPT-F07,figure,SEC-RESULTS-WHERE,RES-P9-GRADCAM-MIXED_CEM-FOLD4-SUBTLETY,ART-P9-SPATIAL,models.mixed_cem.folds[4].targets.subtlety,64656d54e573e2ce8c626c6403e6dc295498d233dd90c4152efcd12b9240cfbf,
RPT-F07,figure,SEC-RESULTS-WHERE,RES-P9-GRADCAM-MIXED_CEM-FOLD4-INTERNALSTRUCTURE,ART-P9-SPATIAL,models.mixed_cem.folds[4].targets.internalStructure,64656d54e573e2ce8c626c6403e6dc295498d233dd90c4152efcd12b9240cfbf,
RPT-F07,figure,SEC-RESULTS-WHERE,RES-P9-GRADCAM-MIXED_CEM-FOLD4-CALCIFICATION,ART-P9-SPATIAL,models.mixed_cem.folds[4].targets.calcification,64656d54e573e2ce8c626c6403e6dc295498d233dd90c4152efcd12b9240cfbf,
RPT-F07,figure,SEC-RESULTS-WHERE,RES-P9-GRADCAM-MIXED_CEM-FOLD4-SPHERICITY,ART-P9-SPATIAL,models.mixed_cem.folds[4].targets.sphericity,64656d54e573e2ce8c626c6403e6dc295498d233dd90c4152efcd12b9240cfbf,
RPT-F07,figure,SEC-RESULTS-WHERE,RES-P9-GRADCAM-MIXED_CEM-FOLD4-MARGIN,ART-P9-SPATIAL,models.mixed_cem.folds[4].targets.margin,64656d54e573e2ce8c626c6403e6dc295498d233dd90c4152efcd12b9240cfbf,
RPT-F07,figure,SEC-RESULTS-WHERE,RES-P9-GRADCAM-MIXED_CEM-FOLD4-LOBULATION,ART-P9-SPATIAL,models.mixed_cem.folds[4].targets.lobulation,64656d54e573e2ce8c626c6403e6dc295498d233dd90c4152efcd12b9240cfbf,
RPT-F07,figure,SEC-RESULTS-WHERE,RES-P9-GRADCAM-MIXED_CEM-FOLD4-SPICULATION,ART-P9-SPATIAL,models.mixed_cem.folds[4].targets.spiculation,64656d54e573e2ce8c626c6403e6dc295498d233dd90c4152efcd12b9240cfbf,
RPT-F07,figure,SEC-RESULTS-WHERE,RES-P9-GRADCAM-MIXED_CEM-FOLD4-TEXTURE,ART-P9-SPATIAL,models.mixed_cem.folds[4].targets.texture,64656d54e573e2ce8c626c6403e6dc295498d233dd90c4152efcd12b9240cfbf,
RPT-F07,figure,SEC-RESULTS-WHERE,RES-P9-GRADCAM-MIXED_CEM-POOLED-MALIGNANCY,ART-P9-SPATIAL,models.mixed_cem.pooled_targets.malignancy,64656d54e573e2ce8c626c6403e6dc295498d233dd90c4152efcd12b9240cfbf,
RPT-F07,figure,SEC-RESULTS-WHERE,RES-P9-GRADCAM-MIXED_CEM-POOLED-SUBTLETY,ART-P9-SPATIAL,models.mixed_cem.pooled_targets.subtlety,64656d54e573e2ce8c626c6403e6dc295498d233dd90c4152efcd12b9240cfbf,
RPT-F07,figure,SEC-RESULTS-WHERE,RES-P9-GRADCAM-MIXED_CEM-POOLED-INTERNALSTRUCTURE,ART-P9-SPATIAL,models.mixed_cem.pooled_targets.internalStructure,64656d54e573e2ce8c626c6403e6dc295498d233dd90c4152efcd12b9240cfbf,
RPT-F07,figure,SEC-RESULTS-WHERE,RES-P9-GRADCAM-MIXED_CEM-POOLED-CALCIFICATION,ART-P9-SPATIAL,models.mixed_cem.pooled_targets.calcification,64656d54e573e2ce8c626c6403e6dc295498d233dd90c4152efcd12b9240cfbf,
RPT-F07,figure,SEC-RESULTS-WHERE,RES-P9-GRADCAM-MIXED_CEM-POOLED-SPHERICITY,ART-P9-SPATIAL,models.mixed_cem.pooled_targets.sphericity,64656d54e573e2ce8c626c6403e6dc295498d233dd90c4152efcd12b9240cfbf,
RPT-F07,figure,SEC-RESULTS-WHERE,RES-P9-GRADCAM-MIXED_CEM-POOLED-MARGIN,ART-P9-SPATIAL,models.mixed_cem.pooled_targets.margin,64656d54e573e2ce8c626c6403e6dc295498d233dd90c4152efcd12b9240cfbf,
RPT-F07,figure,SEC-RESULTS-WHERE,RES-P9-GRADCAM-MIXED_CEM-POOLED-LOBULATION,ART-P9-SPATIAL,models.mixed_cem.pooled_targets.lobulation,64656d54e573e2ce8c626c6403e6dc295498d233dd90c4152efcd12b9240cfbf,
RPT-F07,figure,SEC-RESULTS-WHERE,RES-P9-GRADCAM-MIXED_CEM-POOLED-SPICULATION,ART-P9-SPATIAL,models.mixed_cem.pooled_targets.spiculation,64656d54e573e2ce8c626c6403e6dc295498d233dd90c4152efcd12b9240cfbf,
RPT-F07,figure,SEC-RESULTS-WHERE,RES-P9-GRADCAM-MIXED_CEM-POOLED-TEXTURE,ART-P9-SPATIAL,models.mixed_cem.pooled_targets.texture,64656d54e573e2ce8c626c6403e6dc295498d233dd90c4152efcd12b9240cfbf,
RPT-F07,figure,SEC-RESULTS-WHERE,RES-P9-GRADCAM-LEARNED_SOFTMAX_GAM-FOLD0-MALIGNANCY,ART-P9-SPATIAL,models.learned_softmax_gam.folds[0].targets.malignancy,64656d54e573e2ce8c626c6403e6dc295498d233dd90c4152efcd12b9240cfbf,
RPT-F07,figure,SEC-RESULTS-WHERE,RES-P9-GRADCAM-LEARNED_SOFTMAX_GAM-FOLD0-SUBTLETY,ART-P9-SPATIAL,models.learned_softmax_gam.folds[0].targets.subtlety,64656d54e573e2ce8c626c6403e6dc295498d233dd90c4152efcd12b9240cfbf,
RPT-F07,figure,SEC-RESULTS-WHERE,RES-P9-GRADCAM-LEARNED_SOFTMAX_GAM-FOLD0-INTERNALSTRUCTURE,ART-P9-SPATIAL,models.learned_softmax_gam.folds[0].targets.internalStructure,64656d54e573e2ce8c626c6403e6dc295498d233dd90c4152efcd12b9240cfbf,
RPT-F07,figure,SEC-RESULTS-WHERE,RES-P9-GRADCAM-LEARNED_SOFTMAX_GAM-FOLD0-CALCIFICATION,ART-P9-SPATIAL,models.learned_softmax_gam.folds[0].targets.calcification,64656d54e573e2ce8c626c6403e6dc295498d233dd90c4152efcd12b9240cfbf,
RPT-F07,figure,SEC-RESULTS-WHERE,RES-P9-GRADCAM-LEARNED_SOFTMAX_GAM-FOLD0-SPHERICITY,ART-P9-SPATIAL,models.learned_softmax_gam.folds[0].targets.sphericity,64656d54e573e2ce8c626c6403e6dc295498d233dd90c4152efcd12b9240cfbf,
RPT-F07,figure,SEC-RESULTS-WHERE,RES-P9-GRADCAM-LEARNED_SOFTMAX_GAM-FOLD0-MARGIN,ART-P9-SPATIAL,models.learned_softmax_gam.folds[0].targets.margin,64656d54e573e2ce8c626c6403e6dc295498d233dd90c4152efcd12b9240cfbf,
RPT-F07,figure,SEC-RESULTS-WHERE,RES-P9-GRADCAM-LEARNED_SOFTMAX_GAM-FOLD0-LOBULATION,ART-P9-SPATIAL,models.learned_softmax_gam.folds[0].targets.lobulation,64656d54e573e2ce8c626c6403e6dc295498d233dd90c4152efcd12b9240cfbf,
RPT-F07,figure,SEC-RESULTS-WHERE,RES-P9-GRADCAM-LEARNED_SOFTMAX_GAM-FOLD0-SPICULATION,ART-P9-SPATIAL,models.learned_softmax_gam.folds[0].targets.spiculation,64656d54e573e2ce8c626c6403e6dc295498d233dd90c4152efcd12b9240cfbf,
RPT-F07,figure,SEC-RESULTS-WHERE,RES-P9-GRADCAM-LEARNED_SOFTMAX_GAM-FOLD0-TEXTURE,ART-P9-SPATIAL,models.learned_softmax_gam.folds[0].targets.texture,64656d54e573e2ce8c626c6403e6dc295498d233dd90c4152efcd12b9240cfbf,
RPT-F07,figure,SEC-RESULTS-WHERE,RES-P9-GRADCAM-LEARNED_SOFTMAX_GAM-FOLD1-MALIGNANCY,ART-P9-SPATIAL,models.learned_softmax_gam.folds[1].targets.malignancy,64656d54e573e2ce8c626c6403e6dc295498d233dd90c4152efcd12b9240cfbf,
RPT-F07,figure,SEC-RESULTS-WHERE,RES-P9-GRADCAM-LEARNED_SOFTMAX_GAM-FOLD1-SUBTLETY,ART-P9-SPATIAL,models.learned_softmax_gam.folds[1].targets.subtlety,64656d54e573e2ce8c626c6403e6dc295498d233dd90c4152efcd12b9240cfbf,
RPT-F07,figure,SEC-RESULTS-WHERE,RES-P9-GRADCAM-LEARNED_SOFTMAX_GAM-FOLD1-INTERNALSTRUCTURE,ART-P9-SPATIAL,models.learned_softmax_gam.folds[1].targets.internalStructure,64656d54e573e2ce8c626c6403e6dc295498d233dd90c4152efcd12b9240cfbf,
RPT-F07,figure,SEC-RESULTS-WHERE,RES-P9-GRADCAM-LEARNED_SOFTMAX_GAM-FOLD1-CALCIFICATION,ART-P9-SPATIAL,models.learned_softmax_gam.folds[1].targets.calcification,64656d54e573e2ce8c626c6403e6dc295498d233dd90c4152efcd12b9240cfbf,
RPT-F07,figure,SEC-RESULTS-WHERE,RES-P9-GRADCAM-LEARNED_SOFTMAX_GAM-FOLD1-SPHERICITY,ART-P9-SPATIAL,models.learned_softmax_gam.folds[1].targets.sphericity,64656d54e573e2ce8c626c6403e6dc295498d233dd90c4152efcd12b9240cfbf,
RPT-F07,figure,SEC-RESULTS-WHERE,RES-P9-GRADCAM-LEARNED_SOFTMAX_GAM-FOLD1-MARGIN,ART-P9-SPATIAL,models.learned_softmax_gam.folds[1].targets.margin,64656d54e573e2ce8c626c6403e6dc295498d233dd90c4152efcd12b9240cfbf,
RPT-F07,figure,SEC-RESULTS-WHERE,RES-P9-GRADCAM-LEARNED_SOFTMAX_GAM-FOLD1-LOBULATION,ART-P9-SPATIAL,models.learned_softmax_gam.folds[1].targets.lobulation,64656d54e573e2ce8c626c6403e6dc295498d233dd90c4152efcd12b9240cfbf,
RPT-F07,figure,SEC-RESULTS-WHERE,RES-P9-GRADCAM-LEARNED_SOFTMAX_GAM-FOLD1-SPICULATION,ART-P9-SPATIAL,models.learned_softmax_gam.folds[1].targets.spiculation,64656d54e573e2ce8c626c6403e6dc295498d233dd90c4152efcd12b9240cfbf,
RPT-F07,figure,SEC-RESULTS-WHERE,RES-P9-GRADCAM-LEARNED_SOFTMAX_GAM-FOLD1-TEXTURE,ART-P9-SPATIAL,models.learned_softmax_gam.folds[1].targets.texture,64656d54e573e2ce8c626c6403e6dc295498d233dd90c4152efcd12b9240cfbf,
RPT-F07,figure,SEC-RESULTS-WHERE,RES-P9-GRADCAM-LEARNED_SOFTMAX_GAM-FOLD2-MALIGNANCY,ART-P9-SPATIAL,models.learned_softmax_gam.folds[2].targets.malignancy,64656d54e573e2ce8c626c6403e6dc295498d233dd90c4152efcd12b9240cfbf,
RPT-F07,figure,SEC-RESULTS-WHERE,RES-P9-GRADCAM-LEARNED_SOFTMAX_GAM-FOLD2-SUBTLETY,ART-P9-SPATIAL,models.learned_softmax_gam.folds[2].targets.subtlety,64656d54e573e2ce8c626c6403e6dc295498d233dd90c4152efcd12b9240cfbf,
RPT-F07,figure,SEC-RESULTS-WHERE,RES-P9-GRADCAM-LEARNED_SOFTMAX_GAM-FOLD2-INTERNALSTRUCTURE,ART-P9-SPATIAL,models.learned_softmax_gam.folds[2].targets.internalStructure,64656d54e573e2ce8c626c6403e6dc295498d233dd90c4152efcd12b9240cfbf,
RPT-F07,figure,SEC-RESULTS-WHERE,RES-P9-GRADCAM-LEARNED_SOFTMAX_GAM-FOLD2-CALCIFICATION,ART-P9-SPATIAL,models.learned_softmax_gam.folds[2].targets.calcification,64656d54e573e2ce8c626c6403e6dc295498d233dd90c4152efcd12b9240cfbf,
RPT-F07,figure,SEC-RESULTS-WHERE,RES-P9-GRADCAM-LEARNED_SOFTMAX_GAM-FOLD2-SPHERICITY,ART-P9-SPATIAL,models.learned_softmax_gam.folds[2].targets.sphericity,64656d54e573e2ce8c626c6403e6dc295498d233dd90c4152efcd12b9240cfbf,
RPT-F07,figure,SEC-RESULTS-WHERE,RES-P9-GRADCAM-LEARNED_SOFTMAX_GAM-FOLD2-MARGIN,ART-P9-SPATIAL,models.learned_softmax_gam.folds[2].targets.margin,64656d54e573e2ce8c626c6403e6dc295498d233dd90c4152efcd12b9240cfbf,
RPT-F07,figure,SEC-RESULTS-WHERE,RES-P9-GRADCAM-LEARNED_SOFTMAX_GAM-FOLD2-LOBULATION,ART-P9-SPATIAL,models.learned_softmax_gam.folds[2].targets.lobulation,64656d54e573e2ce8c626c6403e6dc295498d233dd90c4152efcd12b9240cfbf,
RPT-F07,figure,SEC-RESULTS-WHERE,RES-P9-GRADCAM-LEARNED_SOFTMAX_GAM-FOLD2-SPICULATION,ART-P9-SPATIAL,models.learned_softmax_gam.folds[2].targets.spiculation,64656d54e573e2ce8c626c6403e6dc295498d233dd90c4152efcd12b9240cfbf,
RPT-F07,figure,SEC-RESULTS-WHERE,RES-P9-GRADCAM-LEARNED_SOFTMAX_GAM-FOLD2-TEXTURE,ART-P9-SPATIAL,models.learned_softmax_gam.folds[2].targets.texture,64656d54e573e2ce8c626c6403e6dc295498d233dd90c4152efcd12b9240cfbf,
RPT-F07,figure,SEC-RESULTS-WHERE,RES-P9-GRADCAM-LEARNED_SOFTMAX_GAM-FOLD3-MALIGNANCY,ART-P9-SPATIAL,models.learned_softmax_gam.folds[3].targets.malignancy,64656d54e573e2ce8c626c6403e6dc295498d233dd90c4152efcd12b9240cfbf,
RPT-F07,figure,SEC-RESULTS-WHERE,RES-P9-GRADCAM-LEARNED_SOFTMAX_GAM-FOLD3-SUBTLETY,ART-P9-SPATIAL,models.learned_softmax_gam.folds[3].targets.subtlety,64656d54e573e2ce8c626c6403e6dc295498d233dd90c4152efcd12b9240cfbf,
RPT-F07,figure,SEC-RESULTS-WHERE,RES-P9-GRADCAM-LEARNED_SOFTMAX_GAM-FOLD3-INTERNALSTRUCTURE,ART-P9-SPATIAL,models.learned_softmax_gam.folds[3].targets.internalStructure,64656d54e573e2ce8c626c6403e6dc295498d233dd90c4152efcd12b9240cfbf,
RPT-F07,figure,SEC-RESULTS-WHERE,RES-P9-GRADCAM-LEARNED_SOFTMAX_GAM-FOLD3-CALCIFICATION,ART-P9-SPATIAL,models.learned_softmax_gam.folds[3].targets.calcification,64656d54e573e2ce8c626c6403e6dc295498d233dd90c4152efcd12b9240cfbf,
RPT-F07,figure,SEC-RESULTS-WHERE,RES-P9-GRADCAM-LEARNED_SOFTMAX_GAM-FOLD3-SPHERICITY,ART-P9-SPATIAL,models.learned_softmax_gam.folds[3].targets.sphericity,64656d54e573e2ce8c626c6403e6dc295498d233dd90c4152efcd12b9240cfbf,
RPT-F07,figure,SEC-RESULTS-WHERE,RES-P9-GRADCAM-LEARNED_SOFTMAX_GAM-FOLD3-MARGIN,ART-P9-SPATIAL,models.learned_softmax_gam.folds[3].targets.margin,64656d54e573e2ce8c626c6403e6dc295498d233dd90c4152efcd12b9240cfbf,
RPT-F07,figure,SEC-RESULTS-WHERE,RES-P9-GRADCAM-LEARNED_SOFTMAX_GAM-FOLD3-LOBULATION,ART-P9-SPATIAL,models.learned_softmax_gam.folds[3].targets.lobulation,64656d54e573e2ce8c626c6403e6dc295498d233dd90c4152efcd12b9240cfbf,
RPT-F07,figure,SEC-RESULTS-WHERE,RES-P9-GRADCAM-LEARNED_SOFTMAX_GAM-FOLD3-SPICULATION,ART-P9-SPATIAL,models.learned_softmax_gam.folds[3].targets.spiculation,64656d54e573e2ce8c626c6403e6dc295498d233dd90c4152efcd12b9240cfbf,
RPT-F07,figure,SEC-RESULTS-WHERE,RES-P9-GRADCAM-LEARNED_SOFTMAX_GAM-FOLD3-TEXTURE,ART-P9-SPATIAL,models.learned_softmax_gam.folds[3].targets.texture,64656d54e573e2ce8c626c6403e6dc295498d233dd90c4152efcd12b9240cfbf,
RPT-F07,figure,SEC-RESULTS-WHERE,RES-P9-GRADCAM-LEARNED_SOFTMAX_GAM-FOLD4-MALIGNANCY,ART-P9-SPATIAL,models.learned_softmax_gam.folds[4].targets.malignancy,64656d54e573e2ce8c626c6403e6dc295498d233dd90c4152efcd12b9240cfbf,
RPT-F07,figure,SEC-RESULTS-WHERE,RES-P9-GRADCAM-LEARNED_SOFTMAX_GAM-FOLD4-SUBTLETY,ART-P9-SPATIAL,models.learned_softmax_gam.folds[4].targets.subtlety,64656d54e573e2ce8c626c6403e6dc295498d233dd90c4152efcd12b9240cfbf,
RPT-F07,figure,SEC-RESULTS-WHERE,RES-P9-GRADCAM-LEARNED_SOFTMAX_GAM-FOLD4-INTERNALSTRUCTURE,ART-P9-SPATIAL,models.learned_softmax_gam.folds[4].targets.internalStructure,64656d54e573e2ce8c626c6403e6dc295498d233dd90c4152efcd12b9240cfbf,
RPT-F07,figure,SEC-RESULTS-WHERE,RES-P9-GRADCAM-LEARNED_SOFTMAX_GAM-FOLD4-CALCIFICATION,ART-P9-SPATIAL,models.learned_softmax_gam.folds[4].targets.calcification,64656d54e573e2ce8c626c6403e6dc295498d233dd90c4152efcd12b9240cfbf,
RPT-F07,figure,SEC-RESULTS-WHERE,RES-P9-GRADCAM-LEARNED_SOFTMAX_GAM-FOLD4-SPHERICITY,ART-P9-SPATIAL,models.learned_softmax_gam.folds[4].targets.sphericity,64656d54e573e2ce8c626c6403e6dc295498d233dd90c4152efcd12b9240cfbf,
RPT-F07,figure,SEC-RESULTS-WHERE,RES-P9-GRADCAM-LEARNED_SOFTMAX_GAM-FOLD4-MARGIN,ART-P9-SPATIAL,models.learned_softmax_gam.folds[4].targets.margin,64656d54e573e2ce8c626c6403e6dc295498d233dd90c4152efcd12b9240cfbf,
RPT-F07,figure,SEC-RESULTS-WHERE,RES-P9-GRADCAM-LEARNED_SOFTMAX_GAM-FOLD4-LOBULATION,ART-P9-SPATIAL,models.learned_softmax_gam.folds[4].targets.lobulation,64656d54e573e2ce8c626c6403e6dc295498d233dd90c4152efcd12b9240cfbf,
RPT-F07,figure,SEC-RESULTS-WHERE,RES-P9-GRADCAM-LEARNED_SOFTMAX_GAM-FOLD4-SPICULATION,ART-P9-SPATIAL,models.learned_softmax_gam.folds[4].targets.spiculation,64656d54e573e2ce8c626c6403e6dc295498d233dd90c4152efcd12b9240cfbf,
RPT-F07,figure,SEC-RESULTS-WHERE,RES-P9-GRADCAM-LEARNED_SOFTMAX_GAM-FOLD4-TEXTURE,ART-P9-SPATIAL,models.learned_softmax_gam.folds[4].targets.texture,64656d54e573e2ce8c626c6403e6dc295498d233dd90c4152efcd12b9240cfbf,
RPT-F07,figure,SEC-RESULTS-WHERE,RES-P9-GRADCAM-LEARNED_SOFTMAX_GAM-POOLED-MALIGNANCY,ART-P9-SPATIAL,models.learned_softmax_gam.pooled_targets.malignancy,64656d54e573e2ce8c626c6403e6dc295498d233dd90c4152efcd12b9240cfbf,
RPT-F07,figure,SEC-RESULTS-WHERE,RES-P9-GRADCAM-LEARNED_SOFTMAX_GAM-POOLED-SUBTLETY,ART-P9-SPATIAL,models.learned_softmax_gam.pooled_targets.subtlety,64656d54e573e2ce8c626c6403e6dc295498d233dd90c4152efcd12b9240cfbf,
RPT-F07,figure,SEC-RESULTS-WHERE,RES-P9-GRADCAM-LEARNED_SOFTMAX_GAM-POOLED-INTERNALSTRUCTURE,ART-P9-SPATIAL,models.learned_softmax_gam.pooled_targets.internalStructure,64656d54e573e2ce8c626c6403e6dc295498d233dd90c4152efcd12b9240cfbf,
RPT-F07,figure,SEC-RESULTS-WHERE,RES-P9-GRADCAM-LEARNED_SOFTMAX_GAM-POOLED-CALCIFICATION,ART-P9-SPATIAL,models.learned_softmax_gam.pooled_targets.calcification,64656d54e573e2ce8c626c6403e6dc295498d233dd90c4152efcd12b9240cfbf,
RPT-F07,figure,SEC-RESULTS-WHERE,RES-P9-GRADCAM-LEARNED_SOFTMAX_GAM-POOLED-SPHERICITY,ART-P9-SPATIAL,models.learned_softmax_gam.pooled_targets.sphericity,64656d54e573e2ce8c626c6403e6dc295498d233dd90c4152efcd12b9240cfbf,
RPT-F07,figure,SEC-RESULTS-WHERE,RES-P9-GRADCAM-LEARNED_SOFTMAX_GAM-POOLED-MARGIN,ART-P9-SPATIAL,models.learned_softmax_gam.pooled_targets.margin,64656d54e573e2ce8c626c6403e6dc295498d233dd90c4152efcd12b9240cfbf,
RPT-F07,figure,SEC-RESULTS-WHERE,RES-P9-GRADCAM-LEARNED_SOFTMAX_GAM-POOLED-LOBULATION,ART-P9-SPATIAL,models.learned_softmax_gam.pooled_targets.lobulation,64656d54e573e2ce8c626c6403e6dc295498d233dd90c4152efcd12b9240cfbf,
RPT-F07,figure,SEC-RESULTS-WHERE,RES-P9-GRADCAM-LEARNED_SOFTMAX_GAM-POOLED-SPICULATION,ART-P9-SPATIAL,models.learned_softmax_gam.pooled_targets.spiculation,64656d54e573e2ce8c626c6403e6dc295498d233dd90c4152efcd12b9240cfbf,
RPT-F07,figure,SEC-RESULTS-WHERE,RES-P9-GRADCAM-LEARNED_SOFTMAX_GAM-POOLED-TEXTURE,ART-P9-SPATIAL,models.learned_softmax_gam.pooled_targets.texture,64656d54e573e2ce8c626c6403e6dc295498d233dd90c4152efcd12b9240cfbf,
RPT-F07,figure,SEC-RESULTS-WHERE,RES-P9-GRADCAM-GLOBAL-ACCOUNTING,ART-P9-SPATIAL,gradcam_accounting,64656d54e573e2ce8c626c6403e6dc295498d233dd90c4152efcd12b9240cfbf,
RPT-F07,figure,SEC-RESULTS-WHERE,RES-P9-UNDEFINED-RCA-BLACKBOX-MALIGNANCY,ART-P9-SPATIAL,models.blackbox.pooled_targets.malignancy,64656d54e573e2ce8c626c6403e6dc295498d233dd90c4152efcd12b9240cfbf,
RPT-F07,figure,SEC-RESULTS-WHERE,RES-P9-UNDEFINED-RCA-STANDARD_CBM-MALIGNANCY,ART-P9-SPATIAL,models.standard_cbm.pooled_targets.malignancy,64656d54e573e2ce8c626c6403e6dc295498d233dd90c4152efcd12b9240cfbf,
RPT-F07,figure,SEC-RESULTS-WHERE,RES-P9-UNDEFINED-RCA-STANDARD_CBM-SUBTLETY,ART-P9-SPATIAL,models.standard_cbm.pooled_targets.subtlety,64656d54e573e2ce8c626c6403e6dc295498d233dd90c4152efcd12b9240cfbf,
RPT-F07,figure,SEC-RESULTS-WHERE,RES-P9-UNDEFINED-RCA-STANDARD_CBM-INTERNALSTRUCTURE,ART-P9-SPATIAL,models.standard_cbm.pooled_targets.internalStructure,64656d54e573e2ce8c626c6403e6dc295498d233dd90c4152efcd12b9240cfbf,
RPT-F07,figure,SEC-RESULTS-WHERE,RES-P9-UNDEFINED-RCA-STANDARD_CBM-CALCIFICATION,ART-P9-SPATIAL,models.standard_cbm.pooled_targets.calcification,64656d54e573e2ce8c626c6403e6dc295498d233dd90c4152efcd12b9240cfbf,
RPT-F07,figure,SEC-RESULTS-WHERE,RES-P9-UNDEFINED-RCA-STANDARD_CBM-SPHERICITY,ART-P9-SPATIAL,models.standard_cbm.pooled_targets.sphericity,64656d54e573e2ce8c626c6403e6dc295498d233dd90c4152efcd12b9240cfbf,
RPT-F07,figure,SEC-RESULTS-WHERE,RES-P9-UNDEFINED-RCA-STANDARD_CBM-MARGIN,ART-P9-SPATIAL,models.standard_cbm.pooled_targets.margin,64656d54e573e2ce8c626c6403e6dc295498d233dd90c4152efcd12b9240cfbf,
RPT-F07,figure,SEC-RESULTS-WHERE,RES-P9-UNDEFINED-RCA-STANDARD_CBM-LOBULATION,ART-P9-SPATIAL,models.standard_cbm.pooled_targets.lobulation,64656d54e573e2ce8c626c6403e6dc295498d233dd90c4152efcd12b9240cfbf,
RPT-F07,figure,SEC-RESULTS-WHERE,RES-P9-UNDEFINED-RCA-STANDARD_CBM-SPICULATION,ART-P9-SPATIAL,models.standard_cbm.pooled_targets.spiculation,64656d54e573e2ce8c626c6403e6dc295498d233dd90c4152efcd12b9240cfbf,
RPT-F07,figure,SEC-RESULTS-WHERE,RES-P9-UNDEFINED-RCA-STANDARD_CBM-TEXTURE,ART-P9-SPATIAL,models.standard_cbm.pooled_targets.texture,64656d54e573e2ce8c626c6403e6dc295498d233dd90c4152efcd12b9240cfbf,
RPT-F07,figure,SEC-RESULTS-WHERE,RES-P9-UNDEFINED-RCA-MIXED_CEM-MALIGNANCY,ART-P9-SPATIAL,models.mixed_cem.pooled_targets.malignancy,64656d54e573e2ce8c626c6403e6dc295498d233dd90c4152efcd12b9240cfbf,
RPT-F07,figure,SEC-RESULTS-WHERE,RES-P9-UNDEFINED-RCA-MIXED_CEM-SUBTLETY,ART-P9-SPATIAL,models.mixed_cem.pooled_targets.subtlety,64656d54e573e2ce8c626c6403e6dc295498d233dd90c4152efcd12b9240cfbf,
RPT-F07,figure,SEC-RESULTS-WHERE,RES-P9-UNDEFINED-RCA-MIXED_CEM-INTERNALSTRUCTURE,ART-P9-SPATIAL,models.mixed_cem.pooled_targets.internalStructure,64656d54e573e2ce8c626c6403e6dc295498d233dd90c4152efcd12b9240cfbf,
RPT-F07,figure,SEC-RESULTS-WHERE,RES-P9-UNDEFINED-RCA-MIXED_CEM-CALCIFICATION,ART-P9-SPATIAL,models.mixed_cem.pooled_targets.calcification,64656d54e573e2ce8c626c6403e6dc295498d233dd90c4152efcd12b9240cfbf,
RPT-F07,figure,SEC-RESULTS-WHERE,RES-P9-UNDEFINED-RCA-MIXED_CEM-SPHERICITY,ART-P9-SPATIAL,models.mixed_cem.pooled_targets.sphericity,64656d54e573e2ce8c626c6403e6dc295498d233dd90c4152efcd12b9240cfbf,
RPT-F07,figure,SEC-RESULTS-WHERE,RES-P9-UNDEFINED-RCA-MIXED_CEM-MARGIN,ART-P9-SPATIAL,models.mixed_cem.pooled_targets.margin,64656d54e573e2ce8c626c6403e6dc295498d233dd90c4152efcd12b9240cfbf,
RPT-F07,figure,SEC-RESULTS-WHERE,RES-P9-UNDEFINED-RCA-MIXED_CEM-LOBULATION,ART-P9-SPATIAL,models.mixed_cem.pooled_targets.lobulation,64656d54e573e2ce8c626c6403e6dc295498d233dd90c4152efcd12b9240cfbf,
RPT-F07,figure,SEC-RESULTS-WHERE,RES-P9-UNDEFINED-RCA-MIXED_CEM-SPICULATION,ART-P9-SPATIAL,models.mixed_cem.pooled_targets.spiculation,64656d54e573e2ce8c626c6403e6dc295498d233dd90c4152efcd12b9240cfbf,
RPT-F07,figure,SEC-RESULTS-WHERE,RES-P9-UNDEFINED-RCA-MIXED_CEM-TEXTURE,ART-P9-SPATIAL,models.mixed_cem.pooled_targets.texture,64656d54e573e2ce8c626c6403e6dc295498d233dd90c4152efcd12b9240cfbf,
RPT-F07,figure,SEC-RESULTS-WHERE,RES-P9-UNDEFINED-RCA-LEARNED_SOFTMAX_GAM-MALIGNANCY,ART-P9-SPATIAL,models.learned_softmax_gam.pooled_targets.malignancy,64656d54e573e2ce8c626c6403e6dc295498d233dd90c4152efcd12b9240cfbf,
RPT-F07,figure,SEC-RESULTS-WHERE,RES-P9-UNDEFINED-RCA-LEARNED_SOFTMAX_GAM-SUBTLETY,ART-P9-SPATIAL,models.learned_softmax_gam.pooled_targets.subtlety,64656d54e573e2ce8c626c6403e6dc295498d233dd90c4152efcd12b9240cfbf,
RPT-F07,figure,SEC-RESULTS-WHERE,RES-P9-UNDEFINED-RCA-LEARNED_SOFTMAX_GAM-INTERNALSTRUCTURE,ART-P9-SPATIAL,models.learned_softmax_gam.pooled_targets.internalStructure,64656d54e573e2ce8c626c6403e6dc295498d233dd90c4152efcd12b9240cfbf,
RPT-F07,figure,SEC-RESULTS-WHERE,RES-P9-UNDEFINED-RCA-LEARNED_SOFTMAX_GAM-CALCIFICATION,ART-P9-SPATIAL,models.learned_softmax_gam.pooled_targets.calcification,64656d54e573e2ce8c626c6403e6dc295498d233dd90c4152efcd12b9240cfbf,
RPT-F07,figure,SEC-RESULTS-WHERE,RES-P9-UNDEFINED-RCA-LEARNED_SOFTMAX_GAM-SPHERICITY,ART-P9-SPATIAL,models.learned_softmax_gam.pooled_targets.sphericity,64656d54e573e2ce8c626c6403e6dc295498d233dd90c4152efcd12b9240cfbf,
RPT-F07,figure,SEC-RESULTS-WHERE,RES-P9-UNDEFINED-RCA-LEARNED_SOFTMAX_GAM-MARGIN,ART-P9-SPATIAL,models.learned_softmax_gam.pooled_targets.margin,64656d54e573e2ce8c626c6403e6dc295498d233dd90c4152efcd12b9240cfbf,
RPT-F07,figure,SEC-RESULTS-WHERE,RES-P9-UNDEFINED-RCA-LEARNED_SOFTMAX_GAM-LOBULATION,ART-P9-SPATIAL,models.learned_softmax_gam.pooled_targets.lobulation,64656d54e573e2ce8c626c6403e6dc295498d233dd90c4152efcd12b9240cfbf,
RPT-F07,figure,SEC-RESULTS-WHERE,RES-P9-UNDEFINED-RCA-LEARNED_SOFTMAX_GAM-SPICULATION,ART-P9-SPATIAL,models.learned_softmax_gam.pooled_targets.spiculation,64656d54e573e2ce8c626c6403e6dc295498d233dd90c4152efcd12b9240cfbf,
RPT-F07,figure,SEC-RESULTS-WHERE,RES-P9-UNDEFINED-RCA-LEARNED_SOFTMAX_GAM-TEXTURE,ART-P9-SPATIAL,models.learned_softmax_gam.pooled_targets.texture,64656d54e573e2ce8c626c6403e6dc295498d233dd90c4152efcd12b9240cfbf,
RPT-F07,figure,SEC-RESULTS-WHERE,RES-P10-FIGURE-RPT-F07,ART-P10-REPORT-PLAN,RPT-F07,be33c07d566914d40bd50fba65b347118e706940a64495782cf0245f7914629c,
RPT-F07,figure,SEC-RESULTS-WHERE,RES-P10-REPORT-EVIDENCE-04,ART-P10-REPORT-PLAN,SEC-RESULTS-WHERE,be33c07d566914d40bd50fba65b347118e706940a64495782cf0245f7914629c,
RPT-F08,figure,SEC-RESULTS-WHERE,RES-P9-FAITHFULNESS-BLACKBOX-MALIGNANCY,ART-P9-SPATIAL,models.blackbox.pooled_targets.malignancy,64656d54e573e2ce8c626c6403e6dc295498d233dd90c4152efcd12b9240cfbf,
RPT-F08,figure,SEC-RESULTS-WHERE,RES-P9-FAITHFULNESS-BLACKBOX-POOLED,ART-P9-SPATIAL,models.blackbox.pooled_all_targets,64656d54e573e2ce8c626c6403e6dc295498d233dd90c4152efcd12b9240cfbf,
RPT-F08,figure,SEC-RESULTS-WHERE,RES-P9-FAITHFULNESS-STANDARD_CBM-MALIGNANCY,ART-P9-SPATIAL,models.standard_cbm.pooled_targets.malignancy,64656d54e573e2ce8c626c6403e6dc295498d233dd90c4152efcd12b9240cfbf,
RPT-F08,figure,SEC-RESULTS-WHERE,RES-P9-FAITHFULNESS-STANDARD_CBM-SUBTLETY,ART-P9-SPATIAL,models.standard_cbm.pooled_targets.subtlety,64656d54e573e2ce8c626c6403e6dc295498d233dd90c4152efcd12b9240cfbf,
RPT-F08,figure,SEC-RESULTS-WHERE,RES-P9-FAITHFULNESS-STANDARD_CBM-INTERNALSTRUCTURE,ART-P9-SPATIAL,models.standard_cbm.pooled_targets.internalStructure,64656d54e573e2ce8c626c6403e6dc295498d233dd90c4152efcd12b9240cfbf,
RPT-F08,figure,SEC-RESULTS-WHERE,RES-P9-FAITHFULNESS-STANDARD_CBM-CALCIFICATION,ART-P9-SPATIAL,models.standard_cbm.pooled_targets.calcification,64656d54e573e2ce8c626c6403e6dc295498d233dd90c4152efcd12b9240cfbf,
RPT-F08,figure,SEC-RESULTS-WHERE,RES-P9-FAITHFULNESS-STANDARD_CBM-SPHERICITY,ART-P9-SPATIAL,models.standard_cbm.pooled_targets.sphericity,64656d54e573e2ce8c626c6403e6dc295498d233dd90c4152efcd12b9240cfbf,
RPT-F08,figure,SEC-RESULTS-WHERE,RES-P9-FAITHFULNESS-STANDARD_CBM-MARGIN,ART-P9-SPATIAL,models.standard_cbm.pooled_targets.margin,64656d54e573e2ce8c626c6403e6dc295498d233dd90c4152efcd12b9240cfbf,
RPT-F08,figure,SEC-RESULTS-WHERE,RES-P9-FAITHFULNESS-STANDARD_CBM-LOBULATION,ART-P9-SPATIAL,models.standard_cbm.pooled_targets.lobulation,64656d54e573e2ce8c626c6403e6dc295498d233dd90c4152efcd12b9240cfbf,
RPT-F08,figure,SEC-RESULTS-WHERE,RES-P9-FAITHFULNESS-STANDARD_CBM-SPICULATION,ART-P9-SPATIAL,models.standard_cbm.pooled_targets.spiculation,64656d54e573e2ce8c626c6403e6dc295498d233dd90c4152efcd12b9240cfbf,
RPT-F08,figure,SEC-RESULTS-WHERE,RES-P9-FAITHFULNESS-STANDARD_CBM-TEXTURE,ART-P9-SPATIAL,models.standard_cbm.pooled_targets.texture,64656d54e573e2ce8c626c6403e6dc295498d233dd90c4152efcd12b9240cfbf,
RPT-F08,figure,SEC-RESULTS-WHERE,RES-P9-FAITHFULNESS-STANDARD_CBM-POOLED,ART-P9-SPATIAL,models.standard_cbm.pooled_all_targets,64656d54e573e2ce8c626c6403e6dc295498d233dd90c4152efcd12b9240cfbf,
RPT-F08,figure,SEC-RESULTS-WHERE,RES-P9-FAITHFULNESS-MIXED_CEM-MALIGNANCY,ART-P9-SPATIAL,models.mixed_cem.pooled_targets.malignancy,64656d54e573e2ce8c626c6403e6dc295498d233dd90c4152efcd12b9240cfbf,
RPT-F08,figure,SEC-RESULTS-WHERE,RES-P9-FAITHFULNESS-MIXED_CEM-SUBTLETY,ART-P9-SPATIAL,models.mixed_cem.pooled_targets.subtlety,64656d54e573e2ce8c626c6403e6dc295498d233dd90c4152efcd12b9240cfbf,
RPT-F08,figure,SEC-RESULTS-WHERE,RES-P9-FAITHFULNESS-MIXED_CEM-INTERNALSTRUCTURE,ART-P9-SPATIAL,models.mixed_cem.pooled_targets.internalStructure,64656d54e573e2ce8c626c6403e6dc295498d233dd90c4152efcd12b9240cfbf,
RPT-F08,figure,SEC-RESULTS-WHERE,RES-P9-FAITHFULNESS-MIXED_CEM-CALCIFICATION,ART-P9-SPATIAL,models.mixed_cem.pooled_targets.calcification,64656d54e573e2ce8c626c6403e6dc295498d233dd90c4152efcd12b9240cfbf,
RPT-F08,figure,SEC-RESULTS-WHERE,RES-P9-FAITHFULNESS-MIXED_CEM-SPHERICITY,ART-P9-SPATIAL,models.mixed_cem.pooled_targets.sphericity,64656d54e573e2ce8c626c6403e6dc295498d233dd90c4152efcd12b9240cfbf,
RPT-F08,figure,SEC-RESULTS-WHERE,RES-P9-FAITHFULNESS-MIXED_CEM-MARGIN,ART-P9-SPATIAL,models.mixed_cem.pooled_targets.margin,64656d54e573e2ce8c626c6403e6dc295498d233dd90c4152efcd12b9240cfbf,
RPT-F08,figure,SEC-RESULTS-WHERE,RES-P9-FAITHFULNESS-MIXED_CEM-LOBULATION,ART-P9-SPATIAL,models.mixed_cem.pooled_targets.lobulation,64656d54e573e2ce8c626c6403e6dc295498d233dd90c4152efcd12b9240cfbf,
RPT-F08,figure,SEC-RESULTS-WHERE,RES-P9-FAITHFULNESS-MIXED_CEM-SPICULATION,ART-P9-SPATIAL,models.mixed_cem.pooled_targets.spiculation,64656d54e573e2ce8c626c6403e6dc295498d233dd90c4152efcd12b9240cfbf,
RPT-F08,figure,SEC-RESULTS-WHERE,RES-P9-FAITHFULNESS-MIXED_CEM-TEXTURE,ART-P9-SPATIAL,models.mixed_cem.pooled_targets.texture,64656d54e573e2ce8c626c6403e6dc295498d233dd90c4152efcd12b9240cfbf,
RPT-F08,figure,SEC-RESULTS-WHERE,RES-P9-FAITHFULNESS-MIXED_CEM-POOLED,ART-P9-SPATIAL,models.mixed_cem.pooled_all_targets,64656d54e573e2ce8c626c6403e6dc295498d233dd90c4152efcd12b9240cfbf,
RPT-F08,figure,SEC-RESULTS-WHERE,RES-P9-FAITHFULNESS-LEARNED_SOFTMAX_GAM-MALIGNANCY,ART-P9-SPATIAL,models.learned_softmax_gam.pooled_targets.malignancy,64656d54e573e2ce8c626c6403e6dc295498d233dd90c4152efcd12b9240cfbf,
RPT-F08,figure,SEC-RESULTS-WHERE,RES-P9-FAITHFULNESS-LEARNED_SOFTMAX_GAM-SUBTLETY,ART-P9-SPATIAL,models.learned_softmax_gam.pooled_targets.subtlety,64656d54e573e2ce8c626c6403e6dc295498d233dd90c4152efcd12b9240cfbf,
RPT-F08,figure,SEC-RESULTS-WHERE,RES-P9-FAITHFULNESS-LEARNED_SOFTMAX_GAM-INTERNALSTRUCTURE,ART-P9-SPATIAL,models.learned_softmax_gam.pooled_targets.internalStructure,64656d54e573e2ce8c626c6403e6dc295498d233dd90c4152efcd12b9240cfbf,
RPT-F08,figure,SEC-RESULTS-WHERE,RES-P9-FAITHFULNESS-LEARNED_SOFTMAX_GAM-CALCIFICATION,ART-P9-SPATIAL,models.learned_softmax_gam.pooled_targets.calcification,64656d54e573e2ce8c626c6403e6dc295498d233dd90c4152efcd12b9240cfbf,
RPT-F08,figure,SEC-RESULTS-WHERE,RES-P9-FAITHFULNESS-LEARNED_SOFTMAX_GAM-SPHERICITY,ART-P9-SPATIAL,models.learned_softmax_gam.pooled_targets.sphericity,64656d54e573e2ce8c626c6403e6dc295498d233dd90c4152efcd12b9240cfbf,
RPT-F08,figure,SEC-RESULTS-WHERE,RES-P9-FAITHFULNESS-LEARNED_SOFTMAX_GAM-MARGIN,ART-P9-SPATIAL,models.learned_softmax_gam.pooled_targets.margin,64656d54e573e2ce8c626c6403e6dc295498d233dd90c4152efcd12b9240cfbf,
RPT-F08,figure,SEC-RESULTS-WHERE,RES-P9-FAITHFULNESS-LEARNED_SOFTMAX_GAM-LOBULATION,ART-P9-SPATIAL,models.learned_softmax_gam.pooled_targets.lobulation,64656d54e573e2ce8c626c6403e6dc295498d233dd90c4152efcd12b9240cfbf,
RPT-F08,figure,SEC-RESULTS-WHERE,RES-P9-FAITHFULNESS-LEARNED_SOFTMAX_GAM-SPICULATION,ART-P9-SPATIAL,models.learned_softmax_gam.pooled_targets.spiculation,64656d54e573e2ce8c626c6403e6dc295498d233dd90c4152efcd12b9240cfbf,
RPT-F08,figure,SEC-RESULTS-WHERE,RES-P9-FAITHFULNESS-LEARNED_SOFTMAX_GAM-TEXTURE,ART-P9-SPATIAL,models.learned_softmax_gam.pooled_targets.texture,64656d54e573e2ce8c626c6403e6dc295498d233dd90c4152efcd12b9240cfbf,
RPT-F08,figure,SEC-RESULTS-WHERE,RES-P9-FAITHFULNESS-LEARNED_SOFTMAX_GAM-POOLED,ART-P9-SPATIAL,models.learned_softmax_gam.pooled_all_targets,64656d54e573e2ce8c626c6403e6dc295498d233dd90c4152efcd12b9240cfbf,
RPT-F08,figure,SEC-RESULTS-WHERE,RES-P9-FAITHFULNESS-GLOBAL,ART-P9-SPATIAL,models,64656d54e573e2ce8c626c6403e6dc295498d233dd90c4152efcd12b9240cfbf,
RPT-F08,figure,SEC-RESULTS-WHERE,RES-P10-FIGURE-RPT-F08,ART-P10-REPORT-PLAN,RPT-F08,be33c07d566914d40bd50fba65b347118e706940a64495782cf0245f7914629c,
RPT-F08,figure,SEC-RESULTS-WHERE,RES-P10-REPORT-EVIDENCE-04,ART-P10-REPORT-PLAN,SEC-RESULTS-WHERE,be33c07d566914d40bd50fba65b347118e706940a64495782cf0245f7914629c,
RPT-T11.row.0,table_row,SEC-RESULTS-WHAT,RES-P9-CONCEPT-LEARNED_SOFTMAX_GAM-LOBULATION,ART-P9-CONCEPT,learned_softmax_gam.pooled.lobulation,f0c2ee330998b4ee8b635517093ad3f08928bc7761c6e794abd9b3a25999139a,
RPT-T11.row.1,table_row,SEC-RESULTS-WHAT,RES-P9-CONCEPT-LEARNED_SOFTMAX_GAM-MARGIN,ART-P9-CONCEPT,learned_softmax_gam.pooled.margin,f0c2ee330998b4ee8b635517093ad3f08928bc7761c6e794abd9b3a25999139a,
RPT-T11.row.2,table_row,SEC-RESULTS-WHAT,RES-P9-CONCEPT-LEARNED_SOFTMAX_GAM-SPHERICITY,ART-P9-CONCEPT,learned_softmax_gam.pooled.sphericity,f0c2ee330998b4ee8b635517093ad3f08928bc7761c6e794abd9b3a25999139a,
RPT-T11.row.3,table_row,SEC-RESULTS-WHAT,RES-P9-CONCEPT-LEARNED_SOFTMAX_GAM-SPICULATION,ART-P9-CONCEPT,learned_softmax_gam.pooled.spiculation,f0c2ee330998b4ee8b635517093ad3f08928bc7761c6e794abd9b3a25999139a,
RPT-T11.row.4,table_row,SEC-RESULTS-WHAT,RES-P9-CONCEPT-LEARNED_SOFTMAX_GAM-SUBTLETY,ART-P9-CONCEPT,learned_softmax_gam.pooled.subtlety,f0c2ee330998b4ee8b635517093ad3f08928bc7761c6e794abd9b3a25999139a,
RPT-T11.row.5,table_row,SEC-RESULTS-WHAT,RES-P9-CONCEPT-LEARNED_SOFTMAX_GAM-TEXTURE,ART-P9-CONCEPT,learned_softmax_gam.pooled.texture,f0c2ee330998b4ee8b635517093ad3f08928bc7761c6e794abd9b3a25999139a,
RPT-T11.row.6,table_row,SEC-RESULTS-WHAT,RES-P9-CONCEPT-MIXED_CEM-LOBULATION,ART-P9-CONCEPT,mixed_cem.pooled.lobulation,f0c2ee330998b4ee8b635517093ad3f08928bc7761c6e794abd9b3a25999139a,
RPT-T11.row.7,table_row,SEC-RESULTS-WHAT,RES-P9-CONCEPT-MIXED_CEM-MARGIN,ART-P9-CONCEPT,mixed_cem.pooled.margin,f0c2ee330998b4ee8b635517093ad3f08928bc7761c6e794abd9b3a25999139a,
RPT-T11.row.8,table_row,SEC-RESULTS-WHAT,RES-P9-CONCEPT-MIXED_CEM-SPHERICITY,ART-P9-CONCEPT,mixed_cem.pooled.sphericity,f0c2ee330998b4ee8b635517093ad3f08928bc7761c6e794abd9b3a25999139a,
RPT-T11.row.9,table_row,SEC-RESULTS-WHAT,RES-P9-CONCEPT-MIXED_CEM-SPICULATION,ART-P9-CONCEPT,mixed_cem.pooled.spiculation,f0c2ee330998b4ee8b635517093ad3f08928bc7761c6e794abd9b3a25999139a,
RPT-T11.row.10,table_row,SEC-RESULTS-WHAT,RES-P9-CONCEPT-MIXED_CEM-SUBTLETY,ART-P9-CONCEPT,mixed_cem.pooled.subtlety,f0c2ee330998b4ee8b635517093ad3f08928bc7761c6e794abd9b3a25999139a,
RPT-T11.row.11,table_row,SEC-RESULTS-WHAT,RES-P9-CONCEPT-MIXED_CEM-TEXTURE,ART-P9-CONCEPT,mixed_cem.pooled.texture,f0c2ee330998b4ee8b635517093ad3f08928bc7761c6e794abd9b3a25999139a,
RPT-T11.row.12,table_row,SEC-RESULTS-WHAT,RES-P9-CONCEPT-STANDARD_CBM-LOBULATION,ART-P9-CONCEPT,standard_cbm.pooled.lobulation,f0c2ee330998b4ee8b635517093ad3f08928bc7761c6e794abd9b3a25999139a,
RPT-T11.row.13,table_row,SEC-RESULTS-WHAT,RES-P9-CONCEPT-STANDARD_CBM-MARGIN,ART-P9-CONCEPT,standard_cbm.pooled.margin,f0c2ee330998b4ee8b635517093ad3f08928bc7761c6e794abd9b3a25999139a,
RPT-T11.row.14,table_row,SEC-RESULTS-WHAT,RES-P9-CONCEPT-STANDARD_CBM-SPHERICITY,ART-P9-CONCEPT,standard_cbm.pooled.sphericity,f0c2ee330998b4ee8b635517093ad3f08928bc7761c6e794abd9b3a25999139a,
RPT-T11.row.15,table_row,SEC-RESULTS-WHAT,RES-P9-CONCEPT-STANDARD_CBM-SPICULATION,ART-P9-CONCEPT,standard_cbm.pooled.spiculation,f0c2ee330998b4ee8b635517093ad3f08928bc7761c6e794abd9b3a25999139a,
RPT-T11.row.16,table_row,SEC-RESULTS-WHAT,RES-P9-CONCEPT-STANDARD_CBM-SUBTLETY,ART-P9-CONCEPT,standard_cbm.pooled.subtlety,f0c2ee330998b4ee8b635517093ad3f08928bc7761c6e794abd9b3a25999139a,
RPT-T11.row.17,table_row,SEC-RESULTS-WHAT,RES-P9-CONCEPT-STANDARD_CBM-TEXTURE,ART-P9-CONCEPT,standard_cbm.pooled.texture,f0c2ee330998b4ee8b635517093ad3f08928bc7761c6e794abd9b3a25999139a,
RPT-T12.row.0,table_row,SEC-RESULTS-WHAT,RES-P9-CONCEPT-LEARNED_SOFTMAX_GAM-CALCIFICATION,ART-P9-CONCEPT,learned_softmax_gam.pooled.calcification,f0c2ee330998b4ee8b635517093ad3f08928bc7761c6e794abd9b3a25999139a,
RPT-T12.row.1,table_row,SEC-RESULTS-WHAT,RES-P9-CONCEPT-LEARNED_SOFTMAX_GAM-INTERNALSTRUCTURE,ART-P9-CONCEPT,learned_softmax_gam.pooled.internalStructure,f0c2ee330998b4ee8b635517093ad3f08928bc7761c6e794abd9b3a25999139a,
RPT-T12.row.2,table_row,SEC-RESULTS-WHAT,RES-P9-CONCEPT-MIXED_CEM-CALCIFICATION,ART-P9-CONCEPT,mixed_cem.pooled.calcification,f0c2ee330998b4ee8b635517093ad3f08928bc7761c6e794abd9b3a25999139a,
RPT-T12.row.3,table_row,SEC-RESULTS-WHAT,RES-P9-CONCEPT-MIXED_CEM-INTERNALSTRUCTURE,ART-P9-CONCEPT,mixed_cem.pooled.internalStructure,f0c2ee330998b4ee8b635517093ad3f08928bc7761c6e794abd9b3a25999139a,
RPT-T12.row.4,table_row,SEC-RESULTS-WHAT,RES-P9-CONCEPT-STANDARD_CBM-CALCIFICATION,ART-P9-CONCEPT,standard_cbm.pooled.calcification,f0c2ee330998b4ee8b635517093ad3f08928bc7761c6e794abd9b3a25999139a,
RPT-T12.row.5,table_row,SEC-RESULTS-WHAT,RES-P9-CONCEPT-STANDARD_CBM-INTERNALSTRUCTURE,ART-P9-CONCEPT,standard_cbm.pooled.internalStructure,f0c2ee330998b4ee8b635517093ad3f08928bc7761c6e794abd9b3a25999139a,
RPT-F09A,figure,SEC-RESULTS-WHAT,RES-P9-CONCEPT-STANDARD_CBM-SUBTLETY,ART-P9-CONCEPT,standard_cbm.pooled.subtlety,f0c2ee330998b4ee8b635517093ad3f08928bc7761c6e794abd9b3a25999139a,
RPT-F09A,figure,SEC-RESULTS-WHAT,RES-P9-CONCEPT-STANDARD_CBM-SPHERICITY,ART-P9-CONCEPT,standard_cbm.pooled.sphericity,f0c2ee330998b4ee8b635517093ad3f08928bc7761c6e794abd9b3a25999139a,
RPT-F09A,figure,SEC-RESULTS-WHAT,RES-P9-CONCEPT-STANDARD_CBM-MARGIN,ART-P9-CONCEPT,standard_cbm.pooled.margin,f0c2ee330998b4ee8b635517093ad3f08928bc7761c6e794abd9b3a25999139a,
RPT-F09A,figure,SEC-RESULTS-WHAT,RES-P9-CONCEPT-STANDARD_CBM-LOBULATION,ART-P9-CONCEPT,standard_cbm.pooled.lobulation,f0c2ee330998b4ee8b635517093ad3f08928bc7761c6e794abd9b3a25999139a,
RPT-F09A,figure,SEC-RESULTS-WHAT,RES-P9-CONCEPT-STANDARD_CBM-SPICULATION,ART-P9-CONCEPT,standard_cbm.pooled.spiculation,f0c2ee330998b4ee8b635517093ad3f08928bc7761c6e794abd9b3a25999139a,
RPT-F09A,figure,SEC-RESULTS-WHAT,RES-P9-CONCEPT-STANDARD_CBM-TEXTURE,ART-P9-CONCEPT,standard_cbm.pooled.texture,f0c2ee330998b4ee8b635517093ad3f08928bc7761c6e794abd9b3a25999139a,
RPT-F09A,figure,SEC-RESULTS-WHAT,RES-P9-CONCEPT-MIXED_CEM-SUBTLETY,ART-P9-CONCEPT,mixed_cem.pooled.subtlety,f0c2ee330998b4ee8b635517093ad3f08928bc7761c6e794abd9b3a25999139a,
RPT-F09A,figure,SEC-RESULTS-WHAT,RES-P9-CONCEPT-MIXED_CEM-SPHERICITY,ART-P9-CONCEPT,mixed_cem.pooled.sphericity,f0c2ee330998b4ee8b635517093ad3f08928bc7761c6e794abd9b3a25999139a,
RPT-F09A,figure,SEC-RESULTS-WHAT,RES-P9-CONCEPT-MIXED_CEM-MARGIN,ART-P9-CONCEPT,mixed_cem.pooled.margin,f0c2ee330998b4ee8b635517093ad3f08928bc7761c6e794abd9b3a25999139a,
RPT-F09A,figure,SEC-RESULTS-WHAT,RES-P9-CONCEPT-MIXED_CEM-LOBULATION,ART-P9-CONCEPT,mixed_cem.pooled.lobulation,f0c2ee330998b4ee8b635517093ad3f08928bc7761c6e794abd9b3a25999139a,
RPT-F09A,figure,SEC-RESULTS-WHAT,RES-P9-CONCEPT-MIXED_CEM-SPICULATION,ART-P9-CONCEPT,mixed_cem.pooled.spiculation,f0c2ee330998b4ee8b635517093ad3f08928bc7761c6e794abd9b3a25999139a,
RPT-F09A,figure,SEC-RESULTS-WHAT,RES-P9-CONCEPT-MIXED_CEM-TEXTURE,ART-P9-CONCEPT,mixed_cem.pooled.texture,f0c2ee330998b4ee8b635517093ad3f08928bc7761c6e794abd9b3a25999139a,
RPT-F09A,figure,SEC-RESULTS-WHAT,RES-P9-CONCEPT-LEARNED_SOFTMAX_GAM-SUBTLETY,ART-P9-CONCEPT,learned_softmax_gam.pooled.subtlety,f0c2ee330998b4ee8b635517093ad3f08928bc7761c6e794abd9b3a25999139a,
RPT-F09A,figure,SEC-RESULTS-WHAT,RES-P9-CONCEPT-LEARNED_SOFTMAX_GAM-SPHERICITY,ART-P9-CONCEPT,learned_softmax_gam.pooled.sphericity,f0c2ee330998b4ee8b635517093ad3f08928bc7761c6e794abd9b3a25999139a,
RPT-F09A,figure,SEC-RESULTS-WHAT,RES-P9-CONCEPT-LEARNED_SOFTMAX_GAM-MARGIN,ART-P9-CONCEPT,learned_softmax_gam.pooled.margin,f0c2ee330998b4ee8b635517093ad3f08928bc7761c6e794abd9b3a25999139a,
RPT-F09A,figure,SEC-RESULTS-WHAT,RES-P9-CONCEPT-LEARNED_SOFTMAX_GAM-LOBULATION,ART-P9-CONCEPT,learned_softmax_gam.pooled.lobulation,f0c2ee330998b4ee8b635517093ad3f08928bc7761c6e794abd9b3a25999139a,
RPT-F09A,figure,SEC-RESULTS-WHAT,RES-P9-CONCEPT-LEARNED_SOFTMAX_GAM-SPICULATION,ART-P9-CONCEPT,learned_softmax_gam.pooled.spiculation,f0c2ee330998b4ee8b635517093ad3f08928bc7761c6e794abd9b3a25999139a,
RPT-F09A,figure,SEC-RESULTS-WHAT,RES-P9-CONCEPT-LEARNED_SOFTMAX_GAM-TEXTURE,ART-P9-CONCEPT,learned_softmax_gam.pooled.texture,f0c2ee330998b4ee8b635517093ad3f08928bc7761c6e794abd9b3a25999139a,
RPT-F09A,figure,SEC-RESULTS-WHAT,RES-P10-FIGURE-RPT-F09A,ART-P10-REPORT-PLAN,RPT-F09A,be33c07d566914d40bd50fba65b347118e706940a64495782cf0245f7914629c,
RPT-F09A,figure,SEC-RESULTS-WHAT,RES-P10-REPORT-EVIDENCE-05,ART-P10-REPORT-PLAN,SEC-RESULTS-WHAT,be33c07d566914d40bd50fba65b347118e706940a64495782cf0245f7914629c,
RPT-F09B,figure,SEC-RESULTS-WHAT,RES-P9-CONCEPT-STANDARD_CBM-INTERNALSTRUCTURE,ART-P9-CONCEPT,standard_cbm.pooled.internalStructure,f0c2ee330998b4ee8b635517093ad3f08928bc7761c6e794abd9b3a25999139a,
RPT-F09B,figure,SEC-RESULTS-WHAT,RES-P9-CONCEPT-STANDARD_CBM-CALCIFICATION,ART-P9-CONCEPT,standard_cbm.pooled.calcification,f0c2ee330998b4ee8b635517093ad3f08928bc7761c6e794abd9b3a25999139a,
RPT-F09B,figure,SEC-RESULTS-WHAT,RES-P9-CONCEPT-MIXED_CEM-INTERNALSTRUCTURE,ART-P9-CONCEPT,mixed_cem.pooled.internalStructure,f0c2ee330998b4ee8b635517093ad3f08928bc7761c6e794abd9b3a25999139a,
RPT-F09B,figure,SEC-RESULTS-WHAT,RES-P9-CONCEPT-MIXED_CEM-CALCIFICATION,ART-P9-CONCEPT,mixed_cem.pooled.calcification,f0c2ee330998b4ee8b635517093ad3f08928bc7761c6e794abd9b3a25999139a,
RPT-F09B,figure,SEC-RESULTS-WHAT,RES-P9-CONCEPT-LEARNED_SOFTMAX_GAM-INTERNALSTRUCTURE,ART-P9-CONCEPT,learned_softmax_gam.pooled.internalStructure,f0c2ee330998b4ee8b635517093ad3f08928bc7761c6e794abd9b3a25999139a,
RPT-F09B,figure,SEC-RESULTS-WHAT,RES-P9-CONCEPT-LEARNED_SOFTMAX_GAM-CALCIFICATION,ART-P9-CONCEPT,learned_softmax_gam.pooled.calcification,f0c2ee330998b4ee8b635517093ad3f08928bc7761c6e794abd9b3a25999139a,
RPT-F09B,figure,SEC-RESULTS-WHAT,RES-P10-FIGURE-RPT-F09B,ART-P10-REPORT-PLAN,RPT-F09B,be33c07d566914d40bd50fba65b347118e706940a64495782cf0245f7914629c,
RPT-F09B,figure,SEC-RESULTS-WHAT,RES-P10-REPORT-EVIDENCE-05,ART-P10-REPORT-PLAN,SEC-RESULTS-WHAT,be33c07d566914d40bd50fba65b347118e706940a64495782cf0245f7914629c,
RPT-T15.row.0,table_row,SEC-RESULTS-WHY,RES-P9-CONTRIBUTION-STANDARD_CBM-CALCIFICATION,ART-P9-CONTRIBUTION-CENTERING,standard_cbm,142356fe50bfbbfdc9592e85e456123de3a6449d11a57aa15ab47f8841993690,
RPT-T15.row.1,table_row,SEC-RESULTS-WHY,RES-P9-CONTRIBUTION-STANDARD_CBM-TEXTURE,ART-P9-CONTRIBUTION-CENTERING,standard_cbm,142356fe50bfbbfdc9592e85e456123de3a6449d11a57aa15ab47f8841993690,
RPT-T15.row.2,table_row,SEC-RESULTS-WHY,RES-P9-CONTRIBUTION-MIXED_CEM-INTERNALSTRUCTURE,ART-P9-CONTRIBUTION-CENTERING,mixed_cem,142356fe50bfbbfdc9592e85e456123de3a6449d11a57aa15ab47f8841993690,
RPT-T15.row.3,table_row,SEC-RESULTS-WHY,RES-P9-CONTRIBUTION-MIXED_CEM-TEXTURE,ART-P9-CONTRIBUTION-CENTERING,mixed_cem,142356fe50bfbbfdc9592e85e456123de3a6449d11a57aa15ab47f8841993690,
RPT-T15.row.4,table_row,SEC-RESULTS-WHY,RES-P9-CONTRIBUTION-LEARNED_SOFTMAX_GAM-CALCIFICATION,ART-P9-CONTRIBUTION-CENTERING,learned_softmax_gam,142356fe50bfbbfdc9592e85e456123de3a6449d11a57aa15ab47f8841993690,
RPT-T15.row.5,table_row,SEC-RESULTS-WHY,RES-P9-CONTRIBUTION-LEARNED_SOFTMAX_GAM-LOBULATION,ART-P9-CONTRIBUTION-CENTERING,learned_softmax_gam,142356fe50bfbbfdc9592e85e456123de3a6449d11a57aa15ab47f8841993690,
RPT-T16.row.0,table_row,SEC-RESULTS-WHY,RES-P9-GAM-ALPHA-FOLD0-CALCIFICATION,ART-P9-LEARNED-ALPHA,folds[0].groups.calcification,7bd0f18673a07bafddcca03b919dd00f13ae5e1d674f8570e0af5f4207c1af9d,
RPT-T16.row.1,table_row,SEC-RESULTS-WHY,RES-P9-GAM-ALPHA-FOLD0-INTERNALSTRUCTURE,ART-P9-LEARNED-ALPHA,folds[0].groups.internalStructure,7bd0f18673a07bafddcca03b919dd00f13ae5e1d674f8570e0af5f4207c1af9d,
RPT-T16.row.2,table_row,SEC-RESULTS-WHY,RES-P9-GAM-ALPHA-FOLD0-LOBULATION,ART-P9-LEARNED-ALPHA,folds[0].groups.lobulation,7bd0f18673a07bafddcca03b919dd00f13ae5e1d674f8570e0af5f4207c1af9d,
RPT-T16.row.3,table_row,SEC-RESULTS-WHY,RES-P9-GAM-ALPHA-FOLD0-MARGIN,ART-P9-LEARNED-ALPHA,folds[0].groups.margin,7bd0f18673a07bafddcca03b919dd00f13ae5e1d674f8570e0af5f4207c1af9d,
RPT-T16.row.4,table_row,SEC-RESULTS-WHY,RES-P9-GAM-ALPHA-FOLD0-SPHERICITY,ART-P9-LEARNED-ALPHA,folds[0].groups.sphericity,7bd0f18673a07bafddcca03b919dd00f13ae5e1d674f8570e0af5f4207c1af9d,
RPT-T16.row.5,table_row,SEC-RESULTS-WHY,RES-P9-GAM-ALPHA-FOLD0-SPICULATION,ART-P9-LEARNED-ALPHA,folds[0].groups.spiculation,7bd0f18673a07bafddcca03b919dd00f13ae5e1d674f8570e0af5f4207c1af9d,
RPT-T16.row.6,table_row,SEC-RESULTS-WHY,RES-P9-GAM-ALPHA-FOLD0-SUBTLETY,ART-P9-LEARNED-ALPHA,folds[0].groups.subtlety,7bd0f18673a07bafddcca03b919dd00f13ae5e1d674f8570e0af5f4207c1af9d,
RPT-T16.row.7,table_row,SEC-RESULTS-WHY,RES-P9-GAM-ALPHA-FOLD0-TEXTURE,ART-P9-LEARNED-ALPHA,folds[0].groups.texture,7bd0f18673a07bafddcca03b919dd00f13ae5e1d674f8570e0af5f4207c1af9d,
RPT-T16.row.8,table_row,SEC-RESULTS-WHY,RES-P9-GAM-ALPHA-FOLD1-CALCIFICATION,ART-P9-LEARNED-ALPHA,folds[1].groups.calcification,7bd0f18673a07bafddcca03b919dd00f13ae5e1d674f8570e0af5f4207c1af9d,
RPT-T16.row.9,table_row,SEC-RESULTS-WHY,RES-P9-GAM-ALPHA-FOLD1-INTERNALSTRUCTURE,ART-P9-LEARNED-ALPHA,folds[1].groups.internalStructure,7bd0f18673a07bafddcca03b919dd00f13ae5e1d674f8570e0af5f4207c1af9d,
RPT-T16.row.10,table_row,SEC-RESULTS-WHY,RES-P9-GAM-ALPHA-FOLD1-LOBULATION,ART-P9-LEARNED-ALPHA,folds[1].groups.lobulation,7bd0f18673a07bafddcca03b919dd00f13ae5e1d674f8570e0af5f4207c1af9d,
RPT-T16.row.11,table_row,SEC-RESULTS-WHY,RES-P9-GAM-ALPHA-FOLD1-MARGIN,ART-P9-LEARNED-ALPHA,folds[1].groups.margin,7bd0f18673a07bafddcca03b919dd00f13ae5e1d674f8570e0af5f4207c1af9d,
RPT-T16.row.12,table_row,SEC-RESULTS-WHY,RES-P9-GAM-ALPHA-FOLD1-SPHERICITY,ART-P9-LEARNED-ALPHA,folds[1].groups.sphericity,7bd0f18673a07bafddcca03b919dd00f13ae5e1d674f8570e0af5f4207c1af9d,
RPT-T16.row.13,table_row,SEC-RESULTS-WHY,RES-P9-GAM-ALPHA-FOLD1-SPICULATION,ART-P9-LEARNED-ALPHA,folds[1].groups.spiculation,7bd0f18673a07bafddcca03b919dd00f13ae5e1d674f8570e0af5f4207c1af9d,
RPT-T16.row.14,table_row,SEC-RESULTS-WHY,RES-P9-GAM-ALPHA-FOLD1-SUBTLETY,ART-P9-LEARNED-ALPHA,folds[1].groups.subtlety,7bd0f18673a07bafddcca03b919dd00f13ae5e1d674f8570e0af5f4207c1af9d,
RPT-T16.row.15,table_row,SEC-RESULTS-WHY,RES-P9-GAM-ALPHA-FOLD1-TEXTURE,ART-P9-LEARNED-ALPHA,folds[1].groups.texture,7bd0f18673a07bafddcca03b919dd00f13ae5e1d674f8570e0af5f4207c1af9d,
RPT-T16.row.16,table_row,SEC-RESULTS-WHY,RES-P9-GAM-ALPHA-FOLD2-CALCIFICATION,ART-P9-LEARNED-ALPHA,folds[2].groups.calcification,7bd0f18673a07bafddcca03b919dd00f13ae5e1d674f8570e0af5f4207c1af9d,
RPT-T16.row.17,table_row,SEC-RESULTS-WHY,RES-P9-GAM-ALPHA-FOLD2-INTERNALSTRUCTURE,ART-P9-LEARNED-ALPHA,folds[2].groups.internalStructure,7bd0f18673a07bafddcca03b919dd00f13ae5e1d674f8570e0af5f4207c1af9d,
RPT-T16.row.18,table_row,SEC-RESULTS-WHY,RES-P9-GAM-ALPHA-FOLD2-LOBULATION,ART-P9-LEARNED-ALPHA,folds[2].groups.lobulation,7bd0f18673a07bafddcca03b919dd00f13ae5e1d674f8570e0af5f4207c1af9d,
RPT-T16.row.19,table_row,SEC-RESULTS-WHY,RES-P9-GAM-ALPHA-FOLD2-MARGIN,ART-P9-LEARNED-ALPHA,folds[2].groups.margin,7bd0f18673a07bafddcca03b919dd00f13ae5e1d674f8570e0af5f4207c1af9d,
RPT-T16.row.20,table_row,SEC-RESULTS-WHY,RES-P9-GAM-ALPHA-FOLD2-SPHERICITY,ART-P9-LEARNED-ALPHA,folds[2].groups.sphericity,7bd0f18673a07bafddcca03b919dd00f13ae5e1d674f8570e0af5f4207c1af9d,
RPT-T16.row.21,table_row,SEC-RESULTS-WHY,RES-P9-GAM-ALPHA-FOLD2-SPICULATION,ART-P9-LEARNED-ALPHA,folds[2].groups.spiculation,7bd0f18673a07bafddcca03b919dd00f13ae5e1d674f8570e0af5f4207c1af9d,
RPT-T16.row.22,table_row,SEC-RESULTS-WHY,RES-P9-GAM-ALPHA-FOLD2-SUBTLETY,ART-P9-LEARNED-ALPHA,folds[2].groups.subtlety,7bd0f18673a07bafddcca03b919dd00f13ae5e1d674f8570e0af5f4207c1af9d,
RPT-T16.row.23,table_row,SEC-RESULTS-WHY,RES-P9-GAM-ALPHA-FOLD2-TEXTURE,ART-P9-LEARNED-ALPHA,folds[2].groups.texture,7bd0f18673a07bafddcca03b919dd00f13ae5e1d674f8570e0af5f4207c1af9d,
RPT-T16.row.24,table_row,SEC-RESULTS-WHY,RES-P9-GAM-ALPHA-FOLD3-CALCIFICATION,ART-P9-LEARNED-ALPHA,folds[3].groups.calcification,7bd0f18673a07bafddcca03b919dd00f13ae5e1d674f8570e0af5f4207c1af9d,
RPT-T16.row.25,table_row,SEC-RESULTS-WHY,RES-P9-GAM-ALPHA-FOLD3-INTERNALSTRUCTURE,ART-P9-LEARNED-ALPHA,folds[3].groups.internalStructure,7bd0f18673a07bafddcca03b919dd00f13ae5e1d674f8570e0af5f4207c1af9d,
RPT-T16.row.26,table_row,SEC-RESULTS-WHY,RES-P9-GAM-ALPHA-FOLD3-LOBULATION,ART-P9-LEARNED-ALPHA,folds[3].groups.lobulation,7bd0f18673a07bafddcca03b919dd00f13ae5e1d674f8570e0af5f4207c1af9d,
RPT-T16.row.27,table_row,SEC-RESULTS-WHY,RES-P9-GAM-ALPHA-FOLD3-MARGIN,ART-P9-LEARNED-ALPHA,folds[3].groups.margin,7bd0f18673a07bafddcca03b919dd00f13ae5e1d674f8570e0af5f4207c1af9d,
RPT-T16.row.28,table_row,SEC-RESULTS-WHY,RES-P9-GAM-ALPHA-FOLD3-SPHERICITY,ART-P9-LEARNED-ALPHA,folds[3].groups.sphericity,7bd0f18673a07bafddcca03b919dd00f13ae5e1d674f8570e0af5f4207c1af9d,
RPT-T16.row.29,table_row,SEC-RESULTS-WHY,RES-P9-GAM-ALPHA-FOLD3-SPICULATION,ART-P9-LEARNED-ALPHA,folds[3].groups.spiculation,7bd0f18673a07bafddcca03b919dd00f13ae5e1d674f8570e0af5f4207c1af9d,
RPT-T16.row.30,table_row,SEC-RESULTS-WHY,RES-P9-GAM-ALPHA-FOLD3-SUBTLETY,ART-P9-LEARNED-ALPHA,folds[3].groups.subtlety,7bd0f18673a07bafddcca03b919dd00f13ae5e1d674f8570e0af5f4207c1af9d,
RPT-T16.row.31,table_row,SEC-RESULTS-WHY,RES-P9-GAM-ALPHA-FOLD3-TEXTURE,ART-P9-LEARNED-ALPHA,folds[3].groups.texture,7bd0f18673a07bafddcca03b919dd00f13ae5e1d674f8570e0af5f4207c1af9d,
RPT-T16.row.32,table_row,SEC-RESULTS-WHY,RES-P9-GAM-ALPHA-FOLD4-CALCIFICATION,ART-P9-LEARNED-ALPHA,folds[4].groups.calcification,7bd0f18673a07bafddcca03b919dd00f13ae5e1d674f8570e0af5f4207c1af9d,
RPT-T16.row.33,table_row,SEC-RESULTS-WHY,RES-P9-GAM-ALPHA-FOLD4-INTERNALSTRUCTURE,ART-P9-LEARNED-ALPHA,folds[4].groups.internalStructure,7bd0f18673a07bafddcca03b919dd00f13ae5e1d674f8570e0af5f4207c1af9d,
RPT-T16.row.34,table_row,SEC-RESULTS-WHY,RES-P9-GAM-ALPHA-FOLD4-LOBULATION,ART-P9-LEARNED-ALPHA,folds[4].groups.lobulation,7bd0f18673a07bafddcca03b919dd00f13ae5e1d674f8570e0af5f4207c1af9d,
RPT-T16.row.35,table_row,SEC-RESULTS-WHY,RES-P9-GAM-ALPHA-FOLD4-MARGIN,ART-P9-LEARNED-ALPHA,folds[4].groups.margin,7bd0f18673a07bafddcca03b919dd00f13ae5e1d674f8570e0af5f4207c1af9d,
RPT-T16.row.36,table_row,SEC-RESULTS-WHY,RES-P9-GAM-ALPHA-FOLD4-SPHERICITY,ART-P9-LEARNED-ALPHA,folds[4].groups.sphericity,7bd0f18673a07bafddcca03b919dd00f13ae5e1d674f8570e0af5f4207c1af9d,
RPT-T16.row.37,table_row,SEC-RESULTS-WHY,RES-P9-GAM-ALPHA-FOLD4-SPICULATION,ART-P9-LEARNED-ALPHA,folds[4].groups.spiculation,7bd0f18673a07bafddcca03b919dd00f13ae5e1d674f8570e0af5f4207c1af9d,
RPT-T16.row.38,table_row,SEC-RESULTS-WHY,RES-P9-GAM-ALPHA-FOLD4-SUBTLETY,ART-P9-LEARNED-ALPHA,folds[4].groups.subtlety,7bd0f18673a07bafddcca03b919dd00f13ae5e1d674f8570e0af5f4207c1af9d,
RPT-T16.row.39,table_row,SEC-RESULTS-WHY,RES-P9-GAM-ALPHA-FOLD4-TEXTURE,ART-P9-LEARNED-ALPHA,folds[4].groups.texture,7bd0f18673a07bafddcca03b919dd00f13ae5e1d674f8570e0af5f4207c1af9d,
RPT-F10,figure,SEC-RESULTS-WHY,RES-P9-CONTRIBUTION-STANDARD_CBM-SUBTLETY,ART-P9-CONTRIBUTION-CENTERING,standard_cbm,142356fe50bfbbfdc9592e85e456123de3a6449d11a57aa15ab47f8841993690,
RPT-F10,figure,SEC-RESULTS-WHY,RES-P9-CONTRIBUTION-STANDARD_CBM-INTERNALSTRUCTURE,ART-P9-CONTRIBUTION-CENTERING,standard_cbm,142356fe50bfbbfdc9592e85e456123de3a6449d11a57aa15ab47f8841993690,
RPT-F10,figure,SEC-RESULTS-WHY,RES-P9-CONTRIBUTION-STANDARD_CBM-CALCIFICATION,ART-P9-CONTRIBUTION-CENTERING,standard_cbm,142356fe50bfbbfdc9592e85e456123de3a6449d11a57aa15ab47f8841993690,
RPT-F10,figure,SEC-RESULTS-WHY,RES-P9-CONTRIBUTION-STANDARD_CBM-SPHERICITY,ART-P9-CONTRIBUTION-CENTERING,standard_cbm,142356fe50bfbbfdc9592e85e456123de3a6449d11a57aa15ab47f8841993690,
RPT-F10,figure,SEC-RESULTS-WHY,RES-P9-CONTRIBUTION-STANDARD_CBM-MARGIN,ART-P9-CONTRIBUTION-CENTERING,standard_cbm,142356fe50bfbbfdc9592e85e456123de3a6449d11a57aa15ab47f8841993690,
RPT-F10,figure,SEC-RESULTS-WHY,RES-P9-CONTRIBUTION-STANDARD_CBM-LOBULATION,ART-P9-CONTRIBUTION-CENTERING,standard_cbm,142356fe50bfbbfdc9592e85e456123de3a6449d11a57aa15ab47f8841993690,
RPT-F10,figure,SEC-RESULTS-WHY,RES-P9-CONTRIBUTION-STANDARD_CBM-SPICULATION,ART-P9-CONTRIBUTION-CENTERING,standard_cbm,142356fe50bfbbfdc9592e85e456123de3a6449d11a57aa15ab47f8841993690,
RPT-F10,figure,SEC-RESULTS-WHY,RES-P9-CONTRIBUTION-STANDARD_CBM-TEXTURE,ART-P9-CONTRIBUTION-CENTERING,standard_cbm,142356fe50bfbbfdc9592e85e456123de3a6449d11a57aa15ab47f8841993690,
RPT-F10,figure,SEC-RESULTS-WHY,RES-P9-CONTRIBUTION-MIXED_CEM-SUBTLETY,ART-P9-CONTRIBUTION-CENTERING,mixed_cem,142356fe50bfbbfdc9592e85e456123de3a6449d11a57aa15ab47f8841993690,
RPT-F10,figure,SEC-RESULTS-WHY,RES-P9-CONTRIBUTION-MIXED_CEM-INTERNALSTRUCTURE,ART-P9-CONTRIBUTION-CENTERING,mixed_cem,142356fe50bfbbfdc9592e85e456123de3a6449d11a57aa15ab47f8841993690,
RPT-F10,figure,SEC-RESULTS-WHY,RES-P9-CONTRIBUTION-MIXED_CEM-CALCIFICATION,ART-P9-CONTRIBUTION-CENTERING,mixed_cem,142356fe50bfbbfdc9592e85e456123de3a6449d11a57aa15ab47f8841993690,
RPT-F10,figure,SEC-RESULTS-WHY,RES-P9-CONTRIBUTION-MIXED_CEM-SPHERICITY,ART-P9-CONTRIBUTION-CENTERING,mixed_cem,142356fe50bfbbfdc9592e85e456123de3a6449d11a57aa15ab47f8841993690,
RPT-F10,figure,SEC-RESULTS-WHY,RES-P9-CONTRIBUTION-MIXED_CEM-MARGIN,ART-P9-CONTRIBUTION-CENTERING,mixed_cem,142356fe50bfbbfdc9592e85e456123de3a6449d11a57aa15ab47f8841993690,
RPT-F10,figure,SEC-RESULTS-WHY,RES-P9-CONTRIBUTION-MIXED_CEM-LOBULATION,ART-P9-CONTRIBUTION-CENTERING,mixed_cem,142356fe50bfbbfdc9592e85e456123de3a6449d11a57aa15ab47f8841993690,
RPT-F10,figure,SEC-RESULTS-WHY,RES-P9-CONTRIBUTION-MIXED_CEM-SPICULATION,ART-P9-CONTRIBUTION-CENTERING,mixed_cem,142356fe50bfbbfdc9592e85e456123de3a6449d11a57aa15ab47f8841993690,
RPT-F10,figure,SEC-RESULTS-WHY,RES-P9-CONTRIBUTION-MIXED_CEM-TEXTURE,ART-P9-CONTRIBUTION-CENTERING,mixed_cem,142356fe50bfbbfdc9592e85e456123de3a6449d11a57aa15ab47f8841993690,
RPT-F10,figure,SEC-RESULTS-WHY,RES-P9-CONTRIBUTION-LEARNED_SOFTMAX_GAM-SUBTLETY,ART-P9-CONTRIBUTION-CENTERING,learned_softmax_gam,142356fe50bfbbfdc9592e85e456123de3a6449d11a57aa15ab47f8841993690,
RPT-F10,figure,SEC-RESULTS-WHY,RES-P9-CONTRIBUTION-LEARNED_SOFTMAX_GAM-INTERNALSTRUCTURE,ART-P9-CONTRIBUTION-CENTERING,learned_softmax_gam,142356fe50bfbbfdc9592e85e456123de3a6449d11a57aa15ab47f8841993690,
RPT-F10,figure,SEC-RESULTS-WHY,RES-P9-CONTRIBUTION-LEARNED_SOFTMAX_GAM-CALCIFICATION,ART-P9-CONTRIBUTION-CENTERING,learned_softmax_gam,142356fe50bfbbfdc9592e85e456123de3a6449d11a57aa15ab47f8841993690,
RPT-F10,figure,SEC-RESULTS-WHY,RES-P9-CONTRIBUTION-LEARNED_SOFTMAX_GAM-SPHERICITY,ART-P9-CONTRIBUTION-CENTERING,learned_softmax_gam,142356fe50bfbbfdc9592e85e456123de3a6449d11a57aa15ab47f8841993690,
RPT-F10,figure,SEC-RESULTS-WHY,RES-P9-CONTRIBUTION-LEARNED_SOFTMAX_GAM-MARGIN,ART-P9-CONTRIBUTION-CENTERING,learned_softmax_gam,142356fe50bfbbfdc9592e85e456123de3a6449d11a57aa15ab47f8841993690,
RPT-F10,figure,SEC-RESULTS-WHY,RES-P9-CONTRIBUTION-LEARNED_SOFTMAX_GAM-LOBULATION,ART-P9-CONTRIBUTION-CENTERING,learned_softmax_gam,142356fe50bfbbfdc9592e85e456123de3a6449d11a57aa15ab47f8841993690,
RPT-F10,figure,SEC-RESULTS-WHY,RES-P9-CONTRIBUTION-LEARNED_SOFTMAX_GAM-SPICULATION,ART-P9-CONTRIBUTION-CENTERING,learned_softmax_gam,142356fe50bfbbfdc9592e85e456123de3a6449d11a57aa15ab47f8841993690,
RPT-F10,figure,SEC-RESULTS-WHY,RES-P9-CONTRIBUTION-LEARNED_SOFTMAX_GAM-TEXTURE,ART-P9-CONTRIBUTION-CENTERING,learned_softmax_gam,142356fe50bfbbfdc9592e85e456123de3a6449d11a57aa15ab47f8841993690,
RPT-F10,figure,SEC-RESULTS-WHY,RES-P10-FIGURE-RPT-F10,ART-P10-REPORT-PLAN,RPT-F10,be33c07d566914d40bd50fba65b347118e706940a64495782cf0245f7914629c,
RPT-F10,figure,SEC-RESULTS-WHY,RES-P10-REPORT-EVIDENCE-06,ART-P10-REPORT-PLAN,SEC-RESULTS-WHY,be33c07d566914d40bd50fba65b347118e706940a64495782cf0245f7914629c,
RPT-F11,figure,SEC-RESULTS-WHY,RES-P9-GAM-ALPHA-FOLD0-SUBTLETY,ART-P9-LEARNED-ALPHA,folds[0].groups.subtlety,7bd0f18673a07bafddcca03b919dd00f13ae5e1d674f8570e0af5f4207c1af9d,
RPT-F11,figure,SEC-RESULTS-WHY,RES-P9-GAM-ALPHA-FOLD0-INTERNALSTRUCTURE,ART-P9-LEARNED-ALPHA,folds[0].groups.internalStructure,7bd0f18673a07bafddcca03b919dd00f13ae5e1d674f8570e0af5f4207c1af9d,
RPT-F11,figure,SEC-RESULTS-WHY,RES-P9-GAM-ALPHA-FOLD0-CALCIFICATION,ART-P9-LEARNED-ALPHA,folds[0].groups.calcification,7bd0f18673a07bafddcca03b919dd00f13ae5e1d674f8570e0af5f4207c1af9d,
RPT-F11,figure,SEC-RESULTS-WHY,RES-P9-GAM-ALPHA-FOLD0-SPHERICITY,ART-P9-LEARNED-ALPHA,folds[0].groups.sphericity,7bd0f18673a07bafddcca03b919dd00f13ae5e1d674f8570e0af5f4207c1af9d,
RPT-F11,figure,SEC-RESULTS-WHY,RES-P9-GAM-ALPHA-FOLD0-MARGIN,ART-P9-LEARNED-ALPHA,folds[0].groups.margin,7bd0f18673a07bafddcca03b919dd00f13ae5e1d674f8570e0af5f4207c1af9d,
RPT-F11,figure,SEC-RESULTS-WHY,RES-P9-GAM-ALPHA-FOLD0-LOBULATION,ART-P9-LEARNED-ALPHA,folds[0].groups.lobulation,7bd0f18673a07bafddcca03b919dd00f13ae5e1d674f8570e0af5f4207c1af9d,
RPT-F11,figure,SEC-RESULTS-WHY,RES-P9-GAM-ALPHA-FOLD0-SPICULATION,ART-P9-LEARNED-ALPHA,folds[0].groups.spiculation,7bd0f18673a07bafddcca03b919dd00f13ae5e1d674f8570e0af5f4207c1af9d,
RPT-F11,figure,SEC-RESULTS-WHY,RES-P9-GAM-ALPHA-FOLD0-TEXTURE,ART-P9-LEARNED-ALPHA,folds[0].groups.texture,7bd0f18673a07bafddcca03b919dd00f13ae5e1d674f8570e0af5f4207c1af9d,
RPT-F11,figure,SEC-RESULTS-WHY,RES-P9-GAM-ALPHA-FOLD1-SUBTLETY,ART-P9-LEARNED-ALPHA,folds[1].groups.subtlety,7bd0f18673a07bafddcca03b919dd00f13ae5e1d674f8570e0af5f4207c1af9d,
RPT-F11,figure,SEC-RESULTS-WHY,RES-P9-GAM-ALPHA-FOLD1-INTERNALSTRUCTURE,ART-P9-LEARNED-ALPHA,folds[1].groups.internalStructure,7bd0f18673a07bafddcca03b919dd00f13ae5e1d674f8570e0af5f4207c1af9d,
RPT-F11,figure,SEC-RESULTS-WHY,RES-P9-GAM-ALPHA-FOLD1-CALCIFICATION,ART-P9-LEARNED-ALPHA,folds[1].groups.calcification,7bd0f18673a07bafddcca03b919dd00f13ae5e1d674f8570e0af5f4207c1af9d,
RPT-F11,figure,SEC-RESULTS-WHY,RES-P9-GAM-ALPHA-FOLD1-SPHERICITY,ART-P9-LEARNED-ALPHA,folds[1].groups.sphericity,7bd0f18673a07bafddcca03b919dd00f13ae5e1d674f8570e0af5f4207c1af9d,
RPT-F11,figure,SEC-RESULTS-WHY,RES-P9-GAM-ALPHA-FOLD1-MARGIN,ART-P9-LEARNED-ALPHA,folds[1].groups.margin,7bd0f18673a07bafddcca03b919dd00f13ae5e1d674f8570e0af5f4207c1af9d,
RPT-F11,figure,SEC-RESULTS-WHY,RES-P9-GAM-ALPHA-FOLD1-LOBULATION,ART-P9-LEARNED-ALPHA,folds[1].groups.lobulation,7bd0f18673a07bafddcca03b919dd00f13ae5e1d674f8570e0af5f4207c1af9d,
RPT-F11,figure,SEC-RESULTS-WHY,RES-P9-GAM-ALPHA-FOLD1-SPICULATION,ART-P9-LEARNED-ALPHA,folds[1].groups.spiculation,7bd0f18673a07bafddcca03b919dd00f13ae5e1d674f8570e0af5f4207c1af9d,
RPT-F11,figure,SEC-RESULTS-WHY,RES-P9-GAM-ALPHA-FOLD1-TEXTURE,ART-P9-LEARNED-ALPHA,folds[1].groups.texture,7bd0f18673a07bafddcca03b919dd00f13ae5e1d674f8570e0af5f4207c1af9d,
RPT-F11,figure,SEC-RESULTS-WHY,RES-P9-GAM-ALPHA-FOLD2-SUBTLETY,ART-P9-LEARNED-ALPHA,folds[2].groups.subtlety,7bd0f18673a07bafddcca03b919dd00f13ae5e1d674f8570e0af5f4207c1af9d,
RPT-F11,figure,SEC-RESULTS-WHY,RES-P9-GAM-ALPHA-FOLD2-INTERNALSTRUCTURE,ART-P9-LEARNED-ALPHA,folds[2].groups.internalStructure,7bd0f18673a07bafddcca03b919dd00f13ae5e1d674f8570e0af5f4207c1af9d,
RPT-F11,figure,SEC-RESULTS-WHY,RES-P9-GAM-ALPHA-FOLD2-CALCIFICATION,ART-P9-LEARNED-ALPHA,folds[2].groups.calcification,7bd0f18673a07bafddcca03b919dd00f13ae5e1d674f8570e0af5f4207c1af9d,
RPT-F11,figure,SEC-RESULTS-WHY,RES-P9-GAM-ALPHA-FOLD2-SPHERICITY,ART-P9-LEARNED-ALPHA,folds[2].groups.sphericity,7bd0f18673a07bafddcca03b919dd00f13ae5e1d674f8570e0af5f4207c1af9d,
RPT-F11,figure,SEC-RESULTS-WHY,RES-P9-GAM-ALPHA-FOLD2-MARGIN,ART-P9-LEARNED-ALPHA,folds[2].groups.margin,7bd0f18673a07bafddcca03b919dd00f13ae5e1d674f8570e0af5f4207c1af9d,
RPT-F11,figure,SEC-RESULTS-WHY,RES-P9-GAM-ALPHA-FOLD2-LOBULATION,ART-P9-LEARNED-ALPHA,folds[2].groups.lobulation,7bd0f18673a07bafddcca03b919dd00f13ae5e1d674f8570e0af5f4207c1af9d,
RPT-F11,figure,SEC-RESULTS-WHY,RES-P9-GAM-ALPHA-FOLD2-SPICULATION,ART-P9-LEARNED-ALPHA,folds[2].groups.spiculation,7bd0f18673a07bafddcca03b919dd00f13ae5e1d674f8570e0af5f4207c1af9d,
RPT-F11,figure,SEC-RESULTS-WHY,RES-P9-GAM-ALPHA-FOLD2-TEXTURE,ART-P9-LEARNED-ALPHA,folds[2].groups.texture,7bd0f18673a07bafddcca03b919dd00f13ae5e1d674f8570e0af5f4207c1af9d,
RPT-F11,figure,SEC-RESULTS-WHY,RES-P9-GAM-ALPHA-FOLD3-SUBTLETY,ART-P9-LEARNED-ALPHA,folds[3].groups.subtlety,7bd0f18673a07bafddcca03b919dd00f13ae5e1d674f8570e0af5f4207c1af9d,
RPT-F11,figure,SEC-RESULTS-WHY,RES-P9-GAM-ALPHA-FOLD3-INTERNALSTRUCTURE,ART-P9-LEARNED-ALPHA,folds[3].groups.internalStructure,7bd0f18673a07bafddcca03b919dd00f13ae5e1d674f8570e0af5f4207c1af9d,
RPT-F11,figure,SEC-RESULTS-WHY,RES-P9-GAM-ALPHA-FOLD3-CALCIFICATION,ART-P9-LEARNED-ALPHA,folds[3].groups.calcification,7bd0f18673a07bafddcca03b919dd00f13ae5e1d674f8570e0af5f4207c1af9d,
RPT-F11,figure,SEC-RESULTS-WHY,RES-P9-GAM-ALPHA-FOLD3-SPHERICITY,ART-P9-LEARNED-ALPHA,folds[3].groups.sphericity,7bd0f18673a07bafddcca03b919dd00f13ae5e1d674f8570e0af5f4207c1af9d,
RPT-F11,figure,SEC-RESULTS-WHY,RES-P9-GAM-ALPHA-FOLD3-MARGIN,ART-P9-LEARNED-ALPHA,folds[3].groups.margin,7bd0f18673a07bafddcca03b919dd00f13ae5e1d674f8570e0af5f4207c1af9d,
RPT-F11,figure,SEC-RESULTS-WHY,RES-P9-GAM-ALPHA-FOLD3-LOBULATION,ART-P9-LEARNED-ALPHA,folds[3].groups.lobulation,7bd0f18673a07bafddcca03b919dd00f13ae5e1d674f8570e0af5f4207c1af9d,
RPT-F11,figure,SEC-RESULTS-WHY,RES-P9-GAM-ALPHA-FOLD3-SPICULATION,ART-P9-LEARNED-ALPHA,folds[3].groups.spiculation,7bd0f18673a07bafddcca03b919dd00f13ae5e1d674f8570e0af5f4207c1af9d,
RPT-F11,figure,SEC-RESULTS-WHY,RES-P9-GAM-ALPHA-FOLD3-TEXTURE,ART-P9-LEARNED-ALPHA,folds[3].groups.texture,7bd0f18673a07bafddcca03b919dd00f13ae5e1d674f8570e0af5f4207c1af9d,
RPT-F11,figure,SEC-RESULTS-WHY,RES-P9-GAM-ALPHA-FOLD4-SUBTLETY,ART-P9-LEARNED-ALPHA,folds[4].groups.subtlety,7bd0f18673a07bafddcca03b919dd00f13ae5e1d674f8570e0af5f4207c1af9d,
RPT-F11,figure,SEC-RESULTS-WHY,RES-P9-GAM-ALPHA-FOLD4-INTERNALSTRUCTURE,ART-P9-LEARNED-ALPHA,folds[4].groups.internalStructure,7bd0f18673a07bafddcca03b919dd00f13ae5e1d674f8570e0af5f4207c1af9d,
RPT-F11,figure,SEC-RESULTS-WHY,RES-P9-GAM-ALPHA-FOLD4-CALCIFICATION,ART-P9-LEARNED-ALPHA,folds[4].groups.calcification,7bd0f18673a07bafddcca03b919dd00f13ae5e1d674f8570e0af5f4207c1af9d,
RPT-F11,figure,SEC-RESULTS-WHY,RES-P9-GAM-ALPHA-FOLD4-SPHERICITY,ART-P9-LEARNED-ALPHA,folds[4].groups.sphericity,7bd0f18673a07bafddcca03b919dd00f13ae5e1d674f8570e0af5f4207c1af9d,
RPT-F11,figure,SEC-RESULTS-WHY,RES-P9-GAM-ALPHA-FOLD4-MARGIN,ART-P9-LEARNED-ALPHA,folds[4].groups.margin,7bd0f18673a07bafddcca03b919dd00f13ae5e1d674f8570e0af5f4207c1af9d,
RPT-F11,figure,SEC-RESULTS-WHY,RES-P9-GAM-ALPHA-FOLD4-LOBULATION,ART-P9-LEARNED-ALPHA,folds[4].groups.lobulation,7bd0f18673a07bafddcca03b919dd00f13ae5e1d674f8570e0af5f4207c1af9d,
RPT-F11,figure,SEC-RESULTS-WHY,RES-P9-GAM-ALPHA-FOLD4-SPICULATION,ART-P9-LEARNED-ALPHA,folds[4].groups.spiculation,7bd0f18673a07bafddcca03b919dd00f13ae5e1d674f8570e0af5f4207c1af9d,
RPT-F11,figure,SEC-RESULTS-WHY,RES-P9-GAM-ALPHA-FOLD4-TEXTURE,ART-P9-LEARNED-ALPHA,folds[4].groups.texture,7bd0f18673a07bafddcca03b919dd00f13ae5e1d674f8570e0af5f4207c1af9d,
RPT-F11,figure,SEC-RESULTS-WHY,RES-P10-FIGURE-RPT-F11,ART-P10-REPORT-PLAN,RPT-F11,be33c07d566914d40bd50fba65b347118e706940a64495782cf0245f7914629c,
RPT-F11,figure,SEC-RESULTS-WHY,RES-P10-REPORT-EVIDENCE-06,ART-P10-REPORT-PLAN,SEC-RESULTS-WHY,be33c07d566914d40bd50fba65b347118e706940a64495782cf0245f7914629c,
RPT-T17.row.0,table_row,SEC-RESULTS-HOW,RES-P9-INTERVENTION-LEARNED_SOFTMAX_GAM-ERROR_FIRST,ART-P9-INTERVENTION,learned_softmax_gam.error_first,1463c23754524722e9c6ccfe28e3772b6c2a29b8821d7b6b94e1f6f82394efa7,
RPT-T17.row.1,table_row,SEC-RESULTS-HOW,RES-P9-INTERVENTION-LEARNED_SOFTMAX_GAM-RANDOM_PERMUTATION,ART-P9-INTERVENTION,learned_softmax_gam.random_permutations,1463c23754524722e9c6ccfe28e3772b6c2a29b8821d7b6b94e1f6f82394efa7,
RPT-T17.row.2,table_row,SEC-RESULTS-HOW,RES-P9-INTERVENTION-MIXED_CEM-ERROR_FIRST,ART-P9-INTERVENTION,mixed_cem.error_first,1463c23754524722e9c6ccfe28e3772b6c2a29b8821d7b6b94e1f6f82394efa7,
RPT-T17.row.3,table_row,SEC-RESULTS-HOW,RES-P9-INTERVENTION-MIXED_CEM-RANDOM_PERMUTATION,ART-P9-INTERVENTION,mixed_cem.random_permutations,1463c23754524722e9c6ccfe28e3772b6c2a29b8821d7b6b94e1f6f82394efa7,
RPT-T17.row.4,table_row,SEC-RESULTS-HOW,RES-P9-INTERVENTION-STANDARD_CBM-ERROR_FIRST,ART-P9-INTERVENTION,standard_cbm.error_first,1463c23754524722e9c6ccfe28e3772b6c2a29b8821d7b6b94e1f6f82394efa7,
RPT-T17.row.5,table_row,SEC-RESULTS-HOW,RES-P9-INTERVENTION-STANDARD_CBM-RANDOM_PERMUTATION,ART-P9-INTERVENTION,standard_cbm.random_permutations,1463c23754524722e9c6ccfe28e3772b6c2a29b8821d7b6b94e1f6f82394efa7,
RPT-F12,figure,SEC-RESULTS-HOW,RES-P9-INTERVENTION-STANDARD_CBM-RANDOM_PERMUTATION,ART-P9-INTERVENTION,standard_cbm.random_permutations,1463c23754524722e9c6ccfe28e3772b6c2a29b8821d7b6b94e1f6f82394efa7,
RPT-F12,figure,SEC-RESULTS-HOW,RES-P9-INTERVENTION-STANDARD_CBM-ERROR_FIRST,ART-P9-INTERVENTION,standard_cbm.error_first,1463c23754524722e9c6ccfe28e3772b6c2a29b8821d7b6b94e1f6f82394efa7,
RPT-F12,figure,SEC-RESULTS-HOW,RES-P9-INTERVENTION-MIXED_CEM-RANDOM_PERMUTATION,ART-P9-INTERVENTION,mixed_cem.random_permutations,1463c23754524722e9c6ccfe28e3772b6c2a29b8821d7b6b94e1f6f82394efa7,
RPT-F12,figure,SEC-RESULTS-HOW,RES-P9-INTERVENTION-MIXED_CEM-ERROR_FIRST,ART-P9-INTERVENTION,mixed_cem.error_first,1463c23754524722e9c6ccfe28e3772b6c2a29b8821d7b6b94e1f6f82394efa7,
RPT-F12,figure,SEC-RESULTS-HOW,RES-P9-INTERVENTION-LEARNED_SOFTMAX_GAM-RANDOM_PERMUTATION,ART-P9-INTERVENTION,learned_softmax_gam.random_permutations,1463c23754524722e9c6ccfe28e3772b6c2a29b8821d7b6b94e1f6f82394efa7,
RPT-F12,figure,SEC-RESULTS-HOW,RES-P9-INTERVENTION-LEARNED_SOFTMAX_GAM-ERROR_FIRST,ART-P9-INTERVENTION,learned_softmax_gam.error_first,1463c23754524722e9c6ccfe28e3772b6c2a29b8821d7b6b94e1f6f82394efa7,
RPT-F12,figure,SEC-RESULTS-HOW,RES-P10-FIGURE-RPT-F12,ART-P10-REPORT-PLAN,RPT-F12,be33c07d566914d40bd50fba65b347118e706940a64495782cf0245f7914629c,
RPT-F12,figure,SEC-RESULTS-HOW,RES-P10-REPORT-EVIDENCE-07,ART-P10-REPORT-PLAN,SEC-RESULTS-HOW,be33c07d566914d40bd50fba65b347118e706940a64495782cf0245f7914629c,
RPT-F13,figure,SEC-RESULTS-SYNTHESIS,RES-P10-FIGURE-RPT-F13,ART-P10-REPORT-PLAN,RPT-F13,be33c07d566914d40bd50fba65b347118e706940a64495782cf0245f7914629c,
RPT-F13,figure,SEC-RESULTS-SYNTHESIS,RES-P10-REPORT-EVIDENCE-08,ART-P10-REPORT-PLAN,SEC-RESULTS-SYNTHESIS,be33c07d566914d40bd50fba65b347118e706940a64495782cf0245f7914629c,
