catalogue_item_id,category,entity_type,phase,model,fold,concept_or_target,result_name,scientific_question,scientific_status,availability_status,report_usage_status,source_artifact_id,source_root_alias,source_relative_path,source_field_path,source_sha256,row_or_sample_count,privacy_class,new_inference_required,report_section_id,report_table_ids,report_figure_ids,omission_reason,approval_reference,integrity_status,details
RES-P9-GRADCAM-BLACKBOX-FOLD0-MALIGNANCY,CAT-L,gradcam_model_fold_target,P9,blackbox,0,malignancy,Raw FP32 Grad-CAM and occlusion inventory,Where is this frozen target spatially sensitive?,PASS,RESULT_ALREADY_EXISTS,USED_MAIN_TEXT,ART-P9-SPATIAL,repo://,artifacts/baseline_v2/audit/p9/spatial.json,models.blackbox.folds[0].targets.malignancy,64656d54e573e2ce8c626c6403e6dc295498d233dd90c4152efcd12b9240cfbf,479,PRIVATE_SOURCE_PUBLIC_AGGREGATE,False,SEC-RESULTS-WHERE,"[""RPT-T13""]","[""RPT-F07""]",,RESULTS_CATALOGUE_PLAN:eb3aa9110fc06acd8cd9e2a375b64bcfa5a60d768ef6f37f16e1c693576c5c93,VERIFIED,"{""display_only_overlay_normalization"":true,""full_ct_case_feasibility"":""REGISTERED_SEPARATELY_IN_CAT_Q"",""matched_random_masks_per_valid_map"":20,""occlusion_evidence_available"":true,""quantitative_faithfulness_uses_raw_fp32"":true,""raw_map_dtype"":""FP32"",""raw_map_normalized"":false,""raw_map_storage"":""mac-archive://p9/spatial/blackbox/fold_0/shards"",""requested_map_count"":479,""undefined_map_count"":0,""undefined_rate"":0.0,""valid_map_count"":479}"
RES-P9-GRADCAM-BLACKBOX-FOLD1-MALIGNANCY,CAT-L,gradcam_model_fold_target,P9,blackbox,1,malignancy,Raw FP32 Grad-CAM and occlusion inventory,Where is this frozen target spatially sensitive?,PASS,RESULT_ALREADY_EXISTS,USED_MAIN_TEXT,ART-P9-SPATIAL,repo://,artifacts/baseline_v2/audit/p9/spatial.json,models.blackbox.folds[1].targets.malignancy,64656d54e573e2ce8c626c6403e6dc295498d233dd90c4152efcd12b9240cfbf,502,PRIVATE_SOURCE_PUBLIC_AGGREGATE,False,SEC-RESULTS-WHERE,"[""RPT-T13""]","[""RPT-F07""]",,RESULTS_CATALOGUE_PLAN:eb3aa9110fc06acd8cd9e2a375b64bcfa5a60d768ef6f37f16e1c693576c5c93,VERIFIED,"{""display_only_overlay_normalization"":true,""full_ct_case_feasibility"":""REGISTERED_SEPARATELY_IN_CAT_Q"",""matched_random_masks_per_valid_map"":20,""occlusion_evidence_available"":true,""quantitative_faithfulness_uses_raw_fp32"":true,""raw_map_dtype"":""FP32"",""raw_map_normalized"":false,""raw_map_storage"":""mac-archive://p9/spatial/blackbox/fold_1/shards"",""requested_map_count"":502,""undefined_map_count"":0,""undefined_rate"":0.0,""valid_map_count"":502}"
RES-P9-GRADCAM-BLACKBOX-FOLD2-MALIGNANCY,CAT-L,gradcam_model_fold_target,P9,blackbox,2,malignancy,Raw FP32 Grad-CAM and occlusion inventory,Where is this frozen target spatially sensitive?,PASS,RESULT_ALREADY_EXISTS,USED_MAIN_TEXT,ART-P9-SPATIAL,repo://,artifacts/baseline_v2/audit/p9/spatial.json,models.blackbox.folds[2].targets.malignancy,64656d54e573e2ce8c626c6403e6dc295498d233dd90c4152efcd12b9240cfbf,539,PRIVATE_SOURCE_PUBLIC_AGGREGATE,False,SEC-RESULTS-WHERE,"[""RPT-T13""]","[""RPT-F07""]",,RESULTS_CATALOGUE_PLAN:eb3aa9110fc06acd8cd9e2a375b64bcfa5a60d768ef6f37f16e1c693576c5c93,VERIFIED,"{""display_only_overlay_normalization"":true,""full_ct_case_feasibility"":""REGISTERED_SEPARATELY_IN_CAT_Q"",""matched_random_masks_per_valid_map"":20,""occlusion_evidence_available"":true,""quantitative_faithfulness_uses_raw_fp32"":true,""raw_map_dtype"":""FP32"",""raw_map_normalized"":false,""raw_map_storage"":""mac-archive://p9/spatial/blackbox/fold_2/shards"",""requested_map_count"":539,""undefined_map_count"":0,""undefined_rate"":0.0,""valid_map_count"":539}"
RES-P9-GRADCAM-BLACKBOX-FOLD3-MALIGNANCY,CAT-L,gradcam_model_fold_target,P9,blackbox,3,malignancy,Raw FP32 Grad-CAM and occlusion inventory,Where is this frozen target spatially sensitive?,PASS,RESULT_ALREADY_EXISTS,USED_MAIN_TEXT,ART-P9-SPATIAL,repo://,artifacts/baseline_v2/audit/p9/spatial.json,models.blackbox.folds[3].targets.malignancy,64656d54e573e2ce8c626c6403e6dc295498d233dd90c4152efcd12b9240cfbf,549,PRIVATE_SOURCE_PUBLIC_AGGREGATE,False,SEC-RESULTS-WHERE,"[""RPT-T13""]","[""RPT-F07""]",,RESULTS_CATALOGUE_PLAN:eb3aa9110fc06acd8cd9e2a375b64bcfa5a60d768ef6f37f16e1c693576c5c93,VERIFIED,"{""display_only_overlay_normalization"":true,""full_ct_case_feasibility"":""REGISTERED_SEPARATELY_IN_CAT_Q"",""matched_random_masks_per_valid_map"":20,""occlusion_evidence_available"":true,""quantitative_faithfulness_uses_raw_fp32"":true,""raw_map_dtype"":""FP32"",""raw_map_normalized"":false,""raw_map_storage"":""mac-archive://p9/spatial/blackbox/fold_3/shards"",""requested_map_count"":549,""undefined_map_count"":101,""undefined_rate"":0.18397085610200364,""valid_map_count"":448}"
RES-P9-GRADCAM-BLACKBOX-FOLD4-MALIGNANCY,CAT-L,gradcam_model_fold_target,P9,blackbox,4,malignancy,Raw FP32 Grad-CAM and occlusion inventory,Where is this frozen target spatially sensitive?,PASS,RESULT_ALREADY_EXISTS,USED_MAIN_TEXT,ART-P9-SPATIAL,repo://,artifacts/baseline_v2/audit/p9/spatial.json,models.blackbox.folds[4].targets.malignancy,64656d54e573e2ce8c626c6403e6dc295498d233dd90c4152efcd12b9240cfbf,564,PRIVATE_SOURCE_PUBLIC_AGGREGATE,False,SEC-RESULTS-WHERE,"[""RPT-T13""]","[""RPT-F07""]",,RESULTS_CATALOGUE_PLAN:eb3aa9110fc06acd8cd9e2a375b64bcfa5a60d768ef6f37f16e1c693576c5c93,VERIFIED,"{""display_only_overlay_normalization"":true,""full_ct_case_feasibility"":""REGISTERED_SEPARATELY_IN_CAT_Q"",""matched_random_masks_per_valid_map"":20,""occlusion_evidence_available"":true,""quantitative_faithfulness_uses_raw_fp32"":true,""raw_map_dtype"":""FP32"",""raw_map_normalized"":false,""raw_map_storage"":""mac-archive://p9/spatial/blackbox/fold_4/shards"",""requested_map_count"":564,""undefined_map_count"":103,""undefined_rate"":0.18262411347517732,""valid_map_count"":461}"
RES-P9-GRADCAM-BLACKBOX-POOLED-MALIGNANCY,CAT-L,gradcam_model_target_pooled,P9,blackbox,,malignancy,Pooled Grad-CAM accounting,How often is this target map valid or post-ReLU all-zero?,PASS,RESULT_ALREADY_EXISTS,USED_MAIN_TEXT,ART-P9-SPATIAL,repo://,artifacts/baseline_v2/audit/p9/spatial.json,models.blackbox.pooled_targets.malignancy,64656d54e573e2ce8c626c6403e6dc295498d233dd90c4152efcd12b9240cfbf,2633,PUBLIC_DEIDENTIFIED,False,SEC-RESULTS-WHERE,"[""RPT-T13""]","[""RPT-F07""]",,RESULTS_CATALOGUE_PLAN:eb3aa9110fc06acd8cd9e2a375b64bcfa5a60d768ef6f37f16e1c693576c5c93,VERIFIED,"{""confirmed_undefined_semantics"":""exactly all-zero post-ReLU Grad-CAM"",""requested_map_count"":2633,""undefined_map_count"":204,""undefined_rate"":0.07747816179263198,""valid_map_count"":2429}"
RES-P9-GRADCAM-STANDARD_CBM-FOLD0-MALIGNANCY,CAT-L,gradcam_model_fold_target,P9,standard_cbm,0,malignancy,Raw FP32 Grad-CAM and occlusion inventory,Where is this frozen target spatially sensitive?,PASS,RESULT_ALREADY_EXISTS,USED_MAIN_TEXT,ART-P9-SPATIAL,repo://,artifacts/baseline_v2/audit/p9/spatial.json,models.standard_cbm.folds[0].targets.malignancy,64656d54e573e2ce8c626c6403e6dc295498d233dd90c4152efcd12b9240cfbf,479,PRIVATE_SOURCE_PUBLIC_AGGREGATE,False,SEC-RESULTS-WHERE,"[""RPT-T13""]","[""RPT-F07""]",,RESULTS_CATALOGUE_PLAN:eb3aa9110fc06acd8cd9e2a375b64bcfa5a60d768ef6f37f16e1c693576c5c93,VERIFIED,"{""display_only_overlay_normalization"":true,""full_ct_case_feasibility"":""REGISTERED_SEPARATELY_IN_CAT_Q"",""matched_random_masks_per_valid_map"":20,""occlusion_evidence_available"":true,""quantitative_faithfulness_uses_raw_fp32"":true,""raw_map_dtype"":""FP32"",""raw_map_normalized"":false,""raw_map_storage"":""mac-archive://p9/spatial/standard_cbm/fold_0/shards"",""requested_map_count"":479,""undefined_map_count"":55,""undefined_rate"":0.11482254697286012,""valid_map_count"":424}"
RES-P9-GRADCAM-STANDARD_CBM-FOLD0-SUBTLETY,CAT-L,gradcam_model_fold_target,P9,standard_cbm,0,subtlety,Raw FP32 Grad-CAM and occlusion inventory,Where is this frozen target spatially sensitive?,PASS,RESULT_ALREADY_EXISTS,USED_MAIN_TEXT,ART-P9-SPATIAL,repo://,artifacts/baseline_v2/audit/p9/spatial.json,models.standard_cbm.folds[0].targets.subtlety,64656d54e573e2ce8c626c6403e6dc295498d233dd90c4152efcd12b9240cfbf,479,PRIVATE_SOURCE_PUBLIC_AGGREGATE,False,SEC-RESULTS-WHERE,"[""RPT-T13""]","[""RPT-F07""]",,RESULTS_CATALOGUE_PLAN:eb3aa9110fc06acd8cd9e2a375b64bcfa5a60d768ef6f37f16e1c693576c5c93,VERIFIED,"{""display_only_overlay_normalization"":true,""full_ct_case_feasibility"":""REGISTERED_SEPARATELY_IN_CAT_Q"",""matched_random_masks_per_valid_map"":20,""occlusion_evidence_available"":true,""quantitative_faithfulness_uses_raw_fp32"":true,""raw_map_dtype"":""FP32"",""raw_map_normalized"":false,""raw_map_storage"":""mac-archive://p9/spatial/standard_cbm/fold_0/shards"",""requested_map_count"":479,""undefined_map_count"":0,""undefined_rate"":0.0,""valid_map_count"":479}"
RES-P9-GRADCAM-STANDARD_CBM-FOLD0-INTERNALSTRUCTURE,CAT-L,gradcam_model_fold_target,P9,standard_cbm,0,internalStructure,Raw FP32 Grad-CAM and occlusion inventory,Where is this frozen target spatially sensitive?,PASS,RESULT_ALREADY_EXISTS,USED_MAIN_TEXT,ART-P9-SPATIAL,repo://,artifacts/baseline_v2/audit/p9/spatial.json,models.standard_cbm.folds[0].targets.internalStructure,64656d54e573e2ce8c626c6403e6dc295498d233dd90c4152efcd12b9240cfbf,479,PRIVATE_SOURCE_PUBLIC_AGGREGATE,False,SEC-RESULTS-WHERE,"[""RPT-T13""]","[""RPT-F07""]",,RESULTS_CATALOGUE_PLAN:eb3aa9110fc06acd8cd9e2a375b64bcfa5a60d768ef6f37f16e1c693576c5c93,VERIFIED,"{""display_only_overlay_normalization"":true,""full_ct_case_feasibility"":""REGISTERED_SEPARATELY_IN_CAT_Q"",""matched_random_masks_per_valid_map"":20,""occlusion_evidence_available"":true,""quantitative_faithfulness_uses_raw_fp32"":true,""raw_map_dtype"":""FP32"",""raw_map_normalized"":false,""raw_map_storage"":""mac-archive://p9/spatial/standard_cbm/fold_0/shards"",""requested_map_count"":479,""undefined_map_count"":97,""undefined_rate"":0.20250521920668058,""valid_map_count"":382}"
RES-P9-GRADCAM-STANDARD_CBM-FOLD0-CALCIFICATION,CAT-L,gradcam_model_fold_target,P9,standard_cbm,0,calcification,Raw FP32 Grad-CAM and occlusion inventory,Where is this frozen target spatially sensitive?,PASS,RESULT_ALREADY_EXISTS,USED_MAIN_TEXT,ART-P9-SPATIAL,repo://,artifacts/baseline_v2/audit/p9/spatial.json,models.standard_cbm.folds[0].targets.calcification,64656d54e573e2ce8c626c6403e6dc295498d233dd90c4152efcd12b9240cfbf,479,PRIVATE_SOURCE_PUBLIC_AGGREGATE,False,SEC-RESULTS-WHERE,"[""RPT-T13""]","[""RPT-F07""]",,RESULTS_CATALOGUE_PLAN:eb3aa9110fc06acd8cd9e2a375b64bcfa5a60d768ef6f37f16e1c693576c5c93,VERIFIED,"{""display_only_overlay_normalization"":true,""full_ct_case_feasibility"":""REGISTERED_SEPARATELY_IN_CAT_Q"",""matched_random_masks_per_valid_map"":20,""occlusion_evidence_available"":true,""quantitative_faithfulness_uses_raw_fp32"":true,""raw_map_dtype"":""FP32"",""raw_map_normalized"":false,""raw_map_storage"":""mac-archive://p9/spatial/standard_cbm/fold_0/shards"",""requested_map_count"":479,""undefined_map_count"":296,""undefined_rate"":0.6179540709812108,""valid_map_count"":183}"
RES-P9-GRADCAM-STANDARD_CBM-FOLD0-SPHERICITY,CAT-L,gradcam_model_fold_target,P9,standard_cbm,0,sphericity,Raw FP32 Grad-CAM and occlusion inventory,Where is this frozen target spatially sensitive?,PASS,RESULT_ALREADY_EXISTS,USED_MAIN_TEXT,ART-P9-SPATIAL,repo://,artifacts/baseline_v2/audit/p9/spatial.json,models.standard_cbm.folds[0].targets.sphericity,64656d54e573e2ce8c626c6403e6dc295498d233dd90c4152efcd12b9240cfbf,479,PRIVATE_SOURCE_PUBLIC_AGGREGATE,False,SEC-RESULTS-WHERE,"[""RPT-T13""]","[""RPT-F07""]",,RESULTS_CATALOGUE_PLAN:eb3aa9110fc06acd8cd9e2a375b64bcfa5a60d768ef6f37f16e1c693576c5c93,VERIFIED,"{""display_only_overlay_normalization"":true,""full_ct_case_feasibility"":""REGISTERED_SEPARATELY_IN_CAT_Q"",""matched_random_masks_per_valid_map"":20,""occlusion_evidence_available"":true,""quantitative_faithfulness_uses_raw_fp32"":true,""raw_map_dtype"":""FP32"",""raw_map_normalized"":false,""raw_map_storage"":""mac-archive://p9/spatial/standard_cbm/fold_0/shards"",""requested_map_count"":479,""undefined_map_count"":0,""undefined_rate"":0.0,""valid_map_count"":479}"
RES-P9-GRADCAM-STANDARD_CBM-FOLD0-MARGIN,CAT-L,gradcam_model_fold_target,P9,standard_cbm,0,margin,Raw FP32 Grad-CAM and occlusion inventory,Where is this frozen target spatially sensitive?,PASS,RESULT_ALREADY_EXISTS,USED_MAIN_TEXT,ART-P9-SPATIAL,repo://,artifacts/baseline_v2/audit/p9/spatial.json,models.standard_cbm.folds[0].targets.margin,64656d54e573e2ce8c626c6403e6dc295498d233dd90c4152efcd12b9240cfbf,479,PRIVATE_SOURCE_PUBLIC_AGGREGATE,False,SEC-RESULTS-WHERE,"[""RPT-T13""]","[""RPT-F07""]",,RESULTS_CATALOGUE_PLAN:eb3aa9110fc06acd8cd9e2a375b64bcfa5a60d768ef6f37f16e1c693576c5c93,VERIFIED,"{""display_only_overlay_normalization"":true,""full_ct_case_feasibility"":""REGISTERED_SEPARATELY_IN_CAT_Q"",""matched_random_masks_per_valid_map"":20,""occlusion_evidence_available"":true,""quantitative_faithfulness_uses_raw_fp32"":true,""raw_map_dtype"":""FP32"",""raw_map_normalized"":false,""raw_map_storage"":""mac-archive://p9/spatial/standard_cbm/fold_0/shards"",""requested_map_count"":479,""undefined_map_count"":0,""undefined_rate"":0.0,""valid_map_count"":479}"
RES-P9-GRADCAM-STANDARD_CBM-FOLD0-LOBULATION,CAT-L,gradcam_model_fold_target,P9,standard_cbm,0,lobulation,Raw FP32 Grad-CAM and occlusion inventory,Where is this frozen target spatially sensitive?,PASS,RESULT_ALREADY_EXISTS,USED_MAIN_TEXT,ART-P9-SPATIAL,repo://,artifacts/baseline_v2/audit/p9/spatial.json,models.standard_cbm.folds[0].targets.lobulation,64656d54e573e2ce8c626c6403e6dc295498d233dd90c4152efcd12b9240cfbf,479,PRIVATE_SOURCE_PUBLIC_AGGREGATE,False,SEC-RESULTS-WHERE,"[""RPT-T13""]","[""RPT-F07""]",,RESULTS_CATALOGUE_PLAN:eb3aa9110fc06acd8cd9e2a375b64bcfa5a60d768ef6f37f16e1c693576c5c93,VERIFIED,"{""display_only_overlay_normalization"":true,""full_ct_case_feasibility"":""REGISTERED_SEPARATELY_IN_CAT_Q"",""matched_random_masks_per_valid_map"":20,""occlusion_evidence_available"":true,""quantitative_faithfulness_uses_raw_fp32"":true,""raw_map_dtype"":""FP32"",""raw_map_normalized"":false,""raw_map_storage"":""mac-archive://p9/spatial/standard_cbm/fold_0/shards"",""requested_map_count"":479,""undefined_map_count"":0,""undefined_rate"":0.0,""valid_map_count"":479}"
RES-P9-GRADCAM-STANDARD_CBM-FOLD0-SPICULATION,CAT-L,gradcam_model_fold_target,P9,standard_cbm,0,spiculation,Raw FP32 Grad-CAM and occlusion inventory,Where is this frozen target spatially sensitive?,PASS,RESULT_ALREADY_EXISTS,USED_MAIN_TEXT,ART-P9-SPATIAL,repo://,artifacts/baseline_v2/audit/p9/spatial.json,models.standard_cbm.folds[0].targets.spiculation,64656d54e573e2ce8c626c6403e6dc295498d233dd90c4152efcd12b9240cfbf,479,PRIVATE_SOURCE_PUBLIC_AGGREGATE,False,SEC-RESULTS-WHERE,"[""RPT-T13""]","[""RPT-F07""]",,RESULTS_CATALOGUE_PLAN:eb3aa9110fc06acd8cd9e2a375b64bcfa5a60d768ef6f37f16e1c693576c5c93,VERIFIED,"{""display_only_overlay_normalization"":true,""full_ct_case_feasibility"":""REGISTERED_SEPARATELY_IN_CAT_Q"",""matched_random_masks_per_valid_map"":20,""occlusion_evidence_available"":true,""quantitative_faithfulness_uses_raw_fp32"":true,""raw_map_dtype"":""FP32"",""raw_map_normalized"":false,""raw_map_storage"":""mac-archive://p9/spatial/standard_cbm/fold_0/shards"",""requested_map_count"":479,""undefined_map_count"":46,""undefined_rate"":0.09603340292275574,""valid_map_count"":433}"
RES-P9-GRADCAM-STANDARD_CBM-FOLD0-TEXTURE,CAT-L,gradcam_model_fold_target,P9,standard_cbm,0,texture,Raw FP32 Grad-CAM and occlusion inventory,Where is this frozen target spatially sensitive?,PASS,RESULT_ALREADY_EXISTS,USED_MAIN_TEXT,ART-P9-SPATIAL,repo://,artifacts/baseline_v2/audit/p9/spatial.json,models.standard_cbm.folds[0].targets.texture,64656d54e573e2ce8c626c6403e6dc295498d233dd90c4152efcd12b9240cfbf,479,PRIVATE_SOURCE_PUBLIC_AGGREGATE,False,SEC-RESULTS-WHERE,"[""RPT-T13""]","[""RPT-F07""]",,RESULTS_CATALOGUE_PLAN:eb3aa9110fc06acd8cd9e2a375b64bcfa5a60d768ef6f37f16e1c693576c5c93,VERIFIED,"{""display_only_overlay_normalization"":true,""full_ct_case_feasibility"":""REGISTERED_SEPARATELY_IN_CAT_Q"",""matched_random_masks_per_valid_map"":20,""occlusion_evidence_available"":true,""quantitative_faithfulness_uses_raw_fp32"":true,""raw_map_dtype"":""FP32"",""raw_map_normalized"":false,""raw_map_storage"":""mac-archive://p9/spatial/standard_cbm/fold_0/shards"",""requested_map_count"":479,""undefined_map_count"":0,""undefined_rate"":0.0,""valid_map_count"":479}"
RES-P9-GRADCAM-STANDARD_CBM-FOLD1-MALIGNANCY,CAT-L,gradcam_model_fold_target,P9,standard_cbm,1,malignancy,Raw FP32 Grad-CAM and occlusion inventory,Where is this frozen target spatially sensitive?,PASS,RESULT_ALREADY_EXISTS,USED_MAIN_TEXT,ART-P9-SPATIAL,repo://,artifacts/baseline_v2/audit/p9/spatial.json,models.standard_cbm.folds[1].targets.malignancy,64656d54e573e2ce8c626c6403e6dc295498d233dd90c4152efcd12b9240cfbf,502,PRIVATE_SOURCE_PUBLIC_AGGREGATE,False,SEC-RESULTS-WHERE,"[""RPT-T13""]","[""RPT-F07""]",,RESULTS_CATALOGUE_PLAN:eb3aa9110fc06acd8cd9e2a375b64bcfa5a60d768ef6f37f16e1c693576c5c93,VERIFIED,"{""display_only_overlay_normalization"":true,""full_ct_case_feasibility"":""REGISTERED_SEPARATELY_IN_CAT_Q"",""matched_random_masks_per_valid_map"":20,""occlusion_evidence_available"":true,""quantitative_faithfulness_uses_raw_fp32"":true,""raw_map_dtype"":""FP32"",""raw_map_normalized"":false,""raw_map_storage"":""mac-archive://p9/spatial/standard_cbm/fold_1/shards"",""requested_map_count"":502,""undefined_map_count"":79,""undefined_rate"":0.15737051792828685,""valid_map_count"":423}"
RES-P9-GRADCAM-STANDARD_CBM-FOLD1-SUBTLETY,CAT-L,gradcam_model_fold_target,P9,standard_cbm,1,subtlety,Raw FP32 Grad-CAM and occlusion inventory,Where is this frozen target spatially sensitive?,PASS,RESULT_ALREADY_EXISTS,USED_MAIN_TEXT,ART-P9-SPATIAL,repo://,artifacts/baseline_v2/audit/p9/spatial.json,models.standard_cbm.folds[1].targets.subtlety,64656d54e573e2ce8c626c6403e6dc295498d233dd90c4152efcd12b9240cfbf,502,PRIVATE_SOURCE_PUBLIC_AGGREGATE,False,SEC-RESULTS-WHERE,"[""RPT-T13""]","[""RPT-F07""]",,RESULTS_CATALOGUE_PLAN:eb3aa9110fc06acd8cd9e2a375b64bcfa5a60d768ef6f37f16e1c693576c5c93,VERIFIED,"{""display_only_overlay_normalization"":true,""full_ct_case_feasibility"":""REGISTERED_SEPARATELY_IN_CAT_Q"",""matched_random_masks_per_valid_map"":20,""occlusion_evidence_available"":true,""quantitative_faithfulness_uses_raw_fp32"":true,""raw_map_dtype"":""FP32"",""raw_map_normalized"":false,""raw_map_storage"":""mac-archive://p9/spatial/standard_cbm/fold_1/shards"",""requested_map_count"":502,""undefined_map_count"":24,""undefined_rate"":0.04780876494023904,""valid_map_count"":478}"
RES-P9-GRADCAM-STANDARD_CBM-FOLD1-INTERNALSTRUCTURE,CAT-L,gradcam_model_fold_target,P9,standard_cbm,1,internalStructure,Raw FP32 Grad-CAM and occlusion inventory,Where is this frozen target spatially sensitive?,PASS,RESULT_ALREADY_EXISTS,USED_MAIN_TEXT,ART-P9-SPATIAL,repo://,artifacts/baseline_v2/audit/p9/spatial.json,models.standard_cbm.folds[1].targets.internalStructure,64656d54e573e2ce8c626c6403e6dc295498d233dd90c4152efcd12b9240cfbf,502,PRIVATE_SOURCE_PUBLIC_AGGREGATE,False,SEC-RESULTS-WHERE,"[""RPT-T13""]","[""RPT-F07""]",,RESULTS_CATALOGUE_PLAN:eb3aa9110fc06acd8cd9e2a375b64bcfa5a60d768ef6f37f16e1c693576c5c93,VERIFIED,"{""display_only_overlay_normalization"":true,""full_ct_case_feasibility"":""REGISTERED_SEPARATELY_IN_CAT_Q"",""matched_random_masks_per_valid_map"":20,""occlusion_evidence_available"":true,""quantitative_faithfulness_uses_raw_fp32"":true,""raw_map_dtype"":""FP32"",""raw_map_normalized"":false,""raw_map_storage"":""mac-archive://p9/spatial/standard_cbm/fold_1/shards"",""requested_map_count"":502,""undefined_map_count"":1,""undefined_rate"":0.00199203187250996,""valid_map_count"":501}"
RES-P9-GRADCAM-STANDARD_CBM-FOLD1-CALCIFICATION,CAT-L,gradcam_model_fold_target,P9,standard_cbm,1,calcification,Raw FP32 Grad-CAM and occlusion inventory,Where is this frozen target spatially sensitive?,PASS,RESULT_ALREADY_EXISTS,USED_MAIN_TEXT,ART-P9-SPATIAL,repo://,artifacts/baseline_v2/audit/p9/spatial.json,models.standard_cbm.folds[1].targets.calcification,64656d54e573e2ce8c626c6403e6dc295498d233dd90c4152efcd12b9240cfbf,502,PRIVATE_SOURCE_PUBLIC_AGGREGATE,False,SEC-RESULTS-WHERE,"[""RPT-T13""]","[""RPT-F07""]",,RESULTS_CATALOGUE_PLAN:eb3aa9110fc06acd8cd9e2a375b64bcfa5a60d768ef6f37f16e1c693576c5c93,VERIFIED,"{""display_only_overlay_normalization"":true,""full_ct_case_feasibility"":""REGISTERED_SEPARATELY_IN_CAT_Q"",""matched_random_masks_per_valid_map"":20,""occlusion_evidence_available"":true,""quantitative_faithfulness_uses_raw_fp32"":true,""raw_map_dtype"":""FP32"",""raw_map_normalized"":false,""raw_map_storage"":""mac-archive://p9/spatial/standard_cbm/fold_1/shards"",""requested_map_count"":502,""undefined_map_count"":193,""undefined_rate"":0.3844621513944223,""valid_map_count"":309}"
RES-P9-GRADCAM-STANDARD_CBM-FOLD1-SPHERICITY,CAT-L,gradcam_model_fold_target,P9,standard_cbm,1,sphericity,Raw FP32 Grad-CAM and occlusion inventory,Where is this frozen target spatially sensitive?,PASS,RESULT_ALREADY_EXISTS,USED_MAIN_TEXT,ART-P9-SPATIAL,repo://,artifacts/baseline_v2/audit/p9/spatial.json,models.standard_cbm.folds[1].targets.sphericity,64656d54e573e2ce8c626c6403e6dc295498d233dd90c4152efcd12b9240cfbf,502,PRIVATE_SOURCE_PUBLIC_AGGREGATE,False,SEC-RESULTS-WHERE,"[""RPT-T13""]","[""RPT-F07""]",,RESULTS_CATALOGUE_PLAN:eb3aa9110fc06acd8cd9e2a375b64bcfa5a60d768ef6f37f16e1c693576c5c93,VERIFIED,"{""display_only_overlay_normalization"":true,""full_ct_case_feasibility"":""REGISTERED_SEPARATELY_IN_CAT_Q"",""matched_random_masks_per_valid_map"":20,""occlusion_evidence_available"":true,""quantitative_faithfulness_uses_raw_fp32"":true,""raw_map_dtype"":""FP32"",""raw_map_normalized"":false,""raw_map_storage"":""mac-archive://p9/spatial/standard_cbm/fold_1/shards"",""requested_map_count"":502,""undefined_map_count"":1,""undefined_rate"":0.00199203187250996,""valid_map_count"":501}"
RES-P9-GRADCAM-STANDARD_CBM-FOLD1-MARGIN,CAT-L,gradcam_model_fold_target,P9,standard_cbm,1,margin,Raw FP32 Grad-CAM and occlusion inventory,Where is this frozen target spatially sensitive?,PASS,RESULT_ALREADY_EXISTS,USED_MAIN_TEXT,ART-P9-SPATIAL,repo://,artifacts/baseline_v2/audit/p9/spatial.json,models.standard_cbm.folds[1].targets.margin,64656d54e573e2ce8c626c6403e6dc295498d233dd90c4152efcd12b9240cfbf,502,PRIVATE_SOURCE_PUBLIC_AGGREGATE,False,SEC-RESULTS-WHERE,"[""RPT-T13""]","[""RPT-F07""]",,RESULTS_CATALOGUE_PLAN:eb3aa9110fc06acd8cd9e2a375b64bcfa5a60d768ef6f37f16e1c693576c5c93,VERIFIED,"{""display_only_overlay_normalization"":true,""full_ct_case_feasibility"":""REGISTERED_SEPARATELY_IN_CAT_Q"",""matched_random_masks_per_valid_map"":20,""occlusion_evidence_available"":true,""quantitative_faithfulness_uses_raw_fp32"":true,""raw_map_dtype"":""FP32"",""raw_map_normalized"":false,""raw_map_storage"":""mac-archive://p9/spatial/standard_cbm/fold_1/shards"",""requested_map_count"":502,""undefined_map_count"":0,""undefined_rate"":0.0,""valid_map_count"":502}"
RES-P9-GRADCAM-STANDARD_CBM-FOLD1-LOBULATION,CAT-L,gradcam_model_fold_target,P9,standard_cbm,1,lobulation,Raw FP32 Grad-CAM and occlusion inventory,Where is this frozen target spatially sensitive?,PASS,RESULT_ALREADY_EXISTS,USED_MAIN_TEXT,ART-P9-SPATIAL,repo://,artifacts/baseline_v2/audit/p9/spatial.json,models.standard_cbm.folds[1].targets.lobulation,64656d54e573e2ce8c626c6403e6dc295498d233dd90c4152efcd12b9240cfbf,502,PRIVATE_SOURCE_PUBLIC_AGGREGATE,False,SEC-RESULTS-WHERE,"[""RPT-T13""]","[""RPT-F07""]",,RESULTS_CATALOGUE_PLAN:eb3aa9110fc06acd8cd9e2a375b64bcfa5a60d768ef6f37f16e1c693576c5c93,VERIFIED,"{""display_only_overlay_normalization"":true,""full_ct_case_feasibility"":""REGISTERED_SEPARATELY_IN_CAT_Q"",""matched_random_masks_per_valid_map"":20,""occlusion_evidence_available"":true,""quantitative_faithfulness_uses_raw_fp32"":true,""raw_map_dtype"":""FP32"",""raw_map_normalized"":false,""raw_map_storage"":""mac-archive://p9/spatial/standard_cbm/fold_1/shards"",""requested_map_count"":502,""undefined_map_count"":0,""undefined_rate"":0.0,""valid_map_count"":502}"
RES-P9-GRADCAM-STANDARD_CBM-FOLD1-SPICULATION,CAT-L,gradcam_model_fold_target,P9,standard_cbm,1,spiculation,Raw FP32 Grad-CAM and occlusion inventory,Where is this frozen target spatially sensitive?,PASS,RESULT_ALREADY_EXISTS,USED_MAIN_TEXT,ART-P9-SPATIAL,repo://,artifacts/baseline_v2/audit/p9/spatial.json,models.standard_cbm.folds[1].targets.spiculation,64656d54e573e2ce8c626c6403e6dc295498d233dd90c4152efcd12b9240cfbf,502,PRIVATE_SOURCE_PUBLIC_AGGREGATE,False,SEC-RESULTS-WHERE,"[""RPT-T13""]","[""RPT-F07""]",,RESULTS_CATALOGUE_PLAN:eb3aa9110fc06acd8cd9e2a375b64bcfa5a60d768ef6f37f16e1c693576c5c93,VERIFIED,"{""display_only_overlay_normalization"":true,""full_ct_case_feasibility"":""REGISTERED_SEPARATELY_IN_CAT_Q"",""matched_random_masks_per_valid_map"":20,""occlusion_evidence_available"":true,""quantitative_faithfulness_uses_raw_fp32"":true,""raw_map_dtype"":""FP32"",""raw_map_normalized"":false,""raw_map_storage"":""mac-archive://p9/spatial/standard_cbm/fold_1/shards"",""requested_map_count"":502,""undefined_map_count"":2,""undefined_rate"":0.00398406374501992,""valid_map_count"":500}"
RES-P9-GRADCAM-STANDARD_CBM-FOLD1-TEXTURE,CAT-L,gradcam_model_fold_target,P9,standard_cbm,1,texture,Raw FP32 Grad-CAM and occlusion inventory,Where is this frozen target spatially sensitive?,PASS,RESULT_ALREADY_EXISTS,USED_MAIN_TEXT,ART-P9-SPATIAL,repo://,artifacts/baseline_v2/audit/p9/spatial.json,models.standard_cbm.folds[1].targets.texture,64656d54e573e2ce8c626c6403e6dc295498d233dd90c4152efcd12b9240cfbf,502,PRIVATE_SOURCE_PUBLIC_AGGREGATE,False,SEC-RESULTS-WHERE,"[""RPT-T13""]","[""RPT-F07""]",,RESULTS_CATALOGUE_PLAN:eb3aa9110fc06acd8cd9e2a375b64bcfa5a60d768ef6f37f16e1c693576c5c93,VERIFIED,"{""display_only_overlay_normalization"":true,""full_ct_case_feasibility"":""REGISTERED_SEPARATELY_IN_CAT_Q"",""matched_random_masks_per_valid_map"":20,""occlusion_evidence_available"":true,""quantitative_faithfulness_uses_raw_fp32"":true,""raw_map_dtype"":""FP32"",""raw_map_normalized"":false,""raw_map_storage"":""mac-archive://p9/spatial/standard_cbm/fold_1/shards"",""requested_map_count"":502,""undefined_map_count"":0,""undefined_rate"":0.0,""valid_map_count"":502}"
RES-P9-GRADCAM-STANDARD_CBM-FOLD2-MALIGNANCY,CAT-L,gradcam_model_fold_target,P9,standard_cbm,2,malignancy,Raw FP32 Grad-CAM and occlusion inventory,Where is this frozen target spatially sensitive?,PASS,RESULT_ALREADY_EXISTS,USED_MAIN_TEXT,ART-P9-SPATIAL,repo://,artifacts/baseline_v2/audit/p9/spatial.json,models.standard_cbm.folds[2].targets.malignancy,64656d54e573e2ce8c626c6403e6dc295498d233dd90c4152efcd12b9240cfbf,539,PRIVATE_SOURCE_PUBLIC_AGGREGATE,False,SEC-RESULTS-WHERE,"[""RPT-T13""]","[""RPT-F07""]",,RESULTS_CATALOGUE_PLAN:eb3aa9110fc06acd8cd9e2a375b64bcfa5a60d768ef6f37f16e1c693576c5c93,VERIFIED,"{""display_only_overlay_normalization"":true,""full_ct_case_feasibility"":""REGISTERED_SEPARATELY_IN_CAT_Q"",""matched_random_masks_per_valid_map"":20,""occlusion_evidence_available"":true,""quantitative_faithfulness_uses_raw_fp32"":true,""raw_map_dtype"":""FP32"",""raw_map_normalized"":false,""raw_map_storage"":""mac-archive://p9/spatial/standard_cbm/fold_2/shards"",""requested_map_count"":539,""undefined_map_count"":83,""undefined_rate"":0.15398886827458255,""valid_map_count"":456}"
RES-P9-GRADCAM-STANDARD_CBM-FOLD2-SUBTLETY,CAT-L,gradcam_model_fold_target,P9,standard_cbm,2,subtlety,Raw FP32 Grad-CAM and occlusion inventory,Where is this frozen target spatially sensitive?,PASS,RESULT_ALREADY_EXISTS,USED_MAIN_TEXT,ART-P9-SPATIAL,repo://,artifacts/baseline_v2/audit/p9/spatial.json,models.standard_cbm.folds[2].targets.subtlety,64656d54e573e2ce8c626c6403e6dc295498d233dd90c4152efcd12b9240cfbf,539,PRIVATE_SOURCE_PUBLIC_AGGREGATE,False,SEC-RESULTS-WHERE,"[""RPT-T13""]","[""RPT-F07""]",,RESULTS_CATALOGUE_PLAN:eb3aa9110fc06acd8cd9e2a375b64bcfa5a60d768ef6f37f16e1c693576c5c93,VERIFIED,"{""display_only_overlay_normalization"":true,""full_ct_case_feasibility"":""REGISTERED_SEPARATELY_IN_CAT_Q"",""matched_random_masks_per_valid_map"":20,""occlusion_evidence_available"":true,""quantitative_faithfulness_uses_raw_fp32"":true,""raw_map_dtype"":""FP32"",""raw_map_normalized"":false,""raw_map_storage"":""mac-archive://p9/spatial/standard_cbm/fold_2/shards"",""requested_map_count"":539,""undefined_map_count"":5,""undefined_rate"":0.00927643784786642,""valid_map_count"":534}"
RES-P9-GRADCAM-STANDARD_CBM-FOLD2-INTERNALSTRUCTURE,CAT-L,gradcam_model_fold_target,P9,standard_cbm,2,internalStructure,Raw FP32 Grad-CAM and occlusion inventory,Where is this frozen target spatially sensitive?,PASS,RESULT_ALREADY_EXISTS,USED_MAIN_TEXT,ART-P9-SPATIAL,repo://,artifacts/baseline_v2/audit/p9/spatial.json,models.standard_cbm.folds[2].targets.internalStructure,64656d54e573e2ce8c626c6403e6dc295498d233dd90c4152efcd12b9240cfbf,539,PRIVATE_SOURCE_PUBLIC_AGGREGATE,False,SEC-RESULTS-WHERE,"[""RPT-T13""]","[""RPT-F07""]",,RESULTS_CATALOGUE_PLAN:eb3aa9110fc06acd8cd9e2a375b64bcfa5a60d768ef6f37f16e1c693576c5c93,VERIFIED,"{""display_only_overlay_normalization"":true,""full_ct_case_feasibility"":""REGISTERED_SEPARATELY_IN_CAT_Q"",""matched_random_masks_per_valid_map"":20,""occlusion_evidence_available"":true,""quantitative_faithfulness_uses_raw_fp32"":true,""raw_map_dtype"":""FP32"",""raw_map_normalized"":false,""raw_map_storage"":""mac-archive://p9/spatial/standard_cbm/fold_2/shards"",""requested_map_count"":539,""undefined_map_count"":9,""undefined_rate"":0.016697588126159554,""valid_map_count"":530}"
RES-P9-GRADCAM-STANDARD_CBM-FOLD2-CALCIFICATION,CAT-L,gradcam_model_fold_target,P9,standard_cbm,2,calcification,Raw FP32 Grad-CAM and occlusion inventory,Where is this frozen target spatially sensitive?,PASS,RESULT_ALREADY_EXISTS,USED_MAIN_TEXT,ART-P9-SPATIAL,repo://,artifacts/baseline_v2/audit/p9/spatial.json,models.standard_cbm.folds[2].targets.calcification,64656d54e573e2ce8c626c6403e6dc295498d233dd90c4152efcd12b9240cfbf,539,PRIVATE_SOURCE_PUBLIC_AGGREGATE,False,SEC-RESULTS-WHERE,"[""RPT-T13""]","[""RPT-F07""]",,RESULTS_CATALOGUE_PLAN:eb3aa9110fc06acd8cd9e2a375b64bcfa5a60d768ef6f37f16e1c693576c5c93,VERIFIED,"{""display_only_overlay_normalization"":true,""full_ct_case_feasibility"":""REGISTERED_SEPARATELY_IN_CAT_Q"",""matched_random_masks_per_valid_map"":20,""occlusion_evidence_available"":true,""quantitative_faithfulness_uses_raw_fp32"":true,""raw_map_dtype"":""FP32"",""raw_map_normalized"":false,""raw_map_storage"":""mac-archive://p9/spatial/standard_cbm/fold_2/shards"",""requested_map_count"":539,""undefined_map_count"":46,""undefined_rate"":0.08534322820037106,""valid_map_count"":493}"
RES-P9-GRADCAM-STANDARD_CBM-FOLD2-SPHERICITY,CAT-L,gradcam_model_fold_target,P9,standard_cbm,2,sphericity,Raw FP32 Grad-CAM and occlusion inventory,Where is this frozen target spatially sensitive?,PASS,RESULT_ALREADY_EXISTS,USED_MAIN_TEXT,ART-P9-SPATIAL,repo://,artifacts/baseline_v2/audit/p9/spatial.json,models.standard_cbm.folds[2].targets.sphericity,64656d54e573e2ce8c626c6403e6dc295498d233dd90c4152efcd12b9240cfbf,539,PRIVATE_SOURCE_PUBLIC_AGGREGATE,False,SEC-RESULTS-WHERE,"[""RPT-T13""]","[""RPT-F07""]",,RESULTS_CATALOGUE_PLAN:eb3aa9110fc06acd8cd9e2a375b64bcfa5a60d768ef6f37f16e1c693576c5c93,VERIFIED,"{""display_only_overlay_normalization"":true,""full_ct_case_feasibility"":""REGISTERED_SEPARATELY_IN_CAT_Q"",""matched_random_masks_per_valid_map"":20,""occlusion_evidence_available"":true,""quantitative_faithfulness_uses_raw_fp32"":true,""raw_map_dtype"":""FP32"",""raw_map_normalized"":false,""raw_map_storage"":""mac-archive://p9/spatial/standard_cbm/fold_2/shards"",""requested_map_count"":539,""undefined_map_count"":1,""undefined_rate"":0.0018552875695732839,""valid_map_count"":538}"
RES-P9-GRADCAM-STANDARD_CBM-FOLD2-MARGIN,CAT-L,gradcam_model_fold_target,P9,standard_cbm,2,margin,Raw FP32 Grad-CAM and occlusion inventory,Where is this frozen target spatially sensitive?,PASS,RESULT_ALREADY_EXISTS,USED_MAIN_TEXT,ART-P9-SPATIAL,repo://,artifacts/baseline_v2/audit/p9/spatial.json,models.standard_cbm.folds[2].targets.margin,64656d54e573e2ce8c626c6403e6dc295498d233dd90c4152efcd12b9240cfbf,539,PRIVATE_SOURCE_PUBLIC_AGGREGATE,False,SEC-RESULTS-WHERE,"[""RPT-T13""]","[""RPT-F07""]",,RESULTS_CATALOGUE_PLAN:eb3aa9110fc06acd8cd9e2a375b64bcfa5a60d768ef6f37f16e1c693576c5c93,VERIFIED,"{""display_only_overlay_normalization"":true,""full_ct_case_feasibility"":""REGISTERED_SEPARATELY_IN_CAT_Q"",""matched_random_masks_per_valid_map"":20,""occlusion_evidence_available"":true,""quantitative_faithfulness_uses_raw_fp32"":true,""raw_map_dtype"":""FP32"",""raw_map_normalized"":false,""raw_map_storage"":""mac-archive://p9/spatial/standard_cbm/fold_2/shards"",""requested_map_count"":539,""undefined_map_count"":10,""undefined_rate"":0.01855287569573284,""valid_map_count"":529}"
RES-P9-GRADCAM-STANDARD_CBM-FOLD2-LOBULATION,CAT-L,gradcam_model_fold_target,P9,standard_cbm,2,lobulation,Raw FP32 Grad-CAM and occlusion inventory,Where is this frozen target spatially sensitive?,PASS,RESULT_ALREADY_EXISTS,USED_MAIN_TEXT,ART-P9-SPATIAL,repo://,artifacts/baseline_v2/audit/p9/spatial.json,models.standard_cbm.folds[2].targets.lobulation,64656d54e573e2ce8c626c6403e6dc295498d233dd90c4152efcd12b9240cfbf,539,PRIVATE_SOURCE_PUBLIC_AGGREGATE,False,SEC-RESULTS-WHERE,"[""RPT-T13""]","[""RPT-F07""]",,RESULTS_CATALOGUE_PLAN:eb3aa9110fc06acd8cd9e2a375b64bcfa5a60d768ef6f37f16e1c693576c5c93,VERIFIED,"{""display_only_overlay_normalization"":true,""full_ct_case_feasibility"":""REGISTERED_SEPARATELY_IN_CAT_Q"",""matched_random_masks_per_valid_map"":20,""occlusion_evidence_available"":true,""quantitative_faithfulness_uses_raw_fp32"":true,""raw_map_dtype"":""FP32"",""raw_map_normalized"":false,""raw_map_storage"":""mac-archive://p9/spatial/standard_cbm/fold_2/shards"",""requested_map_count"":539,""undefined_map_count"":87,""undefined_rate"":0.1614100185528757,""valid_map_count"":452}"
RES-P9-GRADCAM-STANDARD_CBM-FOLD2-SPICULATION,CAT-L,gradcam_model_fold_target,P9,standard_cbm,2,spiculation,Raw FP32 Grad-CAM and occlusion inventory,Where is this frozen target spatially sensitive?,PASS,RESULT_ALREADY_EXISTS,USED_MAIN_TEXT,ART-P9-SPATIAL,repo://,artifacts/baseline_v2/audit/p9/spatial.json,models.standard_cbm.folds[2].targets.spiculation,64656d54e573e2ce8c626c6403e6dc295498d233dd90c4152efcd12b9240cfbf,539,PRIVATE_SOURCE_PUBLIC_AGGREGATE,False,SEC-RESULTS-WHERE,"[""RPT-T13""]","[""RPT-F07""]",,RESULTS_CATALOGUE_PLAN:eb3aa9110fc06acd8cd9e2a375b64bcfa5a60d768ef6f37f16e1c693576c5c93,VERIFIED,"{""display_only_overlay_normalization"":true,""full_ct_case_feasibility"":""REGISTERED_SEPARATELY_IN_CAT_Q"",""matched_random_masks_per_valid_map"":20,""occlusion_evidence_available"":true,""quantitative_faithfulness_uses_raw_fp32"":true,""raw_map_dtype"":""FP32"",""raw_map_normalized"":false,""raw_map_storage"":""mac-archive://p9/spatial/standard_cbm/fold_2/shards"",""requested_map_count"":539,""undefined_map_count"":9,""undefined_rate"":0.016697588126159554,""valid_map_count"":530}"
RES-P9-GRADCAM-STANDARD_CBM-FOLD2-TEXTURE,CAT-L,gradcam_model_fold_target,P9,standard_cbm,2,texture,Raw FP32 Grad-CAM and occlusion inventory,Where is this frozen target spatially sensitive?,PASS,RESULT_ALREADY_EXISTS,USED_MAIN_TEXT,ART-P9-SPATIAL,repo://,artifacts/baseline_v2/audit/p9/spatial.json,models.standard_cbm.folds[2].targets.texture,64656d54e573e2ce8c626c6403e6dc295498d233dd90c4152efcd12b9240cfbf,539,PRIVATE_SOURCE_PUBLIC_AGGREGATE,False,SEC-RESULTS-WHERE,"[""RPT-T13""]","[""RPT-F07""]",,RESULTS_CATALOGUE_PLAN:eb3aa9110fc06acd8cd9e2a375b64bcfa5a60d768ef6f37f16e1c693576c5c93,VERIFIED,"{""display_only_overlay_normalization"":true,""full_ct_case_feasibility"":""REGISTERED_SEPARATELY_IN_CAT_Q"",""matched_random_masks_per_valid_map"":20,""occlusion_evidence_available"":true,""quantitative_faithfulness_uses_raw_fp32"":true,""raw_map_dtype"":""FP32"",""raw_map_normalized"":false,""raw_map_storage"":""mac-archive://p9/spatial/standard_cbm/fold_2/shards"",""requested_map_count"":539,""undefined_map_count"":10,""undefined_rate"":0.01855287569573284,""valid_map_count"":529}"
RES-P9-GRADCAM-STANDARD_CBM-FOLD3-MALIGNANCY,CAT-L,gradcam_model_fold_target,P9,standard_cbm,3,malignancy,Raw FP32 Grad-CAM and occlusion inventory,Where is this frozen target spatially sensitive?,PASS,RESULT_ALREADY_EXISTS,USED_MAIN_TEXT,ART-P9-SPATIAL,repo://,artifacts/baseline_v2/audit/p9/spatial.json,models.standard_cbm.folds[3].targets.malignancy,64656d54e573e2ce8c626c6403e6dc295498d233dd90c4152efcd12b9240cfbf,549,PRIVATE_SOURCE_PUBLIC_AGGREGATE,False,SEC-RESULTS-WHERE,"[""RPT-T13""]","[""RPT-F07""]",,RESULTS_CATALOGUE_PLAN:eb3aa9110fc06acd8cd9e2a375b64bcfa5a60d768ef6f37f16e1c693576c5c93,VERIFIED,"{""display_only_overlay_normalization"":true,""full_ct_case_feasibility"":""REGISTERED_SEPARATELY_IN_CAT_Q"",""matched_random_masks_per_valid_map"":20,""occlusion_evidence_available"":true,""quantitative_faithfulness_uses_raw_fp32"":true,""raw_map_dtype"":""FP32"",""raw_map_normalized"":false,""raw_map_storage"":""mac-archive://p9/spatial/standard_cbm/fold_3/shards"",""requested_map_count"":549,""undefined_map_count"":14,""undefined_rate"":0.025500910746812388,""valid_map_count"":535}"
RES-P9-GRADCAM-STANDARD_CBM-FOLD3-SUBTLETY,CAT-L,gradcam_model_fold_target,P9,standard_cbm,3,subtlety,Raw FP32 Grad-CAM and occlusion inventory,Where is this frozen target spatially sensitive?,PASS,RESULT_ALREADY_EXISTS,USED_MAIN_TEXT,ART-P9-SPATIAL,repo://,artifacts/baseline_v2/audit/p9/spatial.json,models.standard_cbm.folds[3].targets.subtlety,64656d54e573e2ce8c626c6403e6dc295498d233dd90c4152efcd12b9240cfbf,549,PRIVATE_SOURCE_PUBLIC_AGGREGATE,False,SEC-RESULTS-WHERE,"[""RPT-T13""]","[""RPT-F07""]",,RESULTS_CATALOGUE_PLAN:eb3aa9110fc06acd8cd9e2a375b64bcfa5a60d768ef6f37f16e1c693576c5c93,VERIFIED,"{""display_only_overlay_normalization"":true,""full_ct_case_feasibility"":""REGISTERED_SEPARATELY_IN_CAT_Q"",""matched_random_masks_per_valid_map"":20,""occlusion_evidence_available"":true,""quantitative_faithfulness_uses_raw_fp32"":true,""raw_map_dtype"":""FP32"",""raw_map_normalized"":false,""raw_map_storage"":""mac-archive://p9/spatial/standard_cbm/fold_3/shards"",""requested_map_count"":549,""undefined_map_count"":27,""undefined_rate"":0.04918032786885246,""valid_map_count"":522}"
RES-P9-GRADCAM-STANDARD_CBM-FOLD3-INTERNALSTRUCTURE,CAT-L,gradcam_model_fold_target,P9,standard_cbm,3,internalStructure,Raw FP32 Grad-CAM and occlusion inventory,Where is this frozen target spatially sensitive?,PASS,RESULT_ALREADY_EXISTS,USED_MAIN_TEXT,ART-P9-SPATIAL,repo://,artifacts/baseline_v2/audit/p9/spatial.json,models.standard_cbm.folds[3].targets.internalStructure,64656d54e573e2ce8c626c6403e6dc295498d233dd90c4152efcd12b9240cfbf,549,PRIVATE_SOURCE_PUBLIC_AGGREGATE,False,SEC-RESULTS-WHERE,"[""RPT-T13""]","[""RPT-F07""]",,RESULTS_CATALOGUE_PLAN:eb3aa9110fc06acd8cd9e2a375b64bcfa5a60d768ef6f37f16e1c693576c5c93,VERIFIED,"{""display_only_overlay_normalization"":true,""full_ct_case_feasibility"":""REGISTERED_SEPARATELY_IN_CAT_Q"",""matched_random_masks_per_valid_map"":20,""occlusion_evidence_available"":true,""quantitative_faithfulness_uses_raw_fp32"":true,""raw_map_dtype"":""FP32"",""raw_map_normalized"":false,""raw_map_storage"":""mac-archive://p9/spatial/standard_cbm/fold_3/shards"",""requested_map_count"":549,""undefined_map_count"":11,""undefined_rate"":0.020036429872495445,""valid_map_count"":538}"
RES-P9-GRADCAM-STANDARD_CBM-FOLD3-CALCIFICATION,CAT-L,gradcam_model_fold_target,P9,standard_cbm,3,calcification,Raw FP32 Grad-CAM and occlusion inventory,Where is this frozen target spatially sensitive?,PASS,RESULT_ALREADY_EXISTS,USED_MAIN_TEXT,ART-P9-SPATIAL,repo://,artifacts/baseline_v2/audit/p9/spatial.json,models.standard_cbm.folds[3].targets.calcification,64656d54e573e2ce8c626c6403e6dc295498d233dd90c4152efcd12b9240cfbf,549,PRIVATE_SOURCE_PUBLIC_AGGREGATE,False,SEC-RESULTS-WHERE,"[""RPT-T13""]","[""RPT-F07""]",,RESULTS_CATALOGUE_PLAN:eb3aa9110fc06acd8cd9e2a375b64bcfa5a60d768ef6f37f16e1c693576c5c93,VERIFIED,"{""display_only_overlay_normalization"":true,""full_ct_case_feasibility"":""REGISTERED_SEPARATELY_IN_CAT_Q"",""matched_random_masks_per_valid_map"":20,""occlusion_evidence_available"":true,""quantitative_faithfulness_uses_raw_fp32"":true,""raw_map_dtype"":""FP32"",""raw_map_normalized"":false,""raw_map_storage"":""mac-archive://p9/spatial/standard_cbm/fold_3/shards"",""requested_map_count"":549,""undefined_map_count"":1,""undefined_rate"":0.0018214936247723133,""valid_map_count"":548}"
RES-P9-GRADCAM-STANDARD_CBM-FOLD3-SPHERICITY,CAT-L,gradcam_model_fold_target,P9,standard_cbm,3,sphericity,Raw FP32 Grad-CAM and occlusion inventory,Where is this frozen target spatially sensitive?,PASS,RESULT_ALREADY_EXISTS,USED_MAIN_TEXT,ART-P9-SPATIAL,repo://,artifacts/baseline_v2/audit/p9/spatial.json,models.standard_cbm.folds[3].targets.sphericity,64656d54e573e2ce8c626c6403e6dc295498d233dd90c4152efcd12b9240cfbf,549,PRIVATE_SOURCE_PUBLIC_AGGREGATE,False,SEC-RESULTS-WHERE,"[""RPT-T13""]","[""RPT-F07""]",,RESULTS_CATALOGUE_PLAN:eb3aa9110fc06acd8cd9e2a375b64bcfa5a60d768ef6f37f16e1c693576c5c93,VERIFIED,"{""display_only_overlay_normalization"":true,""full_ct_case_feasibility"":""REGISTERED_SEPARATELY_IN_CAT_Q"",""matched_random_masks_per_valid_map"":20,""occlusion_evidence_available"":true,""quantitative_faithfulness_uses_raw_fp32"":true,""raw_map_dtype"":""FP32"",""raw_map_normalized"":false,""raw_map_storage"":""mac-archive://p9/spatial/standard_cbm/fold_3/shards"",""requested_map_count"":549,""undefined_map_count"":0,""undefined_rate"":0.0,""valid_map_count"":549}"
RES-P9-GRADCAM-STANDARD_CBM-FOLD3-MARGIN,CAT-L,gradcam_model_fold_target,P9,standard_cbm,3,margin,Raw FP32 Grad-CAM and occlusion inventory,Where is this frozen target spatially sensitive?,PASS,RESULT_ALREADY_EXISTS,USED_MAIN_TEXT,ART-P9-SPATIAL,repo://,artifacts/baseline_v2/audit/p9/spatial.json,models.standard_cbm.folds[3].targets.margin,64656d54e573e2ce8c626c6403e6dc295498d233dd90c4152efcd12b9240cfbf,549,PRIVATE_SOURCE_PUBLIC_AGGREGATE,False,SEC-RESULTS-WHERE,"[""RPT-T13""]","[""RPT-F07""]",,RESULTS_CATALOGUE_PLAN:eb3aa9110fc06acd8cd9e2a375b64bcfa5a60d768ef6f37f16e1c693576c5c93,VERIFIED,"{""display_only_overlay_normalization"":true,""full_ct_case_feasibility"":""REGISTERED_SEPARATELY_IN_CAT_Q"",""matched_random_masks_per_valid_map"":20,""occlusion_evidence_available"":true,""quantitative_faithfulness_uses_raw_fp32"":true,""raw_map_dtype"":""FP32"",""raw_map_normalized"":false,""raw_map_storage"":""mac-archive://p9/spatial/standard_cbm/fold_3/shards"",""requested_map_count"":549,""undefined_map_count"":0,""undefined_rate"":0.0,""valid_map_count"":549}"
RES-P9-GRADCAM-STANDARD_CBM-FOLD3-LOBULATION,CAT-L,gradcam_model_fold_target,P9,standard_cbm,3,lobulation,Raw FP32 Grad-CAM and occlusion inventory,Where is this frozen target spatially sensitive?,PASS,RESULT_ALREADY_EXISTS,USED_MAIN_TEXT,ART-P9-SPATIAL,repo://,artifacts/baseline_v2/audit/p9/spatial.json,models.standard_cbm.folds[3].targets.lobulation,64656d54e573e2ce8c626c6403e6dc295498d233dd90c4152efcd12b9240cfbf,549,PRIVATE_SOURCE_PUBLIC_AGGREGATE,False,SEC-RESULTS-WHERE,"[""RPT-T13""]","[""RPT-F07""]",,RESULTS_CATALOGUE_PLAN:eb3aa9110fc06acd8cd9e2a375b64bcfa5a60d768ef6f37f16e1c693576c5c93,VERIFIED,"{""display_only_overlay_normalization"":true,""full_ct_case_feasibility"":""REGISTERED_SEPARATELY_IN_CAT_Q"",""matched_random_masks_per_valid_map"":20,""occlusion_evidence_available"":true,""quantitative_faithfulness_uses_raw_fp32"":true,""raw_map_dtype"":""FP32"",""raw_map_normalized"":false,""raw_map_storage"":""mac-archive://p9/spatial/standard_cbm/fold_3/shards"",""requested_map_count"":549,""undefined_map_count"":0,""undefined_rate"":0.0,""valid_map_count"":549}"
RES-P9-GRADCAM-STANDARD_CBM-FOLD3-SPICULATION,CAT-L,gradcam_model_fold_target,P9,standard_cbm,3,spiculation,Raw FP32 Grad-CAM and occlusion inventory,Where is this frozen target spatially sensitive?,PASS,RESULT_ALREADY_EXISTS,USED_MAIN_TEXT,ART-P9-SPATIAL,repo://,artifacts/baseline_v2/audit/p9/spatial.json,models.standard_cbm.folds[3].targets.spiculation,64656d54e573e2ce8c626c6403e6dc295498d233dd90c4152efcd12b9240cfbf,549,PRIVATE_SOURCE_PUBLIC_AGGREGATE,False,SEC-RESULTS-WHERE,"[""RPT-T13""]","[""RPT-F07""]",,RESULTS_CATALOGUE_PLAN:eb3aa9110fc06acd8cd9e2a375b64bcfa5a60d768ef6f37f16e1c693576c5c93,VERIFIED,"{""display_only_overlay_normalization"":true,""full_ct_case_feasibility"":""REGISTERED_SEPARATELY_IN_CAT_Q"",""matched_random_masks_per_valid_map"":20,""occlusion_evidence_available"":true,""quantitative_faithfulness_uses_raw_fp32"":true,""raw_map_dtype"":""FP32"",""raw_map_normalized"":false,""raw_map_storage"":""mac-archive://p9/spatial/standard_cbm/fold_3/shards"",""requested_map_count"":549,""undefined_map_count"":0,""undefined_rate"":0.0,""valid_map_count"":549}"
RES-P9-GRADCAM-STANDARD_CBM-FOLD3-TEXTURE,CAT-L,gradcam_model_fold_target,P9,standard_cbm,3,texture,Raw FP32 Grad-CAM and occlusion inventory,Where is this frozen target spatially sensitive?,PASS,RESULT_ALREADY_EXISTS,USED_MAIN_TEXT,ART-P9-SPATIAL,repo://,artifacts/baseline_v2/audit/p9/spatial.json,models.standard_cbm.folds[3].targets.texture,64656d54e573e2ce8c626c6403e6dc295498d233dd90c4152efcd12b9240cfbf,549,PRIVATE_SOURCE_PUBLIC_AGGREGATE,False,SEC-RESULTS-WHERE,"[""RPT-T13""]","[""RPT-F07""]",,RESULTS_CATALOGUE_PLAN:eb3aa9110fc06acd8cd9e2a375b64bcfa5a60d768ef6f37f16e1c693576c5c93,VERIFIED,"{""display_only_overlay_normalization"":true,""full_ct_case_feasibility"":""REGISTERED_SEPARATELY_IN_CAT_Q"",""matched_random_masks_per_valid_map"":20,""occlusion_evidence_available"":true,""quantitative_faithfulness_uses_raw_fp32"":true,""raw_map_dtype"":""FP32"",""raw_map_normalized"":false,""raw_map_storage"":""mac-archive://p9/spatial/standard_cbm/fold_3/shards"",""requested_map_count"":549,""undefined_map_count"":0,""undefined_rate"":0.0,""valid_map_count"":549}"
RES-P9-GRADCAM-STANDARD_CBM-FOLD4-MALIGNANCY,CAT-L,gradcam_model_fold_target,P9,standard_cbm,4,malignancy,Raw FP32 Grad-CAM and occlusion inventory,Where is this frozen target spatially sensitive?,PASS,RESULT_ALREADY_EXISTS,USED_MAIN_TEXT,ART-P9-SPATIAL,repo://,artifacts/baseline_v2/audit/p9/spatial.json,models.standard_cbm.folds[4].targets.malignancy,64656d54e573e2ce8c626c6403e6dc295498d233dd90c4152efcd12b9240cfbf,564,PRIVATE_SOURCE_PUBLIC_AGGREGATE,False,SEC-RESULTS-WHERE,"[""RPT-T13""]","[""RPT-F07""]",,RESULTS_CATALOGUE_PLAN:eb3aa9110fc06acd8cd9e2a375b64bcfa5a60d768ef6f37f16e1c693576c5c93,VERIFIED,"{""display_only_overlay_normalization"":true,""full_ct_case_feasibility"":""REGISTERED_SEPARATELY_IN_CAT_Q"",""matched_random_masks_per_valid_map"":20,""occlusion_evidence_available"":true,""quantitative_faithfulness_uses_raw_fp32"":true,""raw_map_dtype"":""FP32"",""raw_map_normalized"":false,""raw_map_storage"":""mac-archive://p9/spatial/standard_cbm/fold_4/shards"",""requested_map_count"":564,""undefined_map_count"":4,""undefined_rate"":0.0070921985815602835,""valid_map_count"":560}"
RES-P9-GRADCAM-STANDARD_CBM-FOLD4-SUBTLETY,CAT-L,gradcam_model_fold_target,P9,standard_cbm,4,subtlety,Raw FP32 Grad-CAM and occlusion inventory,Where is this frozen target spatially sensitive?,PASS,RESULT_ALREADY_EXISTS,USED_MAIN_TEXT,ART-P9-SPATIAL,repo://,artifacts/baseline_v2/audit/p9/spatial.json,models.standard_cbm.folds[4].targets.subtlety,64656d54e573e2ce8c626c6403e6dc295498d233dd90c4152efcd12b9240cfbf,564,PRIVATE_SOURCE_PUBLIC_AGGREGATE,False,SEC-RESULTS-WHERE,"[""RPT-T13""]","[""RPT-F07""]",,RESULTS_CATALOGUE_PLAN:eb3aa9110fc06acd8cd9e2a375b64bcfa5a60d768ef6f37f16e1c693576c5c93,VERIFIED,"{""display_only_overlay_normalization"":true,""full_ct_case_feasibility"":""REGISTERED_SEPARATELY_IN_CAT_Q"",""matched_random_masks_per_valid_map"":20,""occlusion_evidence_available"":true,""quantitative_faithfulness_uses_raw_fp32"":true,""raw_map_dtype"":""FP32"",""raw_map_normalized"":false,""raw_map_storage"":""mac-archive://p9/spatial/standard_cbm/fold_4/shards"",""requested_map_count"":564,""undefined_map_count"":1,""undefined_rate"":0.0017730496453900709,""valid_map_count"":563}"
RES-P9-GRADCAM-STANDARD_CBM-FOLD4-INTERNALSTRUCTURE,CAT-L,gradcam_model_fold_target,P9,standard_cbm,4,internalStructure,Raw FP32 Grad-CAM and occlusion inventory,Where is this frozen target spatially sensitive?,PASS,RESULT_ALREADY_EXISTS,USED_MAIN_TEXT,ART-P9-SPATIAL,repo://,artifacts/baseline_v2/audit/p9/spatial.json,models.standard_cbm.folds[4].targets.internalStructure,64656d54e573e2ce8c626c6403e6dc295498d233dd90c4152efcd12b9240cfbf,564,PRIVATE_SOURCE_PUBLIC_AGGREGATE,False,SEC-RESULTS-WHERE,"[""RPT-T13""]","[""RPT-F07""]",,RESULTS_CATALOGUE_PLAN:eb3aa9110fc06acd8cd9e2a375b64bcfa5a60d768ef6f37f16e1c693576c5c93,VERIFIED,"{""display_only_overlay_normalization"":true,""full_ct_case_feasibility"":""REGISTERED_SEPARATELY_IN_CAT_Q"",""matched_random_masks_per_valid_map"":20,""occlusion_evidence_available"":true,""quantitative_faithfulness_uses_raw_fp32"":true,""raw_map_dtype"":""FP32"",""raw_map_normalized"":false,""raw_map_storage"":""mac-archive://p9/spatial/standard_cbm/fold_4/shards"",""requested_map_count"":564,""undefined_map_count"":9,""undefined_rate"":0.015957446808510637,""valid_map_count"":555}"
RES-P9-GRADCAM-STANDARD_CBM-FOLD4-CALCIFICATION,CAT-L,gradcam_model_fold_target,P9,standard_cbm,4,calcification,Raw FP32 Grad-CAM and occlusion inventory,Where is this frozen target spatially sensitive?,PASS,RESULT_ALREADY_EXISTS,USED_MAIN_TEXT,ART-P9-SPATIAL,repo://,artifacts/baseline_v2/audit/p9/spatial.json,models.standard_cbm.folds[4].targets.calcification,64656d54e573e2ce8c626c6403e6dc295498d233dd90c4152efcd12b9240cfbf,564,PRIVATE_SOURCE_PUBLIC_AGGREGATE,False,SEC-RESULTS-WHERE,"[""RPT-T13""]","[""RPT-F07""]",,RESULTS_CATALOGUE_PLAN:eb3aa9110fc06acd8cd9e2a375b64bcfa5a60d768ef6f37f16e1c693576c5c93,VERIFIED,"{""display_only_overlay_normalization"":true,""full_ct_case_feasibility"":""REGISTERED_SEPARATELY_IN_CAT_Q"",""matched_random_masks_per_valid_map"":20,""occlusion_evidence_available"":true,""quantitative_faithfulness_uses_raw_fp32"":true,""raw_map_dtype"":""FP32"",""raw_map_normalized"":false,""raw_map_storage"":""mac-archive://p9/spatial/standard_cbm/fold_4/shards"",""requested_map_count"":564,""undefined_map_count"":159,""undefined_rate"":0.28191489361702127,""valid_map_count"":405}"
RES-P9-GRADCAM-STANDARD_CBM-FOLD4-SPHERICITY,CAT-L,gradcam_model_fold_target,P9,standard_cbm,4,sphericity,Raw FP32 Grad-CAM and occlusion inventory,Where is this frozen target spatially sensitive?,PASS,RESULT_ALREADY_EXISTS,USED_MAIN_TEXT,ART-P9-SPATIAL,repo://,artifacts/baseline_v2/audit/p9/spatial.json,models.standard_cbm.folds[4].targets.sphericity,64656d54e573e2ce8c626c6403e6dc295498d233dd90c4152efcd12b9240cfbf,564,PRIVATE_SOURCE_PUBLIC_AGGREGATE,False,SEC-RESULTS-WHERE,"[""RPT-T13""]","[""RPT-F07""]",,RESULTS_CATALOGUE_PLAN:eb3aa9110fc06acd8cd9e2a375b64bcfa5a60d768ef6f37f16e1c693576c5c93,VERIFIED,"{""display_only_overlay_normalization"":true,""full_ct_case_feasibility"":""REGISTERED_SEPARATELY_IN_CAT_Q"",""matched_random_masks_per_valid_map"":20,""occlusion_evidence_available"":true,""quantitative_faithfulness_uses_raw_fp32"":true,""raw_map_dtype"":""FP32"",""raw_map_normalized"":false,""raw_map_storage"":""mac-archive://p9/spatial/standard_cbm/fold_4/shards"",""requested_map_count"":564,""undefined_map_count"":0,""undefined_rate"":0.0,""valid_map_count"":564}"
RES-P9-GRADCAM-STANDARD_CBM-FOLD4-MARGIN,CAT-L,gradcam_model_fold_target,P9,standard_cbm,4,margin,Raw FP32 Grad-CAM and occlusion inventory,Where is this frozen target spatially sensitive?,PASS,RESULT_ALREADY_EXISTS,USED_MAIN_TEXT,ART-P9-SPATIAL,repo://,artifacts/baseline_v2/audit/p9/spatial.json,models.standard_cbm.folds[4].targets.margin,64656d54e573e2ce8c626c6403e6dc295498d233dd90c4152efcd12b9240cfbf,564,PRIVATE_SOURCE_PUBLIC_AGGREGATE,False,SEC-RESULTS-WHERE,"[""RPT-T13""]","[""RPT-F07""]",,RESULTS_CATALOGUE_PLAN:eb3aa9110fc06acd8cd9e2a375b64bcfa5a60d768ef6f37f16e1c693576c5c93,VERIFIED,"{""display_only_overlay_normalization"":true,""full_ct_case_feasibility"":""REGISTERED_SEPARATELY_IN_CAT_Q"",""matched_random_masks_per_valid_map"":20,""occlusion_evidence_available"":true,""quantitative_faithfulness_uses_raw_fp32"":true,""raw_map_dtype"":""FP32"",""raw_map_normalized"":false,""raw_map_storage"":""mac-archive://p9/spatial/standard_cbm/fold_4/shards"",""requested_map_count"":564,""undefined_map_count"":0,""undefined_rate"":0.0,""valid_map_count"":564}"
RES-P9-GRADCAM-STANDARD_CBM-FOLD4-LOBULATION,CAT-L,gradcam_model_fold_target,P9,standard_cbm,4,lobulation,Raw FP32 Grad-CAM and occlusion inventory,Where is this frozen target spatially sensitive?,PASS,RESULT_ALREADY_EXISTS,USED_MAIN_TEXT,ART-P9-SPATIAL,repo://,artifacts/baseline_v2/audit/p9/spatial.json,models.standard_cbm.folds[4].targets.lobulation,64656d54e573e2ce8c626c6403e6dc295498d233dd90c4152efcd12b9240cfbf,564,PRIVATE_SOURCE_PUBLIC_AGGREGATE,False,SEC-RESULTS-WHERE,"[""RPT-T13""]","[""RPT-F07""]",,RESULTS_CATALOGUE_PLAN:eb3aa9110fc06acd8cd9e2a375b64bcfa5a60d768ef6f37f16e1c693576c5c93,VERIFIED,"{""display_only_overlay_normalization"":true,""full_ct_case_feasibility"":""REGISTERED_SEPARATELY_IN_CAT_Q"",""matched_random_masks_per_valid_map"":20,""occlusion_evidence_available"":true,""quantitative_faithfulness_uses_raw_fp32"":true,""raw_map_dtype"":""FP32"",""raw_map_normalized"":false,""raw_map_storage"":""mac-archive://p9/spatial/standard_cbm/fold_4/shards"",""requested_map_count"":564,""undefined_map_count"":1,""undefined_rate"":0.0017730496453900709,""valid_map_count"":563}"
RES-P9-GRADCAM-STANDARD_CBM-FOLD4-SPICULATION,CAT-L,gradcam_model_fold_target,P9,standard_cbm,4,spiculation,Raw FP32 Grad-CAM and occlusion inventory,Where is this frozen target spatially sensitive?,PASS,RESULT_ALREADY_EXISTS,USED_MAIN_TEXT,ART-P9-SPATIAL,repo://,artifacts/baseline_v2/audit/p9/spatial.json,models.standard_cbm.folds[4].targets.spiculation,64656d54e573e2ce8c626c6403e6dc295498d233dd90c4152efcd12b9240cfbf,564,PRIVATE_SOURCE_PUBLIC_AGGREGATE,False,SEC-RESULTS-WHERE,"[""RPT-T13""]","[""RPT-F07""]",,RESULTS_CATALOGUE_PLAN:eb3aa9110fc06acd8cd9e2a375b64bcfa5a60d768ef6f37f16e1c693576c5c93,VERIFIED,"{""display_only_overlay_normalization"":true,""full_ct_case_feasibility"":""REGISTERED_SEPARATELY_IN_CAT_Q"",""matched_random_masks_per_valid_map"":20,""occlusion_evidence_available"":true,""quantitative_faithfulness_uses_raw_fp32"":true,""raw_map_dtype"":""FP32"",""raw_map_normalized"":false,""raw_map_storage"":""mac-archive://p9/spatial/standard_cbm/fold_4/shards"",""requested_map_count"":564,""undefined_map_count"":0,""undefined_rate"":0.0,""valid_map_count"":564}"
RES-P9-GRADCAM-STANDARD_CBM-FOLD4-TEXTURE,CAT-L,gradcam_model_fold_target,P9,standard_cbm,4,texture,Raw FP32 Grad-CAM and occlusion inventory,Where is this frozen target spatially sensitive?,PASS,RESULT_ALREADY_EXISTS,USED_MAIN_TEXT,ART-P9-SPATIAL,repo://,artifacts/baseline_v2/audit/p9/spatial.json,models.standard_cbm.folds[4].targets.texture,64656d54e573e2ce8c626c6403e6dc295498d233dd90c4152efcd12b9240cfbf,564,PRIVATE_SOURCE_PUBLIC_AGGREGATE,False,SEC-RESULTS-WHERE,"[""RPT-T13""]","[""RPT-F07""]",,RESULTS_CATALOGUE_PLAN:eb3aa9110fc06acd8cd9e2a375b64bcfa5a60d768ef6f37f16e1c693576c5c93,VERIFIED,"{""display_only_overlay_normalization"":true,""full_ct_case_feasibility"":""REGISTERED_SEPARATELY_IN_CAT_Q"",""matched_random_masks_per_valid_map"":20,""occlusion_evidence_available"":true,""quantitative_faithfulness_uses_raw_fp32"":true,""raw_map_dtype"":""FP32"",""raw_map_normalized"":false,""raw_map_storage"":""mac-archive://p9/spatial/standard_cbm/fold_4/shards"",""requested_map_count"":564,""undefined_map_count"":3,""undefined_rate"":0.005319148936170213,""valid_map_count"":561}"
RES-P9-GRADCAM-STANDARD_CBM-POOLED-MALIGNANCY,CAT-L,gradcam_model_target_pooled,P9,standard_cbm,,malignancy,Pooled Grad-CAM accounting,How often is this target map valid or post-ReLU all-zero?,PASS,RESULT_ALREADY_EXISTS,USED_MAIN_TEXT,ART-P9-SPATIAL,repo://,artifacts/baseline_v2/audit/p9/spatial.json,models.standard_cbm.pooled_targets.malignancy,64656d54e573e2ce8c626c6403e6dc295498d233dd90c4152efcd12b9240cfbf,2633,PUBLIC_DEIDENTIFIED,False,SEC-RESULTS-WHERE,"[""RPT-T13""]","[""RPT-F07""]",,RESULTS_CATALOGUE_PLAN:eb3aa9110fc06acd8cd9e2a375b64bcfa5a60d768ef6f37f16e1c693576c5c93,VERIFIED,"{""confirmed_undefined_semantics"":""exactly all-zero post-ReLU Grad-CAM"",""requested_map_count"":2633,""undefined_map_count"":235,""undefined_rate"":0.08925180402582605,""valid_map_count"":2398}"
RES-P9-GRADCAM-STANDARD_CBM-POOLED-SUBTLETY,CAT-L,gradcam_model_target_pooled,P9,standard_cbm,,subtlety,Pooled Grad-CAM accounting,How often is this target map valid or post-ReLU all-zero?,PASS,RESULT_ALREADY_EXISTS,USED_MAIN_TEXT,ART-P9-SPATIAL,repo://,artifacts/baseline_v2/audit/p9/spatial.json,models.standard_cbm.pooled_targets.subtlety,64656d54e573e2ce8c626c6403e6dc295498d233dd90c4152efcd12b9240cfbf,2633,PUBLIC_DEIDENTIFIED,False,SEC-RESULTS-WHERE,"[""RPT-T13""]","[""RPT-F07""]",,RESULTS_CATALOGUE_PLAN:eb3aa9110fc06acd8cd9e2a375b64bcfa5a60d768ef6f37f16e1c693576c5c93,VERIFIED,"{""confirmed_undefined_semantics"":""exactly all-zero post-ReLU Grad-CAM"",""requested_map_count"":2633,""undefined_map_count"":57,""undefined_rate"":0.02164830991264717,""valid_map_count"":2576}"
RES-P9-GRADCAM-STANDARD_CBM-POOLED-INTERNALSTRUCTURE,CAT-L,gradcam_model_target_pooled,P9,standard_cbm,,internalStructure,Pooled Grad-CAM accounting,How often is this target map valid or post-ReLU all-zero?,PASS,RESULT_ALREADY_EXISTS,USED_MAIN_TEXT,ART-P9-SPATIAL,repo://,artifacts/baseline_v2/audit/p9/spatial.json,models.standard_cbm.pooled_targets.internalStructure,64656d54e573e2ce8c626c6403e6dc295498d233dd90c4152efcd12b9240cfbf,2633,PUBLIC_DEIDENTIFIED,False,SEC-RESULTS-WHERE,"[""RPT-T13""]","[""RPT-F07""]",,RESULTS_CATALOGUE_PLAN:eb3aa9110fc06acd8cd9e2a375b64bcfa5a60d768ef6f37f16e1c693576c5c93,VERIFIED,"{""confirmed_undefined_semantics"":""exactly all-zero post-ReLU Grad-CAM"",""requested_map_count"":2633,""undefined_map_count"":127,""undefined_rate"":0.04823395366502089,""valid_map_count"":2506}"
RES-P9-GRADCAM-STANDARD_CBM-POOLED-CALCIFICATION,CAT-L,gradcam_model_target_pooled,P9,standard_cbm,,calcification,Pooled Grad-CAM accounting,How often is this target map valid or post-ReLU all-zero?,PASS,RESULT_ALREADY_EXISTS,USED_MAIN_TEXT,ART-P9-SPATIAL,repo://,artifacts/baseline_v2/audit/p9/spatial.json,models.standard_cbm.pooled_targets.calcification,64656d54e573e2ce8c626c6403e6dc295498d233dd90c4152efcd12b9240cfbf,2633,PUBLIC_DEIDENTIFIED,False,SEC-RESULTS-WHERE,"[""RPT-T13""]","[""RPT-F07""]",,RESULTS_CATALOGUE_PLAN:eb3aa9110fc06acd8cd9e2a375b64bcfa5a60d768ef6f37f16e1c693576c5c93,VERIFIED,"{""confirmed_undefined_semantics"":""exactly all-zero post-ReLU Grad-CAM"",""requested_map_count"":2633,""undefined_map_count"":695,""undefined_rate"":0.2639574629699962,""valid_map_count"":1938}"
RES-P9-GRADCAM-STANDARD_CBM-POOLED-SPHERICITY,CAT-L,gradcam_model_target_pooled,P9,standard_cbm,,sphericity,Pooled Grad-CAM accounting,How often is this target map valid or post-ReLU all-zero?,PASS,RESULT_ALREADY_EXISTS,USED_MAIN_TEXT,ART-P9-SPATIAL,repo://,artifacts/baseline_v2/audit/p9/spatial.json,models.standard_cbm.pooled_targets.sphericity,64656d54e573e2ce8c626c6403e6dc295498d233dd90c4152efcd12b9240cfbf,2633,PUBLIC_DEIDENTIFIED,False,SEC-RESULTS-WHERE,"[""RPT-T13""]","[""RPT-F07""]",,RESULTS_CATALOGUE_PLAN:eb3aa9110fc06acd8cd9e2a375b64bcfa5a60d768ef6f37f16e1c693576c5c93,VERIFIED,"{""confirmed_undefined_semantics"":""exactly all-zero post-ReLU Grad-CAM"",""requested_map_count"":2633,""undefined_map_count"":2,""undefined_rate"":0.0007595898214963919,""valid_map_count"":2631}"
RES-P9-GRADCAM-STANDARD_CBM-POOLED-MARGIN,CAT-L,gradcam_model_target_pooled,P9,standard_cbm,,margin,Pooled Grad-CAM accounting,How often is this target map valid or post-ReLU all-zero?,PASS,RESULT_ALREADY_EXISTS,USED_MAIN_TEXT,ART-P9-SPATIAL,repo://,artifacts/baseline_v2/audit/p9/spatial.json,models.standard_cbm.pooled_targets.margin,64656d54e573e2ce8c626c6403e6dc295498d233dd90c4152efcd12b9240cfbf,2633,PUBLIC_DEIDENTIFIED,False,SEC-RESULTS-WHERE,"[""RPT-T13""]","[""RPT-F07""]",,RESULTS_CATALOGUE_PLAN:eb3aa9110fc06acd8cd9e2a375b64bcfa5a60d768ef6f37f16e1c693576c5c93,VERIFIED,"{""confirmed_undefined_semantics"":""exactly all-zero post-ReLU Grad-CAM"",""requested_map_count"":2633,""undefined_map_count"":10,""undefined_rate"":0.0037979491074819596,""valid_map_count"":2623}"
RES-P9-GRADCAM-STANDARD_CBM-POOLED-LOBULATION,CAT-L,gradcam_model_target_pooled,P9,standard_cbm,,lobulation,Pooled Grad-CAM accounting,How often is this target map valid or post-ReLU all-zero?,PASS,RESULT_ALREADY_EXISTS,USED_MAIN_TEXT,ART-P9-SPATIAL,repo://,artifacts/baseline_v2/audit/p9/spatial.json,models.standard_cbm.pooled_targets.lobulation,64656d54e573e2ce8c626c6403e6dc295498d233dd90c4152efcd12b9240cfbf,2633,PUBLIC_DEIDENTIFIED,False,SEC-RESULTS-WHERE,"[""RPT-T13""]","[""RPT-F07""]",,RESULTS_CATALOGUE_PLAN:eb3aa9110fc06acd8cd9e2a375b64bcfa5a60d768ef6f37f16e1c693576c5c93,VERIFIED,"{""confirmed_undefined_semantics"":""exactly all-zero post-ReLU Grad-CAM"",""requested_map_count"":2633,""undefined_map_count"":88,""undefined_rate"":0.03342195214584125,""valid_map_count"":2545}"
RES-P9-GRADCAM-STANDARD_CBM-POOLED-SPICULATION,CAT-L,gradcam_model_target_pooled,P9,standard_cbm,,spiculation,Pooled Grad-CAM accounting,How often is this target map valid or post-ReLU all-zero?,PASS,RESULT_ALREADY_EXISTS,USED_MAIN_TEXT,ART-P9-SPATIAL,repo://,artifacts/baseline_v2/audit/p9/spatial.json,models.standard_cbm.pooled_targets.spiculation,64656d54e573e2ce8c626c6403e6dc295498d233dd90c4152efcd12b9240cfbf,2633,PUBLIC_DEIDENTIFIED,False,SEC-RESULTS-WHERE,"[""RPT-T13""]","[""RPT-F07""]",,RESULTS_CATALOGUE_PLAN:eb3aa9110fc06acd8cd9e2a375b64bcfa5a60d768ef6f37f16e1c693576c5c93,VERIFIED,"{""confirmed_undefined_semantics"":""exactly all-zero post-ReLU Grad-CAM"",""requested_map_count"":2633,""undefined_map_count"":57,""undefined_rate"":0.02164830991264717,""valid_map_count"":2576}"
RES-P9-GRADCAM-STANDARD_CBM-POOLED-TEXTURE,CAT-L,gradcam_model_target_pooled,P9,standard_cbm,,texture,Pooled Grad-CAM accounting,How often is this target map valid or post-ReLU all-zero?,PASS,RESULT_ALREADY_EXISTS,USED_MAIN_TEXT,ART-P9-SPATIAL,repo://,artifacts/baseline_v2/audit/p9/spatial.json,models.standard_cbm.pooled_targets.texture,64656d54e573e2ce8c626c6403e6dc295498d233dd90c4152efcd12b9240cfbf,2633,PUBLIC_DEIDENTIFIED,False,SEC-RESULTS-WHERE,"[""RPT-T13""]","[""RPT-F07""]",,RESULTS_CATALOGUE_PLAN:eb3aa9110fc06acd8cd9e2a375b64bcfa5a60d768ef6f37f16e1c693576c5c93,VERIFIED,"{""confirmed_undefined_semantics"":""exactly all-zero post-ReLU Grad-CAM"",""requested_map_count"":2633,""undefined_map_count"":13,""undefined_rate"":0.004937333839726547,""valid_map_count"":2620}"
RES-P9-GRADCAM-MIXED_CEM-FOLD0-MALIGNANCY,CAT-L,gradcam_model_fold_target,P9,mixed_cem,0,malignancy,Raw FP32 Grad-CAM and occlusion inventory,Where is this frozen target spatially sensitive?,PASS,RESULT_ALREADY_EXISTS,USED_MAIN_TEXT,ART-P9-SPATIAL,repo://,artifacts/baseline_v2/audit/p9/spatial.json,models.mixed_cem.folds[0].targets.malignancy,64656d54e573e2ce8c626c6403e6dc295498d233dd90c4152efcd12b9240cfbf,479,PRIVATE_SOURCE_PUBLIC_AGGREGATE,False,SEC-RESULTS-WHERE,"[""RPT-T13""]","[""RPT-F07""]",,RESULTS_CATALOGUE_PLAN:eb3aa9110fc06acd8cd9e2a375b64bcfa5a60d768ef6f37f16e1c693576c5c93,VERIFIED,"{""display_only_overlay_normalization"":true,""full_ct_case_feasibility"":""REGISTERED_SEPARATELY_IN_CAT_Q"",""matched_random_masks_per_valid_map"":20,""occlusion_evidence_available"":true,""quantitative_faithfulness_uses_raw_fp32"":true,""raw_map_dtype"":""FP32"",""raw_map_normalized"":false,""raw_map_storage"":""mac-archive://p9/spatial/mixed_cem/fold_0/shards"",""requested_map_count"":479,""undefined_map_count"":377,""undefined_rate"":0.7870563674321504,""valid_map_count"":102}"
RES-P9-GRADCAM-MIXED_CEM-FOLD0-SUBTLETY,CAT-L,gradcam_model_fold_target,P9,mixed_cem,0,subtlety,Raw FP32 Grad-CAM and occlusion inventory,Where is this frozen target spatially sensitive?,PASS,RESULT_ALREADY_EXISTS,USED_MAIN_TEXT,ART-P9-SPATIAL,repo://,artifacts/baseline_v2/audit/p9/spatial.json,models.mixed_cem.folds[0].targets.subtlety,64656d54e573e2ce8c626c6403e6dc295498d233dd90c4152efcd12b9240cfbf,479,PRIVATE_SOURCE_PUBLIC_AGGREGATE,False,SEC-RESULTS-WHERE,"[""RPT-T13""]","[""RPT-F07""]",,RESULTS_CATALOGUE_PLAN:eb3aa9110fc06acd8cd9e2a375b64bcfa5a60d768ef6f37f16e1c693576c5c93,VERIFIED,"{""display_only_overlay_normalization"":true,""full_ct_case_feasibility"":""REGISTERED_SEPARATELY_IN_CAT_Q"",""matched_random_masks_per_valid_map"":20,""occlusion_evidence_available"":true,""quantitative_faithfulness_uses_raw_fp32"":true,""raw_map_dtype"":""FP32"",""raw_map_normalized"":false,""raw_map_storage"":""mac-archive://p9/spatial/mixed_cem/fold_0/shards"",""requested_map_count"":479,""undefined_map_count"":23,""undefined_rate"":0.04801670146137787,""valid_map_count"":456}"
RES-P9-GRADCAM-MIXED_CEM-FOLD0-INTERNALSTRUCTURE,CAT-L,gradcam_model_fold_target,P9,mixed_cem,0,internalStructure,Raw FP32 Grad-CAM and occlusion inventory,Where is this frozen target spatially sensitive?,PASS,RESULT_ALREADY_EXISTS,USED_MAIN_TEXT,ART-P9-SPATIAL,repo://,artifacts/baseline_v2/audit/p9/spatial.json,models.mixed_cem.folds[0].targets.internalStructure,64656d54e573e2ce8c626c6403e6dc295498d233dd90c4152efcd12b9240cfbf,479,PRIVATE_SOURCE_PUBLIC_AGGREGATE,False,SEC-RESULTS-WHERE,"[""RPT-T13""]","[""RPT-F07""]",,RESULTS_CATALOGUE_PLAN:eb3aa9110fc06acd8cd9e2a375b64bcfa5a60d768ef6f37f16e1c693576c5c93,VERIFIED,"{""display_only_overlay_normalization"":true,""full_ct_case_feasibility"":""REGISTERED_SEPARATELY_IN_CAT_Q"",""matched_random_masks_per_valid_map"":20,""occlusion_evidence_available"":true,""quantitative_faithfulness_uses_raw_fp32"":true,""raw_map_dtype"":""FP32"",""raw_map_normalized"":false,""raw_map_storage"":""mac-archive://p9/spatial/mixed_cem/fold_0/shards"",""requested_map_count"":479,""undefined_map_count"":309,""undefined_rate"":0.6450939457202505,""valid_map_count"":170}"
RES-P9-GRADCAM-MIXED_CEM-FOLD0-CALCIFICATION,CAT-L,gradcam_model_fold_target,P9,mixed_cem,0,calcification,Raw FP32 Grad-CAM and occlusion inventory,Where is this frozen target spatially sensitive?,PASS,RESULT_ALREADY_EXISTS,USED_MAIN_TEXT,ART-P9-SPATIAL,repo://,artifacts/baseline_v2/audit/p9/spatial.json,models.mixed_cem.folds[0].targets.calcification,64656d54e573e2ce8c626c6403e6dc295498d233dd90c4152efcd12b9240cfbf,479,PRIVATE_SOURCE_PUBLIC_AGGREGATE,False,SEC-RESULTS-WHERE,"[""RPT-T13""]","[""RPT-F07""]",,RESULTS_CATALOGUE_PLAN:eb3aa9110fc06acd8cd9e2a375b64bcfa5a60d768ef6f37f16e1c693576c5c93,VERIFIED,"{""display_only_overlay_normalization"":true,""full_ct_case_feasibility"":""REGISTERED_SEPARATELY_IN_CAT_Q"",""matched_random_masks_per_valid_map"":20,""occlusion_evidence_available"":true,""quantitative_faithfulness_uses_raw_fp32"":true,""raw_map_dtype"":""FP32"",""raw_map_normalized"":false,""raw_map_storage"":""mac-archive://p9/spatial/mixed_cem/fold_0/shards"",""requested_map_count"":479,""undefined_map_count"":123,""undefined_rate"":0.2567849686847599,""valid_map_count"":356}"
RES-P9-GRADCAM-MIXED_CEM-FOLD0-SPHERICITY,CAT-L,gradcam_model_fold_target,P9,mixed_cem,0,sphericity,Raw FP32 Grad-CAM and occlusion inventory,Where is this frozen target spatially sensitive?,PASS,RESULT_ALREADY_EXISTS,USED_MAIN_TEXT,ART-P9-SPATIAL,repo://,artifacts/baseline_v2/audit/p9/spatial.json,models.mixed_cem.folds[0].targets.sphericity,64656d54e573e2ce8c626c6403e6dc295498d233dd90c4152efcd12b9240cfbf,479,PRIVATE_SOURCE_PUBLIC_AGGREGATE,False,SEC-RESULTS-WHERE,"[""RPT-T13""]","[""RPT-F07""]",,RESULTS_CATALOGUE_PLAN:eb3aa9110fc06acd8cd9e2a375b64bcfa5a60d768ef6f37f16e1c693576c5c93,VERIFIED,"{""display_only_overlay_normalization"":true,""full_ct_case_feasibility"":""REGISTERED_SEPARATELY_IN_CAT_Q"",""matched_random_masks_per_valid_map"":20,""occlusion_evidence_available"":true,""quantitative_faithfulness_uses_raw_fp32"":true,""raw_map_dtype"":""FP32"",""raw_map_normalized"":false,""raw_map_storage"":""mac-archive://p9/spatial/mixed_cem/fold_0/shards"",""requested_map_count"":479,""undefined_map_count"":0,""undefined_rate"":0.0,""valid_map_count"":479}"
RES-P9-GRADCAM-MIXED_CEM-FOLD0-MARGIN,CAT-L,gradcam_model_fold_target,P9,mixed_cem,0,margin,Raw FP32 Grad-CAM and occlusion inventory,Where is this frozen target spatially sensitive?,PASS,RESULT_ALREADY_EXISTS,USED_MAIN_TEXT,ART-P9-SPATIAL,repo://,artifacts/baseline_v2/audit/p9/spatial.json,models.mixed_cem.folds[0].targets.margin,64656d54e573e2ce8c626c6403e6dc295498d233dd90c4152efcd12b9240cfbf,479,PRIVATE_SOURCE_PUBLIC_AGGREGATE,False,SEC-RESULTS-WHERE,"[""RPT-T13""]","[""RPT-F07""]",,RESULTS_CATALOGUE_PLAN:eb3aa9110fc06acd8cd9e2a375b64bcfa5a60d768ef6f37f16e1c693576c5c93,VERIFIED,"{""display_only_overlay_normalization"":true,""full_ct_case_feasibility"":""REGISTERED_SEPARATELY_IN_CAT_Q"",""matched_random_masks_per_valid_map"":20,""occlusion_evidence_available"":true,""quantitative_faithfulness_uses_raw_fp32"":true,""raw_map_dtype"":""FP32"",""raw_map_normalized"":false,""raw_map_storage"":""mac-archive://p9/spatial/mixed_cem/fold_0/shards"",""requested_map_count"":479,""undefined_map_count"":0,""undefined_rate"":0.0,""valid_map_count"":479}"
RES-P9-GRADCAM-MIXED_CEM-FOLD0-LOBULATION,CAT-L,gradcam_model_fold_target,P9,mixed_cem,0,lobulation,Raw FP32 Grad-CAM and occlusion inventory,Where is this frozen target spatially sensitive?,PASS,RESULT_ALREADY_EXISTS,USED_MAIN_TEXT,ART-P9-SPATIAL,repo://,artifacts/baseline_v2/audit/p9/spatial.json,models.mixed_cem.folds[0].targets.lobulation,64656d54e573e2ce8c626c6403e6dc295498d233dd90c4152efcd12b9240cfbf,479,PRIVATE_SOURCE_PUBLIC_AGGREGATE,False,SEC-RESULTS-WHERE,"[""RPT-T13""]","[""RPT-F07""]",,RESULTS_CATALOGUE_PLAN:eb3aa9110fc06acd8cd9e2a375b64bcfa5a60d768ef6f37f16e1c693576c5c93,VERIFIED,"{""display_only_overlay_normalization"":true,""full_ct_case_feasibility"":""REGISTERED_SEPARATELY_IN_CAT_Q"",""matched_random_masks_per_valid_map"":20,""occlusion_evidence_available"":true,""quantitative_faithfulness_uses_raw_fp32"":true,""raw_map_dtype"":""FP32"",""raw_map_normalized"":false,""raw_map_storage"":""mac-archive://p9/spatial/mixed_cem/fold_0/shards"",""requested_map_count"":479,""undefined_map_count"":1,""undefined_rate"":0.0020876826722338203,""valid_map_count"":478}"
RES-P9-GRADCAM-MIXED_CEM-FOLD0-SPICULATION,CAT-L,gradcam_model_fold_target,P9,mixed_cem,0,spiculation,Raw FP32 Grad-CAM and occlusion inventory,Where is this frozen target spatially sensitive?,PASS,RESULT_ALREADY_EXISTS,USED_MAIN_TEXT,ART-P9-SPATIAL,repo://,artifacts/baseline_v2/audit/p9/spatial.json,models.mixed_cem.folds[0].targets.spiculation,64656d54e573e2ce8c626c6403e6dc295498d233dd90c4152efcd12b9240cfbf,479,PRIVATE_SOURCE_PUBLIC_AGGREGATE,False,SEC-RESULTS-WHERE,"[""RPT-T13""]","[""RPT-F07""]",,RESULTS_CATALOGUE_PLAN:eb3aa9110fc06acd8cd9e2a375b64bcfa5a60d768ef6f37f16e1c693576c5c93,VERIFIED,"{""display_only_overlay_normalization"":true,""full_ct_case_feasibility"":""REGISTERED_SEPARATELY_IN_CAT_Q"",""matched_random_masks_per_valid_map"":20,""occlusion_evidence_available"":true,""quantitative_faithfulness_uses_raw_fp32"":true,""raw_map_dtype"":""FP32"",""raw_map_normalized"":false,""raw_map_storage"":""mac-archive://p9/spatial/mixed_cem/fold_0/shards"",""requested_map_count"":479,""undefined_map_count"":0,""undefined_rate"":0.0,""valid_map_count"":479}"
RES-P9-GRADCAM-MIXED_CEM-FOLD0-TEXTURE,CAT-L,gradcam_model_fold_target,P9,mixed_cem,0,texture,Raw FP32 Grad-CAM and occlusion inventory,Where is this frozen target spatially sensitive?,PASS,RESULT_ALREADY_EXISTS,USED_MAIN_TEXT,ART-P9-SPATIAL,repo://,artifacts/baseline_v2/audit/p9/spatial.json,models.mixed_cem.folds[0].targets.texture,64656d54e573e2ce8c626c6403e6dc295498d233dd90c4152efcd12b9240cfbf,479,PRIVATE_SOURCE_PUBLIC_AGGREGATE,False,SEC-RESULTS-WHERE,"[""RPT-T13""]","[""RPT-F07""]",,RESULTS_CATALOGUE_PLAN:eb3aa9110fc06acd8cd9e2a375b64bcfa5a60d768ef6f37f16e1c693576c5c93,VERIFIED,"{""display_only_overlay_normalization"":true,""full_ct_case_feasibility"":""REGISTERED_SEPARATELY_IN_CAT_Q"",""matched_random_masks_per_valid_map"":20,""occlusion_evidence_available"":true,""quantitative_faithfulness_uses_raw_fp32"":true,""raw_map_dtype"":""FP32"",""raw_map_normalized"":false,""raw_map_storage"":""mac-archive://p9/spatial/mixed_cem/fold_0/shards"",""requested_map_count"":479,""undefined_map_count"":4,""undefined_rate"":0.008350730688935281,""valid_map_count"":475}"
RES-P9-GRADCAM-MIXED_CEM-FOLD1-MALIGNANCY,CAT-L,gradcam_model_fold_target,P9,mixed_cem,1,malignancy,Raw FP32 Grad-CAM and occlusion inventory,Where is this frozen target spatially sensitive?,PASS,RESULT_ALREADY_EXISTS,USED_MAIN_TEXT,ART-P9-SPATIAL,repo://,artifacts/baseline_v2/audit/p9/spatial.json,models.mixed_cem.folds[1].targets.malignancy,64656d54e573e2ce8c626c6403e6dc295498d233dd90c4152efcd12b9240cfbf,502,PRIVATE_SOURCE_PUBLIC_AGGREGATE,False,SEC-RESULTS-WHERE,"[""RPT-T13""]","[""RPT-F07""]",,RESULTS_CATALOGUE_PLAN:eb3aa9110fc06acd8cd9e2a375b64bcfa5a60d768ef6f37f16e1c693576c5c93,VERIFIED,"{""display_only_overlay_normalization"":true,""full_ct_case_feasibility"":""REGISTERED_SEPARATELY_IN_CAT_Q"",""matched_random_masks_per_valid_map"":20,""occlusion_evidence_available"":true,""quantitative_faithfulness_uses_raw_fp32"":true,""raw_map_dtype"":""FP32"",""raw_map_normalized"":false,""raw_map_storage"":""mac-archive://p9/spatial/mixed_cem/fold_1/shards"",""requested_map_count"":502,""undefined_map_count"":184,""undefined_rate"":0.3665338645418327,""valid_map_count"":318}"
RES-P9-GRADCAM-MIXED_CEM-FOLD1-SUBTLETY,CAT-L,gradcam_model_fold_target,P9,mixed_cem,1,subtlety,Raw FP32 Grad-CAM and occlusion inventory,Where is this frozen target spatially sensitive?,PASS,RESULT_ALREADY_EXISTS,USED_MAIN_TEXT,ART-P9-SPATIAL,repo://,artifacts/baseline_v2/audit/p9/spatial.json,models.mixed_cem.folds[1].targets.subtlety,64656d54e573e2ce8c626c6403e6dc295498d233dd90c4152efcd12b9240cfbf,502,PRIVATE_SOURCE_PUBLIC_AGGREGATE,False,SEC-RESULTS-WHERE,"[""RPT-T13""]","[""RPT-F07""]",,RESULTS_CATALOGUE_PLAN:eb3aa9110fc06acd8cd9e2a375b64bcfa5a60d768ef6f37f16e1c693576c5c93,VERIFIED,"{""display_only_overlay_normalization"":true,""full_ct_case_feasibility"":""REGISTERED_SEPARATELY_IN_CAT_Q"",""matched_random_masks_per_valid_map"":20,""occlusion_evidence_available"":true,""quantitative_faithfulness_uses_raw_fp32"":true,""raw_map_dtype"":""FP32"",""raw_map_normalized"":false,""raw_map_storage"":""mac-archive://p9/spatial/mixed_cem/fold_1/shards"",""requested_map_count"":502,""undefined_map_count"":14,""undefined_rate"":0.027888446215139442,""valid_map_count"":488}"
RES-P9-GRADCAM-MIXED_CEM-FOLD1-INTERNALSTRUCTURE,CAT-L,gradcam_model_fold_target,P9,mixed_cem,1,internalStructure,Raw FP32 Grad-CAM and occlusion inventory,Where is this frozen target spatially sensitive?,PASS,RESULT_ALREADY_EXISTS,USED_MAIN_TEXT,ART-P9-SPATIAL,repo://,artifacts/baseline_v2/audit/p9/spatial.json,models.mixed_cem.folds[1].targets.internalStructure,64656d54e573e2ce8c626c6403e6dc295498d233dd90c4152efcd12b9240cfbf,502,PRIVATE_SOURCE_PUBLIC_AGGREGATE,False,SEC-RESULTS-WHERE,"[""RPT-T13""]","[""RPT-F07""]",,RESULTS_CATALOGUE_PLAN:eb3aa9110fc06acd8cd9e2a375b64bcfa5a60d768ef6f37f16e1c693576c5c93,VERIFIED,"{""display_only_overlay_normalization"":true,""full_ct_case_feasibility"":""REGISTERED_SEPARATELY_IN_CAT_Q"",""matched_random_masks_per_valid_map"":20,""occlusion_evidence_available"":true,""quantitative_faithfulness_uses_raw_fp32"":true,""raw_map_dtype"":""FP32"",""raw_map_normalized"":false,""raw_map_storage"":""mac-archive://p9/spatial/mixed_cem/fold_1/shards"",""requested_map_count"":502,""undefined_map_count"":3,""undefined_rate"":0.00597609561752988,""valid_map_count"":499}"
RES-P9-GRADCAM-MIXED_CEM-FOLD1-CALCIFICATION,CAT-L,gradcam_model_fold_target,P9,mixed_cem,1,calcification,Raw FP32 Grad-CAM and occlusion inventory,Where is this frozen target spatially sensitive?,PASS,RESULT_ALREADY_EXISTS,USED_MAIN_TEXT,ART-P9-SPATIAL,repo://,artifacts/baseline_v2/audit/p9/spatial.json,models.mixed_cem.folds[1].targets.calcification,64656d54e573e2ce8c626c6403e6dc295498d233dd90c4152efcd12b9240cfbf,502,PRIVATE_SOURCE_PUBLIC_AGGREGATE,False,SEC-RESULTS-WHERE,"[""RPT-T13""]","[""RPT-F07""]",,RESULTS_CATALOGUE_PLAN:eb3aa9110fc06acd8cd9e2a375b64bcfa5a60d768ef6f37f16e1c693576c5c93,VERIFIED,"{""display_only_overlay_normalization"":true,""full_ct_case_feasibility"":""REGISTERED_SEPARATELY_IN_CAT_Q"",""matched_random_masks_per_valid_map"":20,""occlusion_evidence_available"":true,""quantitative_faithfulness_uses_raw_fp32"":true,""raw_map_dtype"":""FP32"",""raw_map_normalized"":false,""raw_map_storage"":""mac-archive://p9/spatial/mixed_cem/fold_1/shards"",""requested_map_count"":502,""undefined_map_count"":300,""undefined_rate"":0.5976095617529881,""valid_map_count"":202}"
RES-P9-GRADCAM-MIXED_CEM-FOLD1-SPHERICITY,CAT-L,gradcam_model_fold_target,P9,mixed_cem,1,sphericity,Raw FP32 Grad-CAM and occlusion inventory,Where is this frozen target spatially sensitive?,PASS,RESULT_ALREADY_EXISTS,USED_MAIN_TEXT,ART-P9-SPATIAL,repo://,artifacts/baseline_v2/audit/p9/spatial.json,models.mixed_cem.folds[1].targets.sphericity,64656d54e573e2ce8c626c6403e6dc295498d233dd90c4152efcd12b9240cfbf,502,PRIVATE_SOURCE_PUBLIC_AGGREGATE,False,SEC-RESULTS-WHERE,"[""RPT-T13""]","[""RPT-F07""]",,RESULTS_CATALOGUE_PLAN:eb3aa9110fc06acd8cd9e2a375b64bcfa5a60d768ef6f37f16e1c693576c5c93,VERIFIED,"{""display_only_overlay_normalization"":true,""full_ct_case_feasibility"":""REGISTERED_SEPARATELY_IN_CAT_Q"",""matched_random_masks_per_valid_map"":20,""occlusion_evidence_available"":true,""quantitative_faithfulness_uses_raw_fp32"":true,""raw_map_dtype"":""FP32"",""raw_map_normalized"":false,""raw_map_storage"":""mac-archive://p9/spatial/mixed_cem/fold_1/shards"",""requested_map_count"":502,""undefined_map_count"":5,""undefined_rate"":0.0099601593625498,""valid_map_count"":497}"
RES-P9-GRADCAM-MIXED_CEM-FOLD1-MARGIN,CAT-L,gradcam_model_fold_target,P9,mixed_cem,1,margin,Raw FP32 Grad-CAM and occlusion inventory,Where is this frozen target spatially sensitive?,PASS,RESULT_ALREADY_EXISTS,USED_MAIN_TEXT,ART-P9-SPATIAL,repo://,artifacts/baseline_v2/audit/p9/spatial.json,models.mixed_cem.folds[1].targets.margin,64656d54e573e2ce8c626c6403e6dc295498d233dd90c4152efcd12b9240cfbf,502,PRIVATE_SOURCE_PUBLIC_AGGREGATE,False,SEC-RESULTS-WHERE,"[""RPT-T13""]","[""RPT-F07""]",,RESULTS_CATALOGUE_PLAN:eb3aa9110fc06acd8cd9e2a375b64bcfa5a60d768ef6f37f16e1c693576c5c93,VERIFIED,"{""display_only_overlay_normalization"":true,""full_ct_case_feasibility"":""REGISTERED_SEPARATELY_IN_CAT_Q"",""matched_random_masks_per_valid_map"":20,""occlusion_evidence_available"":true,""quantitative_faithfulness_uses_raw_fp32"":true,""raw_map_dtype"":""FP32"",""raw_map_normalized"":false,""raw_map_storage"":""mac-archive://p9/spatial/mixed_cem/fold_1/shards"",""requested_map_count"":502,""undefined_map_count"":1,""undefined_rate"":0.00199203187250996,""valid_map_count"":501}"
RES-P9-GRADCAM-MIXED_CEM-FOLD1-LOBULATION,CAT-L,gradcam_model_fold_target,P9,mixed_cem,1,lobulation,Raw FP32 Grad-CAM and occlusion inventory,Where is this frozen target spatially sensitive?,PASS,RESULT_ALREADY_EXISTS,USED_MAIN_TEXT,ART-P9-SPATIAL,repo://,artifacts/baseline_v2/audit/p9/spatial.json,models.mixed_cem.folds[1].targets.lobulation,64656d54e573e2ce8c626c6403e6dc295498d233dd90c4152efcd12b9240cfbf,502,PRIVATE_SOURCE_PUBLIC_AGGREGATE,False,SEC-RESULTS-WHERE,"[""RPT-T13""]","[""RPT-F07""]",,RESULTS_CATALOGUE_PLAN:eb3aa9110fc06acd8cd9e2a375b64bcfa5a60d768ef6f37f16e1c693576c5c93,VERIFIED,"{""display_only_overlay_normalization"":true,""full_ct_case_feasibility"":""REGISTERED_SEPARATELY_IN_CAT_Q"",""matched_random_masks_per_valid_map"":20,""occlusion_evidence_available"":true,""quantitative_faithfulness_uses_raw_fp32"":true,""raw_map_dtype"":""FP32"",""raw_map_normalized"":false,""raw_map_storage"":""mac-archive://p9/spatial/mixed_cem/fold_1/shards"",""requested_map_count"":502,""undefined_map_count"":0,""undefined_rate"":0.0,""valid_map_count"":502}"
RES-P9-GRADCAM-MIXED_CEM-FOLD1-SPICULATION,CAT-L,gradcam_model_fold_target,P9,mixed_cem,1,spiculation,Raw FP32 Grad-CAM and occlusion inventory,Where is this frozen target spatially sensitive?,PASS,RESULT_ALREADY_EXISTS,USED_MAIN_TEXT,ART-P9-SPATIAL,repo://,artifacts/baseline_v2/audit/p9/spatial.json,models.mixed_cem.folds[1].targets.spiculation,64656d54e573e2ce8c626c6403e6dc295498d233dd90c4152efcd12b9240cfbf,502,PRIVATE_SOURCE_PUBLIC_AGGREGATE,False,SEC-RESULTS-WHERE,"[""RPT-T13""]","[""RPT-F07""]",,RESULTS_CATALOGUE_PLAN:eb3aa9110fc06acd8cd9e2a375b64bcfa5a60d768ef6f37f16e1c693576c5c93,VERIFIED,"{""display_only_overlay_normalization"":true,""full_ct_case_feasibility"":""REGISTERED_SEPARATELY_IN_CAT_Q"",""matched_random_masks_per_valid_map"":20,""occlusion_evidence_available"":true,""quantitative_faithfulness_uses_raw_fp32"":true,""raw_map_dtype"":""FP32"",""raw_map_normalized"":false,""raw_map_storage"":""mac-archive://p9/spatial/mixed_cem/fold_1/shards"",""requested_map_count"":502,""undefined_map_count"":0,""undefined_rate"":0.0,""valid_map_count"":502}"
RES-P9-GRADCAM-MIXED_CEM-FOLD1-TEXTURE,CAT-L,gradcam_model_fold_target,P9,mixed_cem,1,texture,Raw FP32 Grad-CAM and occlusion inventory,Where is this frozen target spatially sensitive?,PASS,RESULT_ALREADY_EXISTS,USED_MAIN_TEXT,ART-P9-SPATIAL,repo://,artifacts/baseline_v2/audit/p9/spatial.json,models.mixed_cem.folds[1].targets.texture,64656d54e573e2ce8c626c6403e6dc295498d233dd90c4152efcd12b9240cfbf,502,PRIVATE_SOURCE_PUBLIC_AGGREGATE,False,SEC-RESULTS-WHERE,"[""RPT-T13""]","[""RPT-F07""]",,RESULTS_CATALOGUE_PLAN:eb3aa9110fc06acd8cd9e2a375b64bcfa5a60d768ef6f37f16e1c693576c5c93,VERIFIED,"{""display_only_overlay_normalization"":true,""full_ct_case_feasibility"":""REGISTERED_SEPARATELY_IN_CAT_Q"",""matched_random_masks_per_valid_map"":20,""occlusion_evidence_available"":true,""quantitative_faithfulness_uses_raw_fp32"":true,""raw_map_dtype"":""FP32"",""raw_map_normalized"":false,""raw_map_storage"":""mac-archive://p9/spatial/mixed_cem/fold_1/shards"",""requested_map_count"":502,""undefined_map_count"":19,""undefined_rate"":0.037848605577689244,""valid_map_count"":483}"
RES-P9-GRADCAM-MIXED_CEM-FOLD2-MALIGNANCY,CAT-L,gradcam_model_fold_target,P9,mixed_cem,2,malignancy,Raw FP32 Grad-CAM and occlusion inventory,Where is this frozen target spatially sensitive?,PASS,RESULT_ALREADY_EXISTS,USED_MAIN_TEXT,ART-P9-SPATIAL,repo://,artifacts/baseline_v2/audit/p9/spatial.json,models.mixed_cem.folds[2].targets.malignancy,64656d54e573e2ce8c626c6403e6dc295498d233dd90c4152efcd12b9240cfbf,539,PRIVATE_SOURCE_PUBLIC_AGGREGATE,False,SEC-RESULTS-WHERE,"[""RPT-T13""]","[""RPT-F07""]",,RESULTS_CATALOGUE_PLAN:eb3aa9110fc06acd8cd9e2a375b64bcfa5a60d768ef6f37f16e1c693576c5c93,VERIFIED,"{""display_only_overlay_normalization"":true,""full_ct_case_feasibility"":""REGISTERED_SEPARATELY_IN_CAT_Q"",""matched_random_masks_per_valid_map"":20,""occlusion_evidence_available"":true,""quantitative_faithfulness_uses_raw_fp32"":true,""raw_map_dtype"":""FP32"",""raw_map_normalized"":false,""raw_map_storage"":""mac-archive://p9/spatial/mixed_cem/fold_2/shards"",""requested_map_count"":539,""undefined_map_count"":326,""undefined_rate"":0.6048237476808905,""valid_map_count"":213}"
RES-P9-GRADCAM-MIXED_CEM-FOLD2-SUBTLETY,CAT-L,gradcam_model_fold_target,P9,mixed_cem,2,subtlety,Raw FP32 Grad-CAM and occlusion inventory,Where is this frozen target spatially sensitive?,PASS,RESULT_ALREADY_EXISTS,USED_MAIN_TEXT,ART-P9-SPATIAL,repo://,artifacts/baseline_v2/audit/p9/spatial.json,models.mixed_cem.folds[2].targets.subtlety,64656d54e573e2ce8c626c6403e6dc295498d233dd90c4152efcd12b9240cfbf,539,PRIVATE_SOURCE_PUBLIC_AGGREGATE,False,SEC-RESULTS-WHERE,"[""RPT-T13""]","[""RPT-F07""]",,RESULTS_CATALOGUE_PLAN:eb3aa9110fc06acd8cd9e2a375b64bcfa5a60d768ef6f37f16e1c693576c5c93,VERIFIED,"{""display_only_overlay_normalization"":true,""full_ct_case_feasibility"":""REGISTERED_SEPARATELY_IN_CAT_Q"",""matched_random_masks_per_valid_map"":20,""occlusion_evidence_available"":true,""quantitative_faithfulness_uses_raw_fp32"":true,""raw_map_dtype"":""FP32"",""raw_map_normalized"":false,""raw_map_storage"":""mac-archive://p9/spatial/mixed_cem/fold_2/shards"",""requested_map_count"":539,""undefined_map_count"":1,""undefined_rate"":0.0018552875695732839,""valid_map_count"":538}"
RES-P9-GRADCAM-MIXED_CEM-FOLD2-INTERNALSTRUCTURE,CAT-L,gradcam_model_fold_target,P9,mixed_cem,2,internalStructure,Raw FP32 Grad-CAM and occlusion inventory,Where is this frozen target spatially sensitive?,PASS,RESULT_ALREADY_EXISTS,USED_MAIN_TEXT,ART-P9-SPATIAL,repo://,artifacts/baseline_v2/audit/p9/spatial.json,models.mixed_cem.folds[2].targets.internalStructure,64656d54e573e2ce8c626c6403e6dc295498d233dd90c4152efcd12b9240cfbf,539,PRIVATE_SOURCE_PUBLIC_AGGREGATE,False,SEC-RESULTS-WHERE,"[""RPT-T13""]","[""RPT-F07""]",,RESULTS_CATALOGUE_PLAN:eb3aa9110fc06acd8cd9e2a375b64bcfa5a60d768ef6f37f16e1c693576c5c93,VERIFIED,"{""display_only_overlay_normalization"":true,""full_ct_case_feasibility"":""REGISTERED_SEPARATELY_IN_CAT_Q"",""matched_random_masks_per_valid_map"":20,""occlusion_evidence_available"":true,""quantitative_faithfulness_uses_raw_fp32"":true,""raw_map_dtype"":""FP32"",""raw_map_normalized"":false,""raw_map_storage"":""mac-archive://p9/spatial/mixed_cem/fold_2/shards"",""requested_map_count"":539,""undefined_map_count"":177,""undefined_rate"":0.32838589981447125,""valid_map_count"":362}"
RES-P9-GRADCAM-MIXED_CEM-FOLD2-CALCIFICATION,CAT-L,gradcam_model_fold_target,P9,mixed_cem,2,calcification,Raw FP32 Grad-CAM and occlusion inventory,Where is this frozen target spatially sensitive?,PASS,RESULT_ALREADY_EXISTS,USED_MAIN_TEXT,ART-P9-SPATIAL,repo://,artifacts/baseline_v2/audit/p9/spatial.json,models.mixed_cem.folds[2].targets.calcification,64656d54e573e2ce8c626c6403e6dc295498d233dd90c4152efcd12b9240cfbf,539,PRIVATE_SOURCE_PUBLIC_AGGREGATE,False,SEC-RESULTS-WHERE,"[""RPT-T13""]","[""RPT-F07""]",,RESULTS_CATALOGUE_PLAN:eb3aa9110fc06acd8cd9e2a375b64bcfa5a60d768ef6f37f16e1c693576c5c93,VERIFIED,"{""display_only_overlay_normalization"":true,""full_ct_case_feasibility"":""REGISTERED_SEPARATELY_IN_CAT_Q"",""matched_random_masks_per_valid_map"":20,""occlusion_evidence_available"":true,""quantitative_faithfulness_uses_raw_fp32"":true,""raw_map_dtype"":""FP32"",""raw_map_normalized"":false,""raw_map_storage"":""mac-archive://p9/spatial/mixed_cem/fold_2/shards"",""requested_map_count"":539,""undefined_map_count"":30,""undefined_rate"":0.055658627087198514,""valid_map_count"":509}"
RES-P9-GRADCAM-MIXED_CEM-FOLD2-SPHERICITY,CAT-L,gradcam_model_fold_target,P9,mixed_cem,2,sphericity,Raw FP32 Grad-CAM and occlusion inventory,Where is this frozen target spatially sensitive?,PASS,RESULT_ALREADY_EXISTS,USED_MAIN_TEXT,ART-P9-SPATIAL,repo://,artifacts/baseline_v2/audit/p9/spatial.json,models.mixed_cem.folds[2].targets.sphericity,64656d54e573e2ce8c626c6403e6dc295498d233dd90c4152efcd12b9240cfbf,539,PRIVATE_SOURCE_PUBLIC_AGGREGATE,False,SEC-RESULTS-WHERE,"[""RPT-T13""]","[""RPT-F07""]",,RESULTS_CATALOGUE_PLAN:eb3aa9110fc06acd8cd9e2a375b64bcfa5a60d768ef6f37f16e1c693576c5c93,VERIFIED,"{""display_only_overlay_normalization"":true,""full_ct_case_feasibility"":""REGISTERED_SEPARATELY_IN_CAT_Q"",""matched_random_masks_per_valid_map"":20,""occlusion_evidence_available"":true,""quantitative_faithfulness_uses_raw_fp32"":true,""raw_map_dtype"":""FP32"",""raw_map_normalized"":false,""raw_map_storage"":""mac-archive://p9/spatial/mixed_cem/fold_2/shards"",""requested_map_count"":539,""undefined_map_count"":1,""undefined_rate"":0.0018552875695732839,""valid_map_count"":538}"
RES-P9-GRADCAM-MIXED_CEM-FOLD2-MARGIN,CAT-L,gradcam_model_fold_target,P9,mixed_cem,2,margin,Raw FP32 Grad-CAM and occlusion inventory,Where is this frozen target spatially sensitive?,PASS,RESULT_ALREADY_EXISTS,USED_MAIN_TEXT,ART-P9-SPATIAL,repo://,artifacts/baseline_v2/audit/p9/spatial.json,models.mixed_cem.folds[2].targets.margin,64656d54e573e2ce8c626c6403e6dc295498d233dd90c4152efcd12b9240cfbf,539,PRIVATE_SOURCE_PUBLIC_AGGREGATE,False,SEC-RESULTS-WHERE,"[""RPT-T13""]","[""RPT-F07""]",,RESULTS_CATALOGUE_PLAN:eb3aa9110fc06acd8cd9e2a375b64bcfa5a60d768ef6f37f16e1c693576c5c93,VERIFIED,"{""display_only_overlay_normalization"":true,""full_ct_case_feasibility"":""REGISTERED_SEPARATELY_IN_CAT_Q"",""matched_random_masks_per_valid_map"":20,""occlusion_evidence_available"":true,""quantitative_faithfulness_uses_raw_fp32"":true,""raw_map_dtype"":""FP32"",""raw_map_normalized"":false,""raw_map_storage"":""mac-archive://p9/spatial/mixed_cem/fold_2/shards"",""requested_map_count"":539,""undefined_map_count"":0,""undefined_rate"":0.0,""valid_map_count"":539}"
RES-P9-GRADCAM-MIXED_CEM-FOLD2-LOBULATION,CAT-L,gradcam_model_fold_target,P9,mixed_cem,2,lobulation,Raw FP32 Grad-CAM and occlusion inventory,Where is this frozen target spatially sensitive?,PASS,RESULT_ALREADY_EXISTS,USED_MAIN_TEXT,ART-P9-SPATIAL,repo://,artifacts/baseline_v2/audit/p9/spatial.json,models.mixed_cem.folds[2].targets.lobulation,64656d54e573e2ce8c626c6403e6dc295498d233dd90c4152efcd12b9240cfbf,539,PRIVATE_SOURCE_PUBLIC_AGGREGATE,False,SEC-RESULTS-WHERE,"[""RPT-T13""]","[""RPT-F07""]",,RESULTS_CATALOGUE_PLAN:eb3aa9110fc06acd8cd9e2a375b64bcfa5a60d768ef6f37f16e1c693576c5c93,VERIFIED,"{""display_only_overlay_normalization"":true,""full_ct_case_feasibility"":""REGISTERED_SEPARATELY_IN_CAT_Q"",""matched_random_masks_per_valid_map"":20,""occlusion_evidence_available"":true,""quantitative_faithfulness_uses_raw_fp32"":true,""raw_map_dtype"":""FP32"",""raw_map_normalized"":false,""raw_map_storage"":""mac-archive://p9/spatial/mixed_cem/fold_2/shards"",""requested_map_count"":539,""undefined_map_count"":134,""undefined_rate"":0.24860853432282004,""valid_map_count"":405}"
RES-P9-GRADCAM-MIXED_CEM-FOLD2-SPICULATION,CAT-L,gradcam_model_fold_target,P9,mixed_cem,2,spiculation,Raw FP32 Grad-CAM and occlusion inventory,Where is this frozen target spatially sensitive?,PASS,RESULT_ALREADY_EXISTS,USED_MAIN_TEXT,ART-P9-SPATIAL,repo://,artifacts/baseline_v2/audit/p9/spatial.json,models.mixed_cem.folds[2].targets.spiculation,64656d54e573e2ce8c626c6403e6dc295498d233dd90c4152efcd12b9240cfbf,539,PRIVATE_SOURCE_PUBLIC_AGGREGATE,False,SEC-RESULTS-WHERE,"[""RPT-T13""]","[""RPT-F07""]",,RESULTS_CATALOGUE_PLAN:eb3aa9110fc06acd8cd9e2a375b64bcfa5a60d768ef6f37f16e1c693576c5c93,VERIFIED,"{""display_only_overlay_normalization"":true,""full_ct_case_feasibility"":""REGISTERED_SEPARATELY_IN_CAT_Q"",""matched_random_masks_per_valid_map"":20,""occlusion_evidence_available"":true,""quantitative_faithfulness_uses_raw_fp32"":true,""raw_map_dtype"":""FP32"",""raw_map_normalized"":false,""raw_map_storage"":""mac-archive://p9/spatial/mixed_cem/fold_2/shards"",""requested_map_count"":539,""undefined_map_count"":0,""undefined_rate"":0.0,""valid_map_count"":539}"
RES-P9-GRADCAM-MIXED_CEM-FOLD2-TEXTURE,CAT-L,gradcam_model_fold_target,P9,mixed_cem,2,texture,Raw FP32 Grad-CAM and occlusion inventory,Where is this frozen target spatially sensitive?,PASS,RESULT_ALREADY_EXISTS,USED_MAIN_TEXT,ART-P9-SPATIAL,repo://,artifacts/baseline_v2/audit/p9/spatial.json,models.mixed_cem.folds[2].targets.texture,64656d54e573e2ce8c626c6403e6dc295498d233dd90c4152efcd12b9240cfbf,539,PRIVATE_SOURCE_PUBLIC_AGGREGATE,False,SEC-RESULTS-WHERE,"[""RPT-T13""]","[""RPT-F07""]",,RESULTS_CATALOGUE_PLAN:eb3aa9110fc06acd8cd9e2a375b64bcfa5a60d768ef6f37f16e1c693576c5c93,VERIFIED,"{""display_only_overlay_normalization"":true,""full_ct_case_feasibility"":""REGISTERED_SEPARATELY_IN_CAT_Q"",""matched_random_masks_per_valid_map"":20,""occlusion_evidence_available"":true,""quantitative_faithfulness_uses_raw_fp32"":true,""raw_map_dtype"":""FP32"",""raw_map_normalized"":false,""raw_map_storage"":""mac-archive://p9/spatial/mixed_cem/fold_2/shards"",""requested_map_count"":539,""undefined_map_count"":0,""undefined_rate"":0.0,""valid_map_count"":539}"
RES-P9-GRADCAM-MIXED_CEM-FOLD3-MALIGNANCY,CAT-L,gradcam_model_fold_target,P9,mixed_cem,3,malignancy,Raw FP32 Grad-CAM and occlusion inventory,Where is this frozen target spatially sensitive?,PASS,RESULT_ALREADY_EXISTS,USED_MAIN_TEXT,ART-P9-SPATIAL,repo://,artifacts/baseline_v2/audit/p9/spatial.json,models.mixed_cem.folds[3].targets.malignancy,64656d54e573e2ce8c626c6403e6dc295498d233dd90c4152efcd12b9240cfbf,549,PRIVATE_SOURCE_PUBLIC_AGGREGATE,False,SEC-RESULTS-WHERE,"[""RPT-T13""]","[""RPT-F07""]",,RESULTS_CATALOGUE_PLAN:eb3aa9110fc06acd8cd9e2a375b64bcfa5a60d768ef6f37f16e1c693576c5c93,VERIFIED,"{""display_only_overlay_normalization"":true,""full_ct_case_feasibility"":""REGISTERED_SEPARATELY_IN_CAT_Q"",""matched_random_masks_per_valid_map"":20,""occlusion_evidence_available"":true,""quantitative_faithfulness_uses_raw_fp32"":true,""raw_map_dtype"":""FP32"",""raw_map_normalized"":false,""raw_map_storage"":""mac-archive://p9/spatial/mixed_cem/fold_3/shards"",""requested_map_count"":549,""undefined_map_count"":118,""undefined_rate"":0.21493624772313297,""valid_map_count"":431}"
RES-P9-GRADCAM-MIXED_CEM-FOLD3-SUBTLETY,CAT-L,gradcam_model_fold_target,P9,mixed_cem,3,subtlety,Raw FP32 Grad-CAM and occlusion inventory,Where is this frozen target spatially sensitive?,PASS,RESULT_ALREADY_EXISTS,USED_MAIN_TEXT,ART-P9-SPATIAL,repo://,artifacts/baseline_v2/audit/p9/spatial.json,models.mixed_cem.folds[3].targets.subtlety,64656d54e573e2ce8c626c6403e6dc295498d233dd90c4152efcd12b9240cfbf,549,PRIVATE_SOURCE_PUBLIC_AGGREGATE,False,SEC-RESULTS-WHERE,"[""RPT-T13""]","[""RPT-F07""]",,RESULTS_CATALOGUE_PLAN:eb3aa9110fc06acd8cd9e2a375b64bcfa5a60d768ef6f37f16e1c693576c5c93,VERIFIED,"{""display_only_overlay_normalization"":true,""full_ct_case_feasibility"":""REGISTERED_SEPARATELY_IN_CAT_Q"",""matched_random_masks_per_valid_map"":20,""occlusion_evidence_available"":true,""quantitative_faithfulness_uses_raw_fp32"":true,""raw_map_dtype"":""FP32"",""raw_map_normalized"":false,""raw_map_storage"":""mac-archive://p9/spatial/mixed_cem/fold_3/shards"",""requested_map_count"":549,""undefined_map_count"":0,""undefined_rate"":0.0,""valid_map_count"":549}"
RES-P9-GRADCAM-MIXED_CEM-FOLD3-INTERNALSTRUCTURE,CAT-L,gradcam_model_fold_target,P9,mixed_cem,3,internalStructure,Raw FP32 Grad-CAM and occlusion inventory,Where is this frozen target spatially sensitive?,PASS,RESULT_ALREADY_EXISTS,USED_MAIN_TEXT,ART-P9-SPATIAL,repo://,artifacts/baseline_v2/audit/p9/spatial.json,models.mixed_cem.folds[3].targets.internalStructure,64656d54e573e2ce8c626c6403e6dc295498d233dd90c4152efcd12b9240cfbf,549,PRIVATE_SOURCE_PUBLIC_AGGREGATE,False,SEC-RESULTS-WHERE,"[""RPT-T13""]","[""RPT-F07""]",,RESULTS_CATALOGUE_PLAN:eb3aa9110fc06acd8cd9e2a375b64bcfa5a60d768ef6f37f16e1c693576c5c93,VERIFIED,"{""display_only_overlay_normalization"":true,""full_ct_case_feasibility"":""REGISTERED_SEPARATELY_IN_CAT_Q"",""matched_random_masks_per_valid_map"":20,""occlusion_evidence_available"":true,""quantitative_faithfulness_uses_raw_fp32"":true,""raw_map_dtype"":""FP32"",""raw_map_normalized"":false,""raw_map_storage"":""mac-archive://p9/spatial/mixed_cem/fold_3/shards"",""requested_map_count"":549,""undefined_map_count"":0,""undefined_rate"":0.0,""valid_map_count"":549}"
RES-P9-GRADCAM-MIXED_CEM-FOLD3-CALCIFICATION,CAT-L,gradcam_model_fold_target,P9,mixed_cem,3,calcification,Raw FP32 Grad-CAM and occlusion inventory,Where is this frozen target spatially sensitive?,PASS,RESULT_ALREADY_EXISTS,USED_MAIN_TEXT,ART-P9-SPATIAL,repo://,artifacts/baseline_v2/audit/p9/spatial.json,models.mixed_cem.folds[3].targets.calcification,64656d54e573e2ce8c626c6403e6dc295498d233dd90c4152efcd12b9240cfbf,549,PRIVATE_SOURCE_PUBLIC_AGGREGATE,False,SEC-RESULTS-WHERE,"[""RPT-T13""]","[""RPT-F07""]",,RESULTS_CATALOGUE_PLAN:eb3aa9110fc06acd8cd9e2a375b64bcfa5a60d768ef6f37f16e1c693576c5c93,VERIFIED,"{""display_only_overlay_normalization"":true,""full_ct_case_feasibility"":""REGISTERED_SEPARATELY_IN_CAT_Q"",""matched_random_masks_per_valid_map"":20,""occlusion_evidence_available"":true,""quantitative_faithfulness_uses_raw_fp32"":true,""raw_map_dtype"":""FP32"",""raw_map_normalized"":false,""raw_map_storage"":""mac-archive://p9/spatial/mixed_cem/fold_3/shards"",""requested_map_count"":549,""undefined_map_count"":68,""undefined_rate"":0.12386156648451731,""valid_map_count"":481}"
RES-P9-GRADCAM-MIXED_CEM-FOLD3-SPHERICITY,CAT-L,gradcam_model_fold_target,P9,mixed_cem,3,sphericity,Raw FP32 Grad-CAM and occlusion inventory,Where is this frozen target spatially sensitive?,PASS,RESULT_ALREADY_EXISTS,USED_MAIN_TEXT,ART-P9-SPATIAL,repo://,artifacts/baseline_v2/audit/p9/spatial.json,models.mixed_cem.folds[3].targets.sphericity,64656d54e573e2ce8c626c6403e6dc295498d233dd90c4152efcd12b9240cfbf,549,PRIVATE_SOURCE_PUBLIC_AGGREGATE,False,SEC-RESULTS-WHERE,"[""RPT-T13""]","[""RPT-F07""]",,RESULTS_CATALOGUE_PLAN:eb3aa9110fc06acd8cd9e2a375b64bcfa5a60d768ef6f37f16e1c693576c5c93,VERIFIED,"{""display_only_overlay_normalization"":true,""full_ct_case_feasibility"":""REGISTERED_SEPARATELY_IN_CAT_Q"",""matched_random_masks_per_valid_map"":20,""occlusion_evidence_available"":true,""quantitative_faithfulness_uses_raw_fp32"":true,""raw_map_dtype"":""FP32"",""raw_map_normalized"":false,""raw_map_storage"":""mac-archive://p9/spatial/mixed_cem/fold_3/shards"",""requested_map_count"":549,""undefined_map_count"":1,""undefined_rate"":0.0018214936247723133,""valid_map_count"":548}"
RES-P9-GRADCAM-MIXED_CEM-FOLD3-MARGIN,CAT-L,gradcam_model_fold_target,P9,mixed_cem,3,margin,Raw FP32 Grad-CAM and occlusion inventory,Where is this frozen target spatially sensitive?,PASS,RESULT_ALREADY_EXISTS,USED_MAIN_TEXT,ART-P9-SPATIAL,repo://,artifacts/baseline_v2/audit/p9/spatial.json,models.mixed_cem.folds[3].targets.margin,64656d54e573e2ce8c626c6403e6dc295498d233dd90c4152efcd12b9240cfbf,549,PRIVATE_SOURCE_PUBLIC_AGGREGATE,False,SEC-RESULTS-WHERE,"[""RPT-T13""]","[""RPT-F07""]",,RESULTS_CATALOGUE_PLAN:eb3aa9110fc06acd8cd9e2a375b64bcfa5a60d768ef6f37f16e1c693576c5c93,VERIFIED,"{""display_only_overlay_normalization"":true,""full_ct_case_feasibility"":""REGISTERED_SEPARATELY_IN_CAT_Q"",""matched_random_masks_per_valid_map"":20,""occlusion_evidence_available"":true,""quantitative_faithfulness_uses_raw_fp32"":true,""raw_map_dtype"":""FP32"",""raw_map_normalized"":false,""raw_map_storage"":""mac-archive://p9/spatial/mixed_cem/fold_3/shards"",""requested_map_count"":549,""undefined_map_count"":0,""undefined_rate"":0.0,""valid_map_count"":549}"
RES-P9-GRADCAM-MIXED_CEM-FOLD3-LOBULATION,CAT-L,gradcam_model_fold_target,P9,mixed_cem,3,lobulation,Raw FP32 Grad-CAM and occlusion inventory,Where is this frozen target spatially sensitive?,PASS,RESULT_ALREADY_EXISTS,USED_MAIN_TEXT,ART-P9-SPATIAL,repo://,artifacts/baseline_v2/audit/p9/spatial.json,models.mixed_cem.folds[3].targets.lobulation,64656d54e573e2ce8c626c6403e6dc295498d233dd90c4152efcd12b9240cfbf,549,PRIVATE_SOURCE_PUBLIC_AGGREGATE,False,SEC-RESULTS-WHERE,"[""RPT-T13""]","[""RPT-F07""]",,RESULTS_CATALOGUE_PLAN:eb3aa9110fc06acd8cd9e2a375b64bcfa5a60d768ef6f37f16e1c693576c5c93,VERIFIED,"{""display_only_overlay_normalization"":true,""full_ct_case_feasibility"":""REGISTERED_SEPARATELY_IN_CAT_Q"",""matched_random_masks_per_valid_map"":20,""occlusion_evidence_available"":true,""quantitative_faithfulness_uses_raw_fp32"":true,""raw_map_dtype"":""FP32"",""raw_map_normalized"":false,""raw_map_storage"":""mac-archive://p9/spatial/mixed_cem/fold_3/shards"",""requested_map_count"":549,""undefined_map_count"":12,""undefined_rate"":0.02185792349726776,""valid_map_count"":537}"
RES-P9-GRADCAM-MIXED_CEM-FOLD3-SPICULATION,CAT-L,gradcam_model_fold_target,P9,mixed_cem,3,spiculation,Raw FP32 Grad-CAM and occlusion inventory,Where is this frozen target spatially sensitive?,PASS,RESULT_ALREADY_EXISTS,USED_MAIN_TEXT,ART-P9-SPATIAL,repo://,artifacts/baseline_v2/audit/p9/spatial.json,models.mixed_cem.folds[3].targets.spiculation,64656d54e573e2ce8c626c6403e6dc295498d233dd90c4152efcd12b9240cfbf,549,PRIVATE_SOURCE_PUBLIC_AGGREGATE,False,SEC-RESULTS-WHERE,"[""RPT-T13""]","[""RPT-F07""]",,RESULTS_CATALOGUE_PLAN:eb3aa9110fc06acd8cd9e2a375b64bcfa5a60d768ef6f37f16e1c693576c5c93,VERIFIED,"{""display_only_overlay_normalization"":true,""full_ct_case_feasibility"":""REGISTERED_SEPARATELY_IN_CAT_Q"",""matched_random_masks_per_valid_map"":20,""occlusion_evidence_available"":true,""quantitative_faithfulness_uses_raw_fp32"":true,""raw_map_dtype"":""FP32"",""raw_map_normalized"":false,""raw_map_storage"":""mac-archive://p9/spatial/mixed_cem/fold_3/shards"",""requested_map_count"":549,""undefined_map_count"":0,""undefined_rate"":0.0,""valid_map_count"":549}"
RES-P9-GRADCAM-MIXED_CEM-FOLD3-TEXTURE,CAT-L,gradcam_model_fold_target,P9,mixed_cem,3,texture,Raw FP32 Grad-CAM and occlusion inventory,Where is this frozen target spatially sensitive?,PASS,RESULT_ALREADY_EXISTS,USED_MAIN_TEXT,ART-P9-SPATIAL,repo://,artifacts/baseline_v2/audit/p9/spatial.json,models.mixed_cem.folds[3].targets.texture,64656d54e573e2ce8c626c6403e6dc295498d233dd90c4152efcd12b9240cfbf,549,PRIVATE_SOURCE_PUBLIC_AGGREGATE,False,SEC-RESULTS-WHERE,"[""RPT-T13""]","[""RPT-F07""]",,RESULTS_CATALOGUE_PLAN:eb3aa9110fc06acd8cd9e2a375b64bcfa5a60d768ef6f37f16e1c693576c5c93,VERIFIED,"{""display_only_overlay_normalization"":true,""full_ct_case_feasibility"":""REGISTERED_SEPARATELY_IN_CAT_Q"",""matched_random_masks_per_valid_map"":20,""occlusion_evidence_available"":true,""quantitative_faithfulness_uses_raw_fp32"":true,""raw_map_dtype"":""FP32"",""raw_map_normalized"":false,""raw_map_storage"":""mac-archive://p9/spatial/mixed_cem/fold_3/shards"",""requested_map_count"":549,""undefined_map_count"":7,""undefined_rate"":0.012750455373406194,""valid_map_count"":542}"
RES-P9-GRADCAM-MIXED_CEM-FOLD4-MALIGNANCY,CAT-L,gradcam_model_fold_target,P9,mixed_cem,4,malignancy,Raw FP32 Grad-CAM and occlusion inventory,Where is this frozen target spatially sensitive?,PASS,RESULT_ALREADY_EXISTS,USED_MAIN_TEXT,ART-P9-SPATIAL,repo://,artifacts/baseline_v2/audit/p9/spatial.json,models.mixed_cem.folds[4].targets.malignancy,64656d54e573e2ce8c626c6403e6dc295498d233dd90c4152efcd12b9240cfbf,564,PRIVATE_SOURCE_PUBLIC_AGGREGATE,False,SEC-RESULTS-WHERE,"[""RPT-T13""]","[""RPT-F07""]",,RESULTS_CATALOGUE_PLAN:eb3aa9110fc06acd8cd9e2a375b64bcfa5a60d768ef6f37f16e1c693576c5c93,VERIFIED,"{""display_only_overlay_normalization"":true,""full_ct_case_feasibility"":""REGISTERED_SEPARATELY_IN_CAT_Q"",""matched_random_masks_per_valid_map"":20,""occlusion_evidence_available"":true,""quantitative_faithfulness_uses_raw_fp32"":true,""raw_map_dtype"":""FP32"",""raw_map_normalized"":false,""raw_map_storage"":""mac-archive://p9/spatial/mixed_cem/fold_4/shards"",""requested_map_count"":564,""undefined_map_count"":361,""undefined_rate"":0.6400709219858156,""valid_map_count"":203}"
RES-P9-GRADCAM-MIXED_CEM-FOLD4-SUBTLETY,CAT-L,gradcam_model_fold_target,P9,mixed_cem,4,subtlety,Raw FP32 Grad-CAM and occlusion inventory,Where is this frozen target spatially sensitive?,PASS,RESULT_ALREADY_EXISTS,USED_MAIN_TEXT,ART-P9-SPATIAL,repo://,artifacts/baseline_v2/audit/p9/spatial.json,models.mixed_cem.folds[4].targets.subtlety,64656d54e573e2ce8c626c6403e6dc295498d233dd90c4152efcd12b9240cfbf,564,PRIVATE_SOURCE_PUBLIC_AGGREGATE,False,SEC-RESULTS-WHERE,"[""RPT-T13""]","[""RPT-F07""]",,RESULTS_CATALOGUE_PLAN:eb3aa9110fc06acd8cd9e2a375b64bcfa5a60d768ef6f37f16e1c693576c5c93,VERIFIED,"{""display_only_overlay_normalization"":true,""full_ct_case_feasibility"":""REGISTERED_SEPARATELY_IN_CAT_Q"",""matched_random_masks_per_valid_map"":20,""occlusion_evidence_available"":true,""quantitative_faithfulness_uses_raw_fp32"":true,""raw_map_dtype"":""FP32"",""raw_map_normalized"":false,""raw_map_storage"":""mac-archive://p9/spatial/mixed_cem/fold_4/shards"",""requested_map_count"":564,""undefined_map_count"":0,""undefined_rate"":0.0,""valid_map_count"":564}"
RES-P9-GRADCAM-MIXED_CEM-FOLD4-INTERNALSTRUCTURE,CAT-L,gradcam_model_fold_target,P9,mixed_cem,4,internalStructure,Raw FP32 Grad-CAM and occlusion inventory,Where is this frozen target spatially sensitive?,PASS,RESULT_ALREADY_EXISTS,USED_MAIN_TEXT,ART-P9-SPATIAL,repo://,artifacts/baseline_v2/audit/p9/spatial.json,models.mixed_cem.folds[4].targets.internalStructure,64656d54e573e2ce8c626c6403e6dc295498d233dd90c4152efcd12b9240cfbf,564,PRIVATE_SOURCE_PUBLIC_AGGREGATE,False,SEC-RESULTS-WHERE,"[""RPT-T13""]","[""RPT-F07""]",,RESULTS_CATALOGUE_PLAN:eb3aa9110fc06acd8cd9e2a375b64bcfa5a60d768ef6f37f16e1c693576c5c93,VERIFIED,"{""display_only_overlay_normalization"":true,""full_ct_case_feasibility"":""REGISTERED_SEPARATELY_IN_CAT_Q"",""matched_random_masks_per_valid_map"":20,""occlusion_evidence_available"":true,""quantitative_faithfulness_uses_raw_fp32"":true,""raw_map_dtype"":""FP32"",""raw_map_normalized"":false,""raw_map_storage"":""mac-archive://p9/spatial/mixed_cem/fold_4/shards"",""requested_map_count"":564,""undefined_map_count"":397,""undefined_rate"":0.7039007092198581,""valid_map_count"":167}"
RES-P9-GRADCAM-MIXED_CEM-FOLD4-CALCIFICATION,CAT-L,gradcam_model_fold_target,P9,mixed_cem,4,calcification,Raw FP32 Grad-CAM and occlusion inventory,Where is this frozen target spatially sensitive?,PASS,RESULT_ALREADY_EXISTS,USED_MAIN_TEXT,ART-P9-SPATIAL,repo://,artifacts/baseline_v2/audit/p9/spatial.json,models.mixed_cem.folds[4].targets.calcification,64656d54e573e2ce8c626c6403e6dc295498d233dd90c4152efcd12b9240cfbf,564,PRIVATE_SOURCE_PUBLIC_AGGREGATE,False,SEC-RESULTS-WHERE,"[""RPT-T13""]","[""RPT-F07""]",,RESULTS_CATALOGUE_PLAN:eb3aa9110fc06acd8cd9e2a375b64bcfa5a60d768ef6f37f16e1c693576c5c93,VERIFIED,"{""display_only_overlay_normalization"":true,""full_ct_case_feasibility"":""REGISTERED_SEPARATELY_IN_CAT_Q"",""matched_random_masks_per_valid_map"":20,""occlusion_evidence_available"":true,""quantitative_faithfulness_uses_raw_fp32"":true,""raw_map_dtype"":""FP32"",""raw_map_normalized"":false,""raw_map_storage"":""mac-archive://p9/spatial/mixed_cem/fold_4/shards"",""requested_map_count"":564,""undefined_map_count"":196,""undefined_rate"":0.3475177304964539,""valid_map_count"":368}"
RES-P9-GRADCAM-MIXED_CEM-FOLD4-SPHERICITY,CAT-L,gradcam_model_fold_target,P9,mixed_cem,4,sphericity,Raw FP32 Grad-CAM and occlusion inventory,Where is this frozen target spatially sensitive?,PASS,RESULT_ALREADY_EXISTS,USED_MAIN_TEXT,ART-P9-SPATIAL,repo://,artifacts/baseline_v2/audit/p9/spatial.json,models.mixed_cem.folds[4].targets.sphericity,64656d54e573e2ce8c626c6403e6dc295498d233dd90c4152efcd12b9240cfbf,564,PRIVATE_SOURCE_PUBLIC_AGGREGATE,False,SEC-RESULTS-WHERE,"[""RPT-T13""]","[""RPT-F07""]",,RESULTS_CATALOGUE_PLAN:eb3aa9110fc06acd8cd9e2a375b64bcfa5a60d768ef6f37f16e1c693576c5c93,VERIFIED,"{""display_only_overlay_normalization"":true,""full_ct_case_feasibility"":""REGISTERED_SEPARATELY_IN_CAT_Q"",""matched_random_masks_per_valid_map"":20,""occlusion_evidence_available"":true,""quantitative_faithfulness_uses_raw_fp32"":true,""raw_map_dtype"":""FP32"",""raw_map_normalized"":false,""raw_map_storage"":""mac-archive://p9/spatial/mixed_cem/fold_4/shards"",""requested_map_count"":564,""undefined_map_count"":180,""undefined_rate"":0.3191489361702128,""valid_map_count"":384}"
RES-P9-GRADCAM-MIXED_CEM-FOLD4-MARGIN,CAT-L,gradcam_model_fold_target,P9,mixed_cem,4,margin,Raw FP32 Grad-CAM and occlusion inventory,Where is this frozen target spatially sensitive?,PASS,RESULT_ALREADY_EXISTS,USED_MAIN_TEXT,ART-P9-SPATIAL,repo://,artifacts/baseline_v2/audit/p9/spatial.json,models.mixed_cem.folds[4].targets.margin,64656d54e573e2ce8c626c6403e6dc295498d233dd90c4152efcd12b9240cfbf,564,PRIVATE_SOURCE_PUBLIC_AGGREGATE,False,SEC-RESULTS-WHERE,"[""RPT-T13""]","[""RPT-F07""]",,RESULTS_CATALOGUE_PLAN:eb3aa9110fc06acd8cd9e2a375b64bcfa5a60d768ef6f37f16e1c693576c5c93,VERIFIED,"{""display_only_overlay_normalization"":true,""full_ct_case_feasibility"":""REGISTERED_SEPARATELY_IN_CAT_Q"",""matched_random_masks_per_valid_map"":20,""occlusion_evidence_available"":true,""quantitative_faithfulness_uses_raw_fp32"":true,""raw_map_dtype"":""FP32"",""raw_map_normalized"":false,""raw_map_storage"":""mac-archive://p9/spatial/mixed_cem/fold_4/shards"",""requested_map_count"":564,""undefined_map_count"":6,""undefined_rate"":0.010638297872340425,""valid_map_count"":558}"
RES-P9-GRADCAM-MIXED_CEM-FOLD4-LOBULATION,CAT-L,gradcam_model_fold_target,P9,mixed_cem,4,lobulation,Raw FP32 Grad-CAM and occlusion inventory,Where is this frozen target spatially sensitive?,PASS,RESULT_ALREADY_EXISTS,USED_MAIN_TEXT,ART-P9-SPATIAL,repo://,artifacts/baseline_v2/audit/p9/spatial.json,models.mixed_cem.folds[4].targets.lobulation,64656d54e573e2ce8c626c6403e6dc295498d233dd90c4152efcd12b9240cfbf,564,PRIVATE_SOURCE_PUBLIC_AGGREGATE,False,SEC-RESULTS-WHERE,"[""RPT-T13""]","[""RPT-F07""]",,RESULTS_CATALOGUE_PLAN:eb3aa9110fc06acd8cd9e2a375b64bcfa5a60d768ef6f37f16e1c693576c5c93,VERIFIED,"{""display_only_overlay_normalization"":true,""full_ct_case_feasibility"":""REGISTERED_SEPARATELY_IN_CAT_Q"",""matched_random_masks_per_valid_map"":20,""occlusion_evidence_available"":true,""quantitative_faithfulness_uses_raw_fp32"":true,""raw_map_dtype"":""FP32"",""raw_map_normalized"":false,""raw_map_storage"":""mac-archive://p9/spatial/mixed_cem/fold_4/shards"",""requested_map_count"":564,""undefined_map_count"":0,""undefined_rate"":0.0,""valid_map_count"":564}"
RES-P9-GRADCAM-MIXED_CEM-FOLD4-SPICULATION,CAT-L,gradcam_model_fold_target,P9,mixed_cem,4,spiculation,Raw FP32 Grad-CAM and occlusion inventory,Where is this frozen target spatially sensitive?,PASS,RESULT_ALREADY_EXISTS,USED_MAIN_TEXT,ART-P9-SPATIAL,repo://,artifacts/baseline_v2/audit/p9/spatial.json,models.mixed_cem.folds[4].targets.spiculation,64656d54e573e2ce8c626c6403e6dc295498d233dd90c4152efcd12b9240cfbf,564,PRIVATE_SOURCE_PUBLIC_AGGREGATE,False,SEC-RESULTS-WHERE,"[""RPT-T13""]","[""RPT-F07""]",,RESULTS_CATALOGUE_PLAN:eb3aa9110fc06acd8cd9e2a375b64bcfa5a60d768ef6f37f16e1c693576c5c93,VERIFIED,"{""display_only_overlay_normalization"":true,""full_ct_case_feasibility"":""REGISTERED_SEPARATELY_IN_CAT_Q"",""matched_random_masks_per_valid_map"":20,""occlusion_evidence_available"":true,""quantitative_faithfulness_uses_raw_fp32"":true,""raw_map_dtype"":""FP32"",""raw_map_normalized"":false,""raw_map_storage"":""mac-archive://p9/spatial/mixed_cem/fold_4/shards"",""requested_map_count"":564,""undefined_map_count"":0,""undefined_rate"":0.0,""valid_map_count"":564}"
RES-P9-GRADCAM-MIXED_CEM-FOLD4-TEXTURE,CAT-L,gradcam_model_fold_target,P9,mixed_cem,4,texture,Raw FP32 Grad-CAM and occlusion inventory,Where is this frozen target spatially sensitive?,PASS,RESULT_ALREADY_EXISTS,USED_MAIN_TEXT,ART-P9-SPATIAL,repo://,artifacts/baseline_v2/audit/p9/spatial.json,models.mixed_cem.folds[4].targets.texture,64656d54e573e2ce8c626c6403e6dc295498d233dd90c4152efcd12b9240cfbf,564,PRIVATE_SOURCE_PUBLIC_AGGREGATE,False,SEC-RESULTS-WHERE,"[""RPT-T13""]","[""RPT-F07""]",,RESULTS_CATALOGUE_PLAN:eb3aa9110fc06acd8cd9e2a375b64bcfa5a60d768ef6f37f16e1c693576c5c93,VERIFIED,"{""display_only_overlay_normalization"":true,""full_ct_case_feasibility"":""REGISTERED_SEPARATELY_IN_CAT_Q"",""matched_random_masks_per_valid_map"":20,""occlusion_evidence_available"":true,""quantitative_faithfulness_uses_raw_fp32"":true,""raw_map_dtype"":""FP32"",""raw_map_normalized"":false,""raw_map_storage"":""mac-archive://p9/spatial/mixed_cem/fold_4/shards"",""requested_map_count"":564,""undefined_map_count"":3,""undefined_rate"":0.005319148936170213,""valid_map_count"":561}"
RES-P9-GRADCAM-MIXED_CEM-POOLED-MALIGNANCY,CAT-L,gradcam_model_target_pooled,P9,mixed_cem,,malignancy,Pooled Grad-CAM accounting,How often is this target map valid or post-ReLU all-zero?,PASS,RESULT_ALREADY_EXISTS,USED_MAIN_TEXT,ART-P9-SPATIAL,repo://,artifacts/baseline_v2/audit/p9/spatial.json,models.mixed_cem.pooled_targets.malignancy,64656d54e573e2ce8c626c6403e6dc295498d233dd90c4152efcd12b9240cfbf,2633,PUBLIC_DEIDENTIFIED,False,SEC-RESULTS-WHERE,"[""RPT-T13""]","[""RPT-F07""]",,RESULTS_CATALOGUE_PLAN:eb3aa9110fc06acd8cd9e2a375b64bcfa5a60d768ef6f37f16e1c693576c5c93,VERIFIED,"{""confirmed_undefined_semantics"":""exactly all-zero post-ReLU Grad-CAM"",""requested_map_count"":2633,""undefined_map_count"":1366,""undefined_rate"":0.5187998480820357,""valid_map_count"":1267}"
RES-P9-GRADCAM-MIXED_CEM-POOLED-SUBTLETY,CAT-L,gradcam_model_target_pooled,P9,mixed_cem,,subtlety,Pooled Grad-CAM accounting,How often is this target map valid or post-ReLU all-zero?,PASS,RESULT_ALREADY_EXISTS,USED_MAIN_TEXT,ART-P9-SPATIAL,repo://,artifacts/baseline_v2/audit/p9/spatial.json,models.mixed_cem.pooled_targets.subtlety,64656d54e573e2ce8c626c6403e6dc295498d233dd90c4152efcd12b9240cfbf,2633,PUBLIC_DEIDENTIFIED,False,SEC-RESULTS-WHERE,"[""RPT-T13""]","[""RPT-F07""]",,RESULTS_CATALOGUE_PLAN:eb3aa9110fc06acd8cd9e2a375b64bcfa5a60d768ef6f37f16e1c693576c5c93,VERIFIED,"{""confirmed_undefined_semantics"":""exactly all-zero post-ReLU Grad-CAM"",""requested_map_count"":2633,""undefined_map_count"":38,""undefined_rate"":0.014432206608431447,""valid_map_count"":2595}"
RES-P9-GRADCAM-MIXED_CEM-POOLED-INTERNALSTRUCTURE,CAT-L,gradcam_model_target_pooled,P9,mixed_cem,,internalStructure,Pooled Grad-CAM accounting,How often is this target map valid or post-ReLU all-zero?,PASS,RESULT_ALREADY_EXISTS,USED_MAIN_TEXT,ART-P9-SPATIAL,repo://,artifacts/baseline_v2/audit/p9/spatial.json,models.mixed_cem.pooled_targets.internalStructure,64656d54e573e2ce8c626c6403e6dc295498d233dd90c4152efcd12b9240cfbf,2633,PUBLIC_DEIDENTIFIED,False,SEC-RESULTS-WHERE,"[""RPT-T13""]","[""RPT-F07""]",,RESULTS_CATALOGUE_PLAN:eb3aa9110fc06acd8cd9e2a375b64bcfa5a60d768ef6f37f16e1c693576c5c93,VERIFIED,"{""confirmed_undefined_semantics"":""exactly all-zero post-ReLU Grad-CAM"",""requested_map_count"":2633,""undefined_map_count"":886,""undefined_rate"":0.3364982909229016,""valid_map_count"":1747}"
RES-P9-GRADCAM-MIXED_CEM-POOLED-CALCIFICATION,CAT-L,gradcam_model_target_pooled,P9,mixed_cem,,calcification,Pooled Grad-CAM accounting,How often is this target map valid or post-ReLU all-zero?,PASS,RESULT_ALREADY_EXISTS,USED_MAIN_TEXT,ART-P9-SPATIAL,repo://,artifacts/baseline_v2/audit/p9/spatial.json,models.mixed_cem.pooled_targets.calcification,64656d54e573e2ce8c626c6403e6dc295498d233dd90c4152efcd12b9240cfbf,2633,PUBLIC_DEIDENTIFIED,False,SEC-RESULTS-WHERE,"[""RPT-T13""]","[""RPT-F07""]",,RESULTS_CATALOGUE_PLAN:eb3aa9110fc06acd8cd9e2a375b64bcfa5a60d768ef6f37f16e1c693576c5c93,VERIFIED,"{""confirmed_undefined_semantics"":""exactly all-zero post-ReLU Grad-CAM"",""requested_map_count"":2633,""undefined_map_count"":717,""undefined_rate"":0.2723129510064565,""valid_map_count"":1916}"
RES-P9-GRADCAM-MIXED_CEM-POOLED-SPHERICITY,CAT-L,gradcam_model_target_pooled,P9,mixed_cem,,sphericity,Pooled Grad-CAM accounting,How often is this target map valid or post-ReLU all-zero?,PASS,RESULT_ALREADY_EXISTS,USED_MAIN_TEXT,ART-P9-SPATIAL,repo://,artifacts/baseline_v2/audit/p9/spatial.json,models.mixed_cem.pooled_targets.sphericity,64656d54e573e2ce8c626c6403e6dc295498d233dd90c4152efcd12b9240cfbf,2633,PUBLIC_DEIDENTIFIED,False,SEC-RESULTS-WHERE,"[""RPT-T13""]","[""RPT-F07""]",,RESULTS_CATALOGUE_PLAN:eb3aa9110fc06acd8cd9e2a375b64bcfa5a60d768ef6f37f16e1c693576c5c93,VERIFIED,"{""confirmed_undefined_semantics"":""exactly all-zero post-ReLU Grad-CAM"",""requested_map_count"":2633,""undefined_map_count"":187,""undefined_rate"":0.07102164830991264,""valid_map_count"":2446}"
RES-P9-GRADCAM-MIXED_CEM-POOLED-MARGIN,CAT-L,gradcam_model_target_pooled,P9,mixed_cem,,margin,Pooled Grad-CAM accounting,How often is this target map valid or post-ReLU all-zero?,PASS,RESULT_ALREADY_EXISTS,USED_MAIN_TEXT,ART-P9-SPATIAL,repo://,artifacts/baseline_v2/audit/p9/spatial.json,models.mixed_cem.pooled_targets.margin,64656d54e573e2ce8c626c6403e6dc295498d233dd90c4152efcd12b9240cfbf,2633,PUBLIC_DEIDENTIFIED,False,SEC-RESULTS-WHERE,"[""RPT-T13""]","[""RPT-F07""]",,RESULTS_CATALOGUE_PLAN:eb3aa9110fc06acd8cd9e2a375b64bcfa5a60d768ef6f37f16e1c693576c5c93,VERIFIED,"{""confirmed_undefined_semantics"":""exactly all-zero post-ReLU Grad-CAM"",""requested_map_count"":2633,""undefined_map_count"":7,""undefined_rate"":0.002658564375237372,""valid_map_count"":2626}"
RES-P9-GRADCAM-MIXED_CEM-POOLED-LOBULATION,CAT-L,gradcam_model_target_pooled,P9,mixed_cem,,lobulation,Pooled Grad-CAM accounting,How often is this target map valid or post-ReLU all-zero?,PASS,RESULT_ALREADY_EXISTS,USED_MAIN_TEXT,ART-P9-SPATIAL,repo://,artifacts/baseline_v2/audit/p9/spatial.json,models.mixed_cem.pooled_targets.lobulation,64656d54e573e2ce8c626c6403e6dc295498d233dd90c4152efcd12b9240cfbf,2633,PUBLIC_DEIDENTIFIED,False,SEC-RESULTS-WHERE,"[""RPT-T13""]","[""RPT-F07""]",,RESULTS_CATALOGUE_PLAN:eb3aa9110fc06acd8cd9e2a375b64bcfa5a60d768ef6f37f16e1c693576c5c93,VERIFIED,"{""confirmed_undefined_semantics"":""exactly all-zero post-ReLU Grad-CAM"",""requested_map_count"":2633,""undefined_map_count"":147,""undefined_rate"":0.05582985187998481,""valid_map_count"":2486}"
RES-P9-GRADCAM-MIXED_CEM-POOLED-SPICULATION,CAT-L,gradcam_model_target_pooled,P9,mixed_cem,,spiculation,Pooled Grad-CAM accounting,How often is this target map valid or post-ReLU all-zero?,PASS,RESULT_ALREADY_EXISTS,USED_MAIN_TEXT,ART-P9-SPATIAL,repo://,artifacts/baseline_v2/audit/p9/spatial.json,models.mixed_cem.pooled_targets.spiculation,64656d54e573e2ce8c626c6403e6dc295498d233dd90c4152efcd12b9240cfbf,2633,PUBLIC_DEIDENTIFIED,False,SEC-RESULTS-WHERE,"[""RPT-T13""]","[""RPT-F07""]",,RESULTS_CATALOGUE_PLAN:eb3aa9110fc06acd8cd9e2a375b64bcfa5a60d768ef6f37f16e1c693576c5c93,VERIFIED,"{""confirmed_undefined_semantics"":""exactly all-zero post-ReLU Grad-CAM"",""requested_map_count"":2633,""undefined_map_count"":0,""undefined_rate"":0.0,""valid_map_count"":2633}"
RES-P9-GRADCAM-MIXED_CEM-POOLED-TEXTURE,CAT-L,gradcam_model_target_pooled,P9,mixed_cem,,texture,Pooled Grad-CAM accounting,How often is this target map valid or post-ReLU all-zero?,PASS,RESULT_ALREADY_EXISTS,USED_MAIN_TEXT,ART-P9-SPATIAL,repo://,artifacts/baseline_v2/audit/p9/spatial.json,models.mixed_cem.pooled_targets.texture,64656d54e573e2ce8c626c6403e6dc295498d233dd90c4152efcd12b9240cfbf,2633,PUBLIC_DEIDENTIFIED,False,SEC-RESULTS-WHERE,"[""RPT-T13""]","[""RPT-F07""]",,RESULTS_CATALOGUE_PLAN:eb3aa9110fc06acd8cd9e2a375b64bcfa5a60d768ef6f37f16e1c693576c5c93,VERIFIED,"{""confirmed_undefined_semantics"":""exactly all-zero post-ReLU Grad-CAM"",""requested_map_count"":2633,""undefined_map_count"":33,""undefined_rate"":0.012533232054690467,""valid_map_count"":2600}"
RES-P9-GRADCAM-LEARNED_SOFTMAX_GAM-FOLD0-MALIGNANCY,CAT-L,gradcam_model_fold_target,P9,learned_softmax_gam,0,malignancy,Raw FP32 Grad-CAM and occlusion inventory,Where is this frozen target spatially sensitive?,PASS,RESULT_ALREADY_EXISTS,USED_MAIN_TEXT,ART-P9-SPATIAL,repo://,artifacts/baseline_v2/audit/p9/spatial.json,models.learned_softmax_gam.folds[0].targets.malignancy,64656d54e573e2ce8c626c6403e6dc295498d233dd90c4152efcd12b9240cfbf,479,PRIVATE_SOURCE_PUBLIC_AGGREGATE,False,SEC-RESULTS-WHERE,"[""RPT-T13""]","[""RPT-F07""]",,RESULTS_CATALOGUE_PLAN:eb3aa9110fc06acd8cd9e2a375b64bcfa5a60d768ef6f37f16e1c693576c5c93,VERIFIED,"{""display_only_overlay_normalization"":true,""full_ct_case_feasibility"":""REGISTERED_SEPARATELY_IN_CAT_Q"",""matched_random_masks_per_valid_map"":20,""occlusion_evidence_available"":true,""quantitative_faithfulness_uses_raw_fp32"":true,""raw_map_dtype"":""FP32"",""raw_map_normalized"":false,""raw_map_storage"":""mac-archive://p9/spatial/learned_softmax_gam/fold_0/shards"",""requested_map_count"":479,""undefined_map_count"":7,""undefined_rate"":0.014613778705636743,""valid_map_count"":472}"
RES-P9-GRADCAM-LEARNED_SOFTMAX_GAM-FOLD0-SUBTLETY,CAT-L,gradcam_model_fold_target,P9,learned_softmax_gam,0,subtlety,Raw FP32 Grad-CAM and occlusion inventory,Where is this frozen target spatially sensitive?,PASS,RESULT_ALREADY_EXISTS,USED_MAIN_TEXT,ART-P9-SPATIAL,repo://,artifacts/baseline_v2/audit/p9/spatial.json,models.learned_softmax_gam.folds[0].targets.subtlety,64656d54e573e2ce8c626c6403e6dc295498d233dd90c4152efcd12b9240cfbf,479,PRIVATE_SOURCE_PUBLIC_AGGREGATE,False,SEC-RESULTS-WHERE,"[""RPT-T13""]","[""RPT-F07""]",,RESULTS_CATALOGUE_PLAN:eb3aa9110fc06acd8cd9e2a375b64bcfa5a60d768ef6f37f16e1c693576c5c93,VERIFIED,"{""display_only_overlay_normalization"":true,""full_ct_case_feasibility"":""REGISTERED_SEPARATELY_IN_CAT_Q"",""matched_random_masks_per_valid_map"":20,""occlusion_evidence_available"":true,""quantitative_faithfulness_uses_raw_fp32"":true,""raw_map_dtype"":""FP32"",""raw_map_normalized"":false,""raw_map_storage"":""mac-archive://p9/spatial/learned_softmax_gam/fold_0/shards"",""requested_map_count"":479,""undefined_map_count"":2,""undefined_rate"":0.0041753653444676405,""valid_map_count"":477}"
RES-P9-GRADCAM-LEARNED_SOFTMAX_GAM-FOLD0-INTERNALSTRUCTURE,CAT-L,gradcam_model_fold_target,P9,learned_softmax_gam,0,internalStructure,Raw FP32 Grad-CAM and occlusion inventory,Where is this frozen target spatially sensitive?,PASS,RESULT_ALREADY_EXISTS,USED_MAIN_TEXT,ART-P9-SPATIAL,repo://,artifacts/baseline_v2/audit/p9/spatial.json,models.learned_softmax_gam.folds[0].targets.internalStructure,64656d54e573e2ce8c626c6403e6dc295498d233dd90c4152efcd12b9240cfbf,479,PRIVATE_SOURCE_PUBLIC_AGGREGATE,False,SEC-RESULTS-WHERE,"[""RPT-T13""]","[""RPT-F07""]",,RESULTS_CATALOGUE_PLAN:eb3aa9110fc06acd8cd9e2a375b64bcfa5a60d768ef6f37f16e1c693576c5c93,VERIFIED,"{""display_only_overlay_normalization"":true,""full_ct_case_feasibility"":""REGISTERED_SEPARATELY_IN_CAT_Q"",""matched_random_masks_per_valid_map"":20,""occlusion_evidence_available"":true,""quantitative_faithfulness_uses_raw_fp32"":true,""raw_map_dtype"":""FP32"",""raw_map_normalized"":false,""raw_map_storage"":""mac-archive://p9/spatial/learned_softmax_gam/fold_0/shards"",""requested_map_count"":479,""undefined_map_count"":26,""undefined_rate"":0.054279749478079335,""valid_map_count"":453}"
RES-P9-GRADCAM-LEARNED_SOFTMAX_GAM-FOLD0-CALCIFICATION,CAT-L,gradcam_model_fold_target,P9,learned_softmax_gam,0,calcification,Raw FP32 Grad-CAM and occlusion inventory,Where is this frozen target spatially sensitive?,PASS,RESULT_ALREADY_EXISTS,USED_MAIN_TEXT,ART-P9-SPATIAL,repo://,artifacts/baseline_v2/audit/p9/spatial.json,models.learned_softmax_gam.folds[0].targets.calcification,64656d54e573e2ce8c626c6403e6dc295498d233dd90c4152efcd12b9240cfbf,479,PRIVATE_SOURCE_PUBLIC_AGGREGATE,False,SEC-RESULTS-WHERE,"[""RPT-T13""]","[""RPT-F07""]",,RESULTS_CATALOGUE_PLAN:eb3aa9110fc06acd8cd9e2a375b64bcfa5a60d768ef6f37f16e1c693576c5c93,VERIFIED,"{""display_only_overlay_normalization"":true,""full_ct_case_feasibility"":""REGISTERED_SEPARATELY_IN_CAT_Q"",""matched_random_masks_per_valid_map"":20,""occlusion_evidence_available"":true,""quantitative_faithfulness_uses_raw_fp32"":true,""raw_map_dtype"":""FP32"",""raw_map_normalized"":false,""raw_map_storage"":""mac-archive://p9/spatial/learned_softmax_gam/fold_0/shards"",""requested_map_count"":479,""undefined_map_count"":57,""undefined_rate"":0.11899791231732777,""valid_map_count"":422}"
RES-P9-GRADCAM-LEARNED_SOFTMAX_GAM-FOLD0-SPHERICITY,CAT-L,gradcam_model_fold_target,P9,learned_softmax_gam,0,sphericity,Raw FP32 Grad-CAM and occlusion inventory,Where is this frozen target spatially sensitive?,PASS,RESULT_ALREADY_EXISTS,USED_MAIN_TEXT,ART-P9-SPATIAL,repo://,artifacts/baseline_v2/audit/p9/spatial.json,models.learned_softmax_gam.folds[0].targets.sphericity,64656d54e573e2ce8c626c6403e6dc295498d233dd90c4152efcd12b9240cfbf,479,PRIVATE_SOURCE_PUBLIC_AGGREGATE,False,SEC-RESULTS-WHERE,"[""RPT-T13""]","[""RPT-F07""]",,RESULTS_CATALOGUE_PLAN:eb3aa9110fc06acd8cd9e2a375b64bcfa5a60d768ef6f37f16e1c693576c5c93,VERIFIED,"{""display_only_overlay_normalization"":true,""full_ct_case_feasibility"":""REGISTERED_SEPARATELY_IN_CAT_Q"",""matched_random_masks_per_valid_map"":20,""occlusion_evidence_available"":true,""quantitative_faithfulness_uses_raw_fp32"":true,""raw_map_dtype"":""FP32"",""raw_map_normalized"":false,""raw_map_storage"":""mac-archive://p9/spatial/learned_softmax_gam/fold_0/shards"",""requested_map_count"":479,""undefined_map_count"":0,""undefined_rate"":0.0,""valid_map_count"":479}"
RES-P9-GRADCAM-LEARNED_SOFTMAX_GAM-FOLD0-MARGIN,CAT-L,gradcam_model_fold_target,P9,learned_softmax_gam,0,margin,Raw FP32 Grad-CAM and occlusion inventory,Where is this frozen target spatially sensitive?,PASS,RESULT_ALREADY_EXISTS,USED_MAIN_TEXT,ART-P9-SPATIAL,repo://,artifacts/baseline_v2/audit/p9/spatial.json,models.learned_softmax_gam.folds[0].targets.margin,64656d54e573e2ce8c626c6403e6dc295498d233dd90c4152efcd12b9240cfbf,479,PRIVATE_SOURCE_PUBLIC_AGGREGATE,False,SEC-RESULTS-WHERE,"[""RPT-T13""]","[""RPT-F07""]",,RESULTS_CATALOGUE_PLAN:eb3aa9110fc06acd8cd9e2a375b64bcfa5a60d768ef6f37f16e1c693576c5c93,VERIFIED,"{""display_only_overlay_normalization"":true,""full_ct_case_feasibility"":""REGISTERED_SEPARATELY_IN_CAT_Q"",""matched_random_masks_per_valid_map"":20,""occlusion_evidence_available"":true,""quantitative_faithfulness_uses_raw_fp32"":true,""raw_map_dtype"":""FP32"",""raw_map_normalized"":false,""raw_map_storage"":""mac-archive://p9/spatial/learned_softmax_gam/fold_0/shards"",""requested_map_count"":479,""undefined_map_count"":67,""undefined_rate"":0.13987473903966596,""valid_map_count"":412}"
RES-P9-GRADCAM-LEARNED_SOFTMAX_GAM-FOLD0-LOBULATION,CAT-L,gradcam_model_fold_target,P9,learned_softmax_gam,0,lobulation,Raw FP32 Grad-CAM and occlusion inventory,Where is this frozen target spatially sensitive?,PASS,RESULT_ALREADY_EXISTS,USED_MAIN_TEXT,ART-P9-SPATIAL,repo://,artifacts/baseline_v2/audit/p9/spatial.json,models.learned_softmax_gam.folds[0].targets.lobulation,64656d54e573e2ce8c626c6403e6dc295498d233dd90c4152efcd12b9240cfbf,479,PRIVATE_SOURCE_PUBLIC_AGGREGATE,False,SEC-RESULTS-WHERE,"[""RPT-T13""]","[""RPT-F07""]",,RESULTS_CATALOGUE_PLAN:eb3aa9110fc06acd8cd9e2a375b64bcfa5a60d768ef6f37f16e1c693576c5c93,VERIFIED,"{""display_only_overlay_normalization"":true,""full_ct_case_feasibility"":""REGISTERED_SEPARATELY_IN_CAT_Q"",""matched_random_masks_per_valid_map"":20,""occlusion_evidence_available"":true,""quantitative_faithfulness_uses_raw_fp32"":true,""raw_map_dtype"":""FP32"",""raw_map_normalized"":false,""raw_map_storage"":""mac-archive://p9/spatial/learned_softmax_gam/fold_0/shards"",""requested_map_count"":479,""undefined_map_count"":4,""undefined_rate"":0.008350730688935281,""valid_map_count"":475}"
RES-P9-GRADCAM-LEARNED_SOFTMAX_GAM-FOLD0-SPICULATION,CAT-L,gradcam_model_fold_target,P9,learned_softmax_gam,0,spiculation,Raw FP32 Grad-CAM and occlusion inventory,Where is this frozen target spatially sensitive?,PASS,RESULT_ALREADY_EXISTS,USED_MAIN_TEXT,ART-P9-SPATIAL,repo://,artifacts/baseline_v2/audit/p9/spatial.json,models.learned_softmax_gam.folds[0].targets.spiculation,64656d54e573e2ce8c626c6403e6dc295498d233dd90c4152efcd12b9240cfbf,479,PRIVATE_SOURCE_PUBLIC_AGGREGATE,False,SEC-RESULTS-WHERE,"[""RPT-T13""]","[""RPT-F07""]",,RESULTS_CATALOGUE_PLAN:eb3aa9110fc06acd8cd9e2a375b64bcfa5a60d768ef6f37f16e1c693576c5c93,VERIFIED,"{""display_only_overlay_normalization"":true,""full_ct_case_feasibility"":""REGISTERED_SEPARATELY_IN_CAT_Q"",""matched_random_masks_per_valid_map"":20,""occlusion_evidence_available"":true,""quantitative_faithfulness_uses_raw_fp32"":true,""raw_map_dtype"":""FP32"",""raw_map_normalized"":false,""raw_map_storage"":""mac-archive://p9/spatial/learned_softmax_gam/fold_0/shards"",""requested_map_count"":479,""undefined_map_count"":20,""undefined_rate"":0.04175365344467641,""valid_map_count"":459}"
RES-P9-GRADCAM-LEARNED_SOFTMAX_GAM-FOLD0-TEXTURE,CAT-L,gradcam_model_fold_target,P9,learned_softmax_gam,0,texture,Raw FP32 Grad-CAM and occlusion inventory,Where is this frozen target spatially sensitive?,PASS,RESULT_ALREADY_EXISTS,USED_MAIN_TEXT,ART-P9-SPATIAL,repo://,artifacts/baseline_v2/audit/p9/spatial.json,models.learned_softmax_gam.folds[0].targets.texture,64656d54e573e2ce8c626c6403e6dc295498d233dd90c4152efcd12b9240cfbf,479,PRIVATE_SOURCE_PUBLIC_AGGREGATE,False,SEC-RESULTS-WHERE,"[""RPT-T13""]","[""RPT-F07""]",,RESULTS_CATALOGUE_PLAN:eb3aa9110fc06acd8cd9e2a375b64bcfa5a60d768ef6f37f16e1c693576c5c93,VERIFIED,"{""display_only_overlay_normalization"":true,""full_ct_case_feasibility"":""REGISTERED_SEPARATELY_IN_CAT_Q"",""matched_random_masks_per_valid_map"":20,""occlusion_evidence_available"":true,""quantitative_faithfulness_uses_raw_fp32"":true,""raw_map_dtype"":""FP32"",""raw_map_normalized"":false,""raw_map_storage"":""mac-archive://p9/spatial/learned_softmax_gam/fold_0/shards"",""requested_map_count"":479,""undefined_map_count"":61,""undefined_rate"":0.12734864300626306,""valid_map_count"":418}"
RES-P9-GRADCAM-LEARNED_SOFTMAX_GAM-FOLD1-MALIGNANCY,CAT-L,gradcam_model_fold_target,P9,learned_softmax_gam,1,malignancy,Raw FP32 Grad-CAM and occlusion inventory,Where is this frozen target spatially sensitive?,PASS,RESULT_ALREADY_EXISTS,USED_MAIN_TEXT,ART-P9-SPATIAL,repo://,artifacts/baseline_v2/audit/p9/spatial.json,models.learned_softmax_gam.folds[1].targets.malignancy,64656d54e573e2ce8c626c6403e6dc295498d233dd90c4152efcd12b9240cfbf,502,PRIVATE_SOURCE_PUBLIC_AGGREGATE,False,SEC-RESULTS-WHERE,"[""RPT-T13""]","[""RPT-F07""]",,RESULTS_CATALOGUE_PLAN:eb3aa9110fc06acd8cd9e2a375b64bcfa5a60d768ef6f37f16e1c693576c5c93,VERIFIED,"{""display_only_overlay_normalization"":true,""full_ct_case_feasibility"":""REGISTERED_SEPARATELY_IN_CAT_Q"",""matched_random_masks_per_valid_map"":20,""occlusion_evidence_available"":true,""quantitative_faithfulness_uses_raw_fp32"":true,""raw_map_dtype"":""FP32"",""raw_map_normalized"":false,""raw_map_storage"":""mac-archive://p9/spatial/learned_softmax_gam/fold_1/shards"",""requested_map_count"":502,""undefined_map_count"":39,""undefined_rate"":0.07768924302788845,""valid_map_count"":463}"
RES-P9-GRADCAM-LEARNED_SOFTMAX_GAM-FOLD1-SUBTLETY,CAT-L,gradcam_model_fold_target,P9,learned_softmax_gam,1,subtlety,Raw FP32 Grad-CAM and occlusion inventory,Where is this frozen target spatially sensitive?,PASS,RESULT_ALREADY_EXISTS,USED_MAIN_TEXT,ART-P9-SPATIAL,repo://,artifacts/baseline_v2/audit/p9/spatial.json,models.learned_softmax_gam.folds[1].targets.subtlety,64656d54e573e2ce8c626c6403e6dc295498d233dd90c4152efcd12b9240cfbf,502,PRIVATE_SOURCE_PUBLIC_AGGREGATE,False,SEC-RESULTS-WHERE,"[""RPT-T13""]","[""RPT-F07""]",,RESULTS_CATALOGUE_PLAN:eb3aa9110fc06acd8cd9e2a375b64bcfa5a60d768ef6f37f16e1c693576c5c93,VERIFIED,"{""display_only_overlay_normalization"":true,""full_ct_case_feasibility"":""REGISTERED_SEPARATELY_IN_CAT_Q"",""matched_random_masks_per_valid_map"":20,""occlusion_evidence_available"":true,""quantitative_faithfulness_uses_raw_fp32"":true,""raw_map_dtype"":""FP32"",""raw_map_normalized"":false,""raw_map_storage"":""mac-archive://p9/spatial/learned_softmax_gam/fold_1/shards"",""requested_map_count"":502,""undefined_map_count"":0,""undefined_rate"":0.0,""valid_map_count"":502}"
RES-P9-GRADCAM-LEARNED_SOFTMAX_GAM-FOLD1-INTERNALSTRUCTURE,CAT-L,gradcam_model_fold_target,P9,learned_softmax_gam,1,internalStructure,Raw FP32 Grad-CAM and occlusion inventory,Where is this frozen target spatially sensitive?,PASS,RESULT_ALREADY_EXISTS,USED_MAIN_TEXT,ART-P9-SPATIAL,repo://,artifacts/baseline_v2/audit/p9/spatial.json,models.learned_softmax_gam.folds[1].targets.internalStructure,64656d54e573e2ce8c626c6403e6dc295498d233dd90c4152efcd12b9240cfbf,502,PRIVATE_SOURCE_PUBLIC_AGGREGATE,False,SEC-RESULTS-WHERE,"[""RPT-T13""]","[""RPT-F07""]",,RESULTS_CATALOGUE_PLAN:eb3aa9110fc06acd8cd9e2a375b64bcfa5a60d768ef6f37f16e1c693576c5c93,VERIFIED,"{""display_only_overlay_normalization"":true,""full_ct_case_feasibility"":""REGISTERED_SEPARATELY_IN_CAT_Q"",""matched_random_masks_per_valid_map"":20,""occlusion_evidence_available"":true,""quantitative_faithfulness_uses_raw_fp32"":true,""raw_map_dtype"":""FP32"",""raw_map_normalized"":false,""raw_map_storage"":""mac-archive://p9/spatial/learned_softmax_gam/fold_1/shards"",""requested_map_count"":502,""undefined_map_count"":43,""undefined_rate"":0.08565737051792828,""valid_map_count"":459}"
RES-P9-GRADCAM-LEARNED_SOFTMAX_GAM-FOLD1-CALCIFICATION,CAT-L,gradcam_model_fold_target,P9,learned_softmax_gam,1,calcification,Raw FP32 Grad-CAM and occlusion inventory,Where is this frozen target spatially sensitive?,PASS,RESULT_ALREADY_EXISTS,USED_MAIN_TEXT,ART-P9-SPATIAL,repo://,artifacts/baseline_v2/audit/p9/spatial.json,models.learned_softmax_gam.folds[1].targets.calcification,64656d54e573e2ce8c626c6403e6dc295498d233dd90c4152efcd12b9240cfbf,502,PRIVATE_SOURCE_PUBLIC_AGGREGATE,False,SEC-RESULTS-WHERE,"[""RPT-T13""]","[""RPT-F07""]",,RESULTS_CATALOGUE_PLAN:eb3aa9110fc06acd8cd9e2a375b64bcfa5a60d768ef6f37f16e1c693576c5c93,VERIFIED,"{""display_only_overlay_normalization"":true,""full_ct_case_feasibility"":""REGISTERED_SEPARATELY_IN_CAT_Q"",""matched_random_masks_per_valid_map"":20,""occlusion_evidence_available"":true,""quantitative_faithfulness_uses_raw_fp32"":true,""raw_map_dtype"":""FP32"",""raw_map_normalized"":false,""raw_map_storage"":""mac-archive://p9/spatial/learned_softmax_gam/fold_1/shards"",""requested_map_count"":502,""undefined_map_count"":20,""undefined_rate"":0.0398406374501992,""valid_map_count"":482}"
RES-P9-GRADCAM-LEARNED_SOFTMAX_GAM-FOLD1-SPHERICITY,CAT-L,gradcam_model_fold_target,P9,learned_softmax_gam,1,sphericity,Raw FP32 Grad-CAM and occlusion inventory,Where is this frozen target spatially sensitive?,PASS,RESULT_ALREADY_EXISTS,USED_MAIN_TEXT,ART-P9-SPATIAL,repo://,artifacts/baseline_v2/audit/p9/spatial.json,models.learned_softmax_gam.folds[1].targets.sphericity,64656d54e573e2ce8c626c6403e6dc295498d233dd90c4152efcd12b9240cfbf,502,PRIVATE_SOURCE_PUBLIC_AGGREGATE,False,SEC-RESULTS-WHERE,"[""RPT-T13""]","[""RPT-F07""]",,RESULTS_CATALOGUE_PLAN:eb3aa9110fc06acd8cd9e2a375b64bcfa5a60d768ef6f37f16e1c693576c5c93,VERIFIED,"{""display_only_overlay_normalization"":true,""full_ct_case_feasibility"":""REGISTERED_SEPARATELY_IN_CAT_Q"",""matched_random_masks_per_valid_map"":20,""occlusion_evidence_available"":true,""quantitative_faithfulness_uses_raw_fp32"":true,""raw_map_dtype"":""FP32"",""raw_map_normalized"":false,""raw_map_storage"":""mac-archive://p9/spatial/learned_softmax_gam/fold_1/shards"",""requested_map_count"":502,""undefined_map_count"":29,""undefined_rate"":0.05776892430278884,""valid_map_count"":473}"
RES-P9-GRADCAM-LEARNED_SOFTMAX_GAM-FOLD1-MARGIN,CAT-L,gradcam_model_fold_target,P9,learned_softmax_gam,1,margin,Raw FP32 Grad-CAM and occlusion inventory,Where is this frozen target spatially sensitive?,PASS,RESULT_ALREADY_EXISTS,USED_MAIN_TEXT,ART-P9-SPATIAL,repo://,artifacts/baseline_v2/audit/p9/spatial.json,models.learned_softmax_gam.folds[1].targets.margin,64656d54e573e2ce8c626c6403e6dc295498d233dd90c4152efcd12b9240cfbf,502,PRIVATE_SOURCE_PUBLIC_AGGREGATE,False,SEC-RESULTS-WHERE,"[""RPT-T13""]","[""RPT-F07""]",,RESULTS_CATALOGUE_PLAN:eb3aa9110fc06acd8cd9e2a375b64bcfa5a60d768ef6f37f16e1c693576c5c93,VERIFIED,"{""display_only_overlay_normalization"":true,""full_ct_case_feasibility"":""REGISTERED_SEPARATELY_IN_CAT_Q"",""matched_random_masks_per_valid_map"":20,""occlusion_evidence_available"":true,""quantitative_faithfulness_uses_raw_fp32"":true,""raw_map_dtype"":""FP32"",""raw_map_normalized"":false,""raw_map_storage"":""mac-archive://p9/spatial/learned_softmax_gam/fold_1/shards"",""requested_map_count"":502,""undefined_map_count"":5,""undefined_rate"":0.0099601593625498,""valid_map_count"":497}"
RES-P9-GRADCAM-LEARNED_SOFTMAX_GAM-FOLD1-LOBULATION,CAT-L,gradcam_model_fold_target,P9,learned_softmax_gam,1,lobulation,Raw FP32 Grad-CAM and occlusion inventory,Where is this frozen target spatially sensitive?,PASS,RESULT_ALREADY_EXISTS,USED_MAIN_TEXT,ART-P9-SPATIAL,repo://,artifacts/baseline_v2/audit/p9/spatial.json,models.learned_softmax_gam.folds[1].targets.lobulation,64656d54e573e2ce8c626c6403e6dc295498d233dd90c4152efcd12b9240cfbf,502,PRIVATE_SOURCE_PUBLIC_AGGREGATE,False,SEC-RESULTS-WHERE,"[""RPT-T13""]","[""RPT-F07""]",,RESULTS_CATALOGUE_PLAN:eb3aa9110fc06acd8cd9e2a375b64bcfa5a60d768ef6f37f16e1c693576c5c93,VERIFIED,"{""display_only_overlay_normalization"":true,""full_ct_case_feasibility"":""REGISTERED_SEPARATELY_IN_CAT_Q"",""matched_random_masks_per_valid_map"":20,""occlusion_evidence_available"":true,""quantitative_faithfulness_uses_raw_fp32"":true,""raw_map_dtype"":""FP32"",""raw_map_normalized"":false,""raw_map_storage"":""mac-archive://p9/spatial/learned_softmax_gam/fold_1/shards"",""requested_map_count"":502,""undefined_map_count"":63,""undefined_rate"":0.1254980079681275,""valid_map_count"":439}"
RES-P9-GRADCAM-LEARNED_SOFTMAX_GAM-FOLD1-SPICULATION,CAT-L,gradcam_model_fold_target,P9,learned_softmax_gam,1,spiculation,Raw FP32 Grad-CAM and occlusion inventory,Where is this frozen target spatially sensitive?,PASS,RESULT_ALREADY_EXISTS,USED_MAIN_TEXT,ART-P9-SPATIAL,repo://,artifacts/baseline_v2/audit/p9/spatial.json,models.learned_softmax_gam.folds[1].targets.spiculation,64656d54e573e2ce8c626c6403e6dc295498d233dd90c4152efcd12b9240cfbf,502,PRIVATE_SOURCE_PUBLIC_AGGREGATE,False,SEC-RESULTS-WHERE,"[""RPT-T13""]","[""RPT-F07""]",,RESULTS_CATALOGUE_PLAN:eb3aa9110fc06acd8cd9e2a375b64bcfa5a60d768ef6f37f16e1c693576c5c93,VERIFIED,"{""display_only_overlay_normalization"":true,""full_ct_case_feasibility"":""REGISTERED_SEPARATELY_IN_CAT_Q"",""matched_random_masks_per_valid_map"":20,""occlusion_evidence_available"":true,""quantitative_faithfulness_uses_raw_fp32"":true,""raw_map_dtype"":""FP32"",""raw_map_normalized"":false,""raw_map_storage"":""mac-archive://p9/spatial/learned_softmax_gam/fold_1/shards"",""requested_map_count"":502,""undefined_map_count"":18,""undefined_rate"":0.035856573705179286,""valid_map_count"":484}"
RES-P9-GRADCAM-LEARNED_SOFTMAX_GAM-FOLD1-TEXTURE,CAT-L,gradcam_model_fold_target,P9,learned_softmax_gam,1,texture,Raw FP32 Grad-CAM and occlusion inventory,Where is this frozen target spatially sensitive?,PASS,RESULT_ALREADY_EXISTS,USED_MAIN_TEXT,ART-P9-SPATIAL,repo://,artifacts/baseline_v2/audit/p9/spatial.json,models.learned_softmax_gam.folds[1].targets.texture,64656d54e573e2ce8c626c6403e6dc295498d233dd90c4152efcd12b9240cfbf,502,PRIVATE_SOURCE_PUBLIC_AGGREGATE,False,SEC-RESULTS-WHERE,"[""RPT-T13""]","[""RPT-F07""]",,RESULTS_CATALOGUE_PLAN:eb3aa9110fc06acd8cd9e2a375b64bcfa5a60d768ef6f37f16e1c693576c5c93,VERIFIED,"{""display_only_overlay_normalization"":true,""full_ct_case_feasibility"":""REGISTERED_SEPARATELY_IN_CAT_Q"",""matched_random_masks_per_valid_map"":20,""occlusion_evidence_available"":true,""quantitative_faithfulness_uses_raw_fp32"":true,""raw_map_dtype"":""FP32"",""raw_map_normalized"":false,""raw_map_storage"":""mac-archive://p9/spatial/learned_softmax_gam/fold_1/shards"",""requested_map_count"":502,""undefined_map_count"":3,""undefined_rate"":0.00597609561752988,""valid_map_count"":499}"
RES-P9-GRADCAM-LEARNED_SOFTMAX_GAM-FOLD2-MALIGNANCY,CAT-L,gradcam_model_fold_target,P9,learned_softmax_gam,2,malignancy,Raw FP32 Grad-CAM and occlusion inventory,Where is this frozen target spatially sensitive?,PASS,RESULT_ALREADY_EXISTS,USED_MAIN_TEXT,ART-P9-SPATIAL,repo://,artifacts/baseline_v2/audit/p9/spatial.json,models.learned_softmax_gam.folds[2].targets.malignancy,64656d54e573e2ce8c626c6403e6dc295498d233dd90c4152efcd12b9240cfbf,539,PRIVATE_SOURCE_PUBLIC_AGGREGATE,False,SEC-RESULTS-WHERE,"[""RPT-T13""]","[""RPT-F07""]",,RESULTS_CATALOGUE_PLAN:eb3aa9110fc06acd8cd9e2a375b64bcfa5a60d768ef6f37f16e1c693576c5c93,VERIFIED,"{""display_only_overlay_normalization"":true,""full_ct_case_feasibility"":""REGISTERED_SEPARATELY_IN_CAT_Q"",""matched_random_masks_per_valid_map"":20,""occlusion_evidence_available"":true,""quantitative_faithfulness_uses_raw_fp32"":true,""raw_map_dtype"":""FP32"",""raw_map_normalized"":false,""raw_map_storage"":""mac-archive://p9/spatial/learned_softmax_gam/fold_2/shards"",""requested_map_count"":539,""undefined_map_count"":25,""undefined_rate"":0.04638218923933209,""valid_map_count"":514}"
RES-P9-GRADCAM-LEARNED_SOFTMAX_GAM-FOLD2-SUBTLETY,CAT-L,gradcam_model_fold_target,P9,learned_softmax_gam,2,subtlety,Raw FP32 Grad-CAM and occlusion inventory,Where is this frozen target spatially sensitive?,PASS,RESULT_ALREADY_EXISTS,USED_MAIN_TEXT,ART-P9-SPATIAL,repo://,artifacts/baseline_v2/audit/p9/spatial.json,models.learned_softmax_gam.folds[2].targets.subtlety,64656d54e573e2ce8c626c6403e6dc295498d233dd90c4152efcd12b9240cfbf,539,PRIVATE_SOURCE_PUBLIC_AGGREGATE,False,SEC-RESULTS-WHERE,"[""RPT-T13""]","[""RPT-F07""]",,RESULTS_CATALOGUE_PLAN:eb3aa9110fc06acd8cd9e2a375b64bcfa5a60d768ef6f37f16e1c693576c5c93,VERIFIED,"{""display_only_overlay_normalization"":true,""full_ct_case_feasibility"":""REGISTERED_SEPARATELY_IN_CAT_Q"",""matched_random_masks_per_valid_map"":20,""occlusion_evidence_available"":true,""quantitative_faithfulness_uses_raw_fp32"":true,""raw_map_dtype"":""FP32"",""raw_map_normalized"":false,""raw_map_storage"":""mac-archive://p9/spatial/learned_softmax_gam/fold_2/shards"",""requested_map_count"":539,""undefined_map_count"":0,""undefined_rate"":0.0,""valid_map_count"":539}"
RES-P9-GRADCAM-LEARNED_SOFTMAX_GAM-FOLD2-INTERNALSTRUCTURE,CAT-L,gradcam_model_fold_target,P9,learned_softmax_gam,2,internalStructure,Raw FP32 Grad-CAM and occlusion inventory,Where is this frozen target spatially sensitive?,PASS,RESULT_ALREADY_EXISTS,USED_MAIN_TEXT,ART-P9-SPATIAL,repo://,artifacts/baseline_v2/audit/p9/spatial.json,models.learned_softmax_gam.folds[2].targets.internalStructure,64656d54e573e2ce8c626c6403e6dc295498d233dd90c4152efcd12b9240cfbf,539,PRIVATE_SOURCE_PUBLIC_AGGREGATE,False,SEC-RESULTS-WHERE,"[""RPT-T13""]","[""RPT-F07""]",,RESULTS_CATALOGUE_PLAN:eb3aa9110fc06acd8cd9e2a375b64bcfa5a60d768ef6f37f16e1c693576c5c93,VERIFIED,"{""display_only_overlay_normalization"":true,""full_ct_case_feasibility"":""REGISTERED_SEPARATELY_IN_CAT_Q"",""matched_random_masks_per_valid_map"":20,""occlusion_evidence_available"":true,""quantitative_faithfulness_uses_raw_fp32"":true,""raw_map_dtype"":""FP32"",""raw_map_normalized"":false,""raw_map_storage"":""mac-archive://p9/spatial/learned_softmax_gam/fold_2/shards"",""requested_map_count"":539,""undefined_map_count"":45,""undefined_rate"":0.08348794063079777,""valid_map_count"":494}"
RES-P9-GRADCAM-LEARNED_SOFTMAX_GAM-FOLD2-CALCIFICATION,CAT-L,gradcam_model_fold_target,P9,learned_softmax_gam,2,calcification,Raw FP32 Grad-CAM and occlusion inventory,Where is this frozen target spatially sensitive?,PASS,RESULT_ALREADY_EXISTS,USED_MAIN_TEXT,ART-P9-SPATIAL,repo://,artifacts/baseline_v2/audit/p9/spatial.json,models.learned_softmax_gam.folds[2].targets.calcification,64656d54e573e2ce8c626c6403e6dc295498d233dd90c4152efcd12b9240cfbf,539,PRIVATE_SOURCE_PUBLIC_AGGREGATE,False,SEC-RESULTS-WHERE,"[""RPT-T13""]","[""RPT-F07""]",,RESULTS_CATALOGUE_PLAN:eb3aa9110fc06acd8cd9e2a375b64bcfa5a60d768ef6f37f16e1c693576c5c93,VERIFIED,"{""display_only_overlay_normalization"":true,""full_ct_case_feasibility"":""REGISTERED_SEPARATELY_IN_CAT_Q"",""matched_random_masks_per_valid_map"":20,""occlusion_evidence_available"":true,""quantitative_faithfulness_uses_raw_fp32"":true,""raw_map_dtype"":""FP32"",""raw_map_normalized"":false,""raw_map_storage"":""mac-archive://p9/spatial/learned_softmax_gam/fold_2/shards"",""requested_map_count"":539,""undefined_map_count"":14,""undefined_rate"":0.025974025974025976,""valid_map_count"":525}"
RES-P9-GRADCAM-LEARNED_SOFTMAX_GAM-FOLD2-SPHERICITY,CAT-L,gradcam_model_fold_target,P9,learned_softmax_gam,2,sphericity,Raw FP32 Grad-CAM and occlusion inventory,Where is this frozen target spatially sensitive?,PASS,RESULT_ALREADY_EXISTS,USED_MAIN_TEXT,ART-P9-SPATIAL,repo://,artifacts/baseline_v2/audit/p9/spatial.json,models.learned_softmax_gam.folds[2].targets.sphericity,64656d54e573e2ce8c626c6403e6dc295498d233dd90c4152efcd12b9240cfbf,539,PRIVATE_SOURCE_PUBLIC_AGGREGATE,False,SEC-RESULTS-WHERE,"[""RPT-T13""]","[""RPT-F07""]",,RESULTS_CATALOGUE_PLAN:eb3aa9110fc06acd8cd9e2a375b64bcfa5a60d768ef6f37f16e1c693576c5c93,VERIFIED,"{""display_only_overlay_normalization"":true,""full_ct_case_feasibility"":""REGISTERED_SEPARATELY_IN_CAT_Q"",""matched_random_masks_per_valid_map"":20,""occlusion_evidence_available"":true,""quantitative_faithfulness_uses_raw_fp32"":true,""raw_map_dtype"":""FP32"",""raw_map_normalized"":false,""raw_map_storage"":""mac-archive://p9/spatial/learned_softmax_gam/fold_2/shards"",""requested_map_count"":539,""undefined_map_count"":2,""undefined_rate"":0.0037105751391465678,""valid_map_count"":537}"
RES-P9-GRADCAM-LEARNED_SOFTMAX_GAM-FOLD2-MARGIN,CAT-L,gradcam_model_fold_target,P9,learned_softmax_gam,2,margin,Raw FP32 Grad-CAM and occlusion inventory,Where is this frozen target spatially sensitive?,PASS,RESULT_ALREADY_EXISTS,USED_MAIN_TEXT,ART-P9-SPATIAL,repo://,artifacts/baseline_v2/audit/p9/spatial.json,models.learned_softmax_gam.folds[2].targets.margin,64656d54e573e2ce8c626c6403e6dc295498d233dd90c4152efcd12b9240cfbf,539,PRIVATE_SOURCE_PUBLIC_AGGREGATE,False,SEC-RESULTS-WHERE,"[""RPT-T13""]","[""RPT-F07""]",,RESULTS_CATALOGUE_PLAN:eb3aa9110fc06acd8cd9e2a375b64bcfa5a60d768ef6f37f16e1c693576c5c93,VERIFIED,"{""display_only_overlay_normalization"":true,""full_ct_case_feasibility"":""REGISTERED_SEPARATELY_IN_CAT_Q"",""matched_random_masks_per_valid_map"":20,""occlusion_evidence_available"":true,""quantitative_faithfulness_uses_raw_fp32"":true,""raw_map_dtype"":""FP32"",""raw_map_normalized"":false,""raw_map_storage"":""mac-archive://p9/spatial/learned_softmax_gam/fold_2/shards"",""requested_map_count"":539,""undefined_map_count"":0,""undefined_rate"":0.0,""valid_map_count"":539}"
RES-P9-GRADCAM-LEARNED_SOFTMAX_GAM-FOLD2-LOBULATION,CAT-L,gradcam_model_fold_target,P9,learned_softmax_gam,2,lobulation,Raw FP32 Grad-CAM and occlusion inventory,Where is this frozen target spatially sensitive?,PASS,RESULT_ALREADY_EXISTS,USED_MAIN_TEXT,ART-P9-SPATIAL,repo://,artifacts/baseline_v2/audit/p9/spatial.json,models.learned_softmax_gam.folds[2].targets.lobulation,64656d54e573e2ce8c626c6403e6dc295498d233dd90c4152efcd12b9240cfbf,539,PRIVATE_SOURCE_PUBLIC_AGGREGATE,False,SEC-RESULTS-WHERE,"[""RPT-T13""]","[""RPT-F07""]",,RESULTS_CATALOGUE_PLAN:eb3aa9110fc06acd8cd9e2a375b64bcfa5a60d768ef6f37f16e1c693576c5c93,VERIFIED,"{""display_only_overlay_normalization"":true,""full_ct_case_feasibility"":""REGISTERED_SEPARATELY_IN_CAT_Q"",""matched_random_masks_per_valid_map"":20,""occlusion_evidence_available"":true,""quantitative_faithfulness_uses_raw_fp32"":true,""raw_map_dtype"":""FP32"",""raw_map_normalized"":false,""raw_map_storage"":""mac-archive://p9/spatial/learned_softmax_gam/fold_2/shards"",""requested_map_count"":539,""undefined_map_count"":11,""undefined_rate"":0.02040816326530612,""valid_map_count"":528}"
RES-P9-GRADCAM-LEARNED_SOFTMAX_GAM-FOLD2-SPICULATION,CAT-L,gradcam_model_fold_target,P9,learned_softmax_gam,2,spiculation,Raw FP32 Grad-CAM and occlusion inventory,Where is this frozen target spatially sensitive?,PASS,RESULT_ALREADY_EXISTS,USED_MAIN_TEXT,ART-P9-SPATIAL,repo://,artifacts/baseline_v2/audit/p9/spatial.json,models.learned_softmax_gam.folds[2].targets.spiculation,64656d54e573e2ce8c626c6403e6dc295498d233dd90c4152efcd12b9240cfbf,539,PRIVATE_SOURCE_PUBLIC_AGGREGATE,False,SEC-RESULTS-WHERE,"[""RPT-T13""]","[""RPT-F07""]",,RESULTS_CATALOGUE_PLAN:eb3aa9110fc06acd8cd9e2a375b64bcfa5a60d768ef6f37f16e1c693576c5c93,VERIFIED,"{""display_only_overlay_normalization"":true,""full_ct_case_feasibility"":""REGISTERED_SEPARATELY_IN_CAT_Q"",""matched_random_masks_per_valid_map"":20,""occlusion_evidence_available"":true,""quantitative_faithfulness_uses_raw_fp32"":true,""raw_map_dtype"":""FP32"",""raw_map_normalized"":false,""raw_map_storage"":""mac-archive://p9/spatial/learned_softmax_gam/fold_2/shards"",""requested_map_count"":539,""undefined_map_count"":172,""undefined_rate"":0.31910946196660483,""valid_map_count"":367}"
RES-P9-GRADCAM-LEARNED_SOFTMAX_GAM-FOLD2-TEXTURE,CAT-L,gradcam_model_fold_target,P9,learned_softmax_gam,2,texture,Raw FP32 Grad-CAM and occlusion inventory,Where is this frozen target spatially sensitive?,PASS,RESULT_ALREADY_EXISTS,USED_MAIN_TEXT,ART-P9-SPATIAL,repo://,artifacts/baseline_v2/audit/p9/spatial.json,models.learned_softmax_gam.folds[2].targets.texture,64656d54e573e2ce8c626c6403e6dc295498d233dd90c4152efcd12b9240cfbf,539,PRIVATE_SOURCE_PUBLIC_AGGREGATE,False,SEC-RESULTS-WHERE,"[""RPT-T13""]","[""RPT-F07""]",,RESULTS_CATALOGUE_PLAN:eb3aa9110fc06acd8cd9e2a375b64bcfa5a60d768ef6f37f16e1c693576c5c93,VERIFIED,"{""display_only_overlay_normalization"":true,""full_ct_case_feasibility"":""REGISTERED_SEPARATELY_IN_CAT_Q"",""matched_random_masks_per_valid_map"":20,""occlusion_evidence_available"":true,""quantitative_faithfulness_uses_raw_fp32"":true,""raw_map_dtype"":""FP32"",""raw_map_normalized"":false,""raw_map_storage"":""mac-archive://p9/spatial/learned_softmax_gam/fold_2/shards"",""requested_map_count"":539,""undefined_map_count"":67,""undefined_rate"":0.12430426716141002,""valid_map_count"":472}"
RES-P9-GRADCAM-LEARNED_SOFTMAX_GAM-FOLD3-MALIGNANCY,CAT-L,gradcam_model_fold_target,P9,learned_softmax_gam,3,malignancy,Raw FP32 Grad-CAM and occlusion inventory,Where is this frozen target spatially sensitive?,PASS,RESULT_ALREADY_EXISTS,USED_MAIN_TEXT,ART-P9-SPATIAL,repo://,artifacts/baseline_v2/audit/p9/spatial.json,models.learned_softmax_gam.folds[3].targets.malignancy,64656d54e573e2ce8c626c6403e6dc295498d233dd90c4152efcd12b9240cfbf,549,PRIVATE_SOURCE_PUBLIC_AGGREGATE,False,SEC-RESULTS-WHERE,"[""RPT-T13""]","[""RPT-F07""]",,RESULTS_CATALOGUE_PLAN:eb3aa9110fc06acd8cd9e2a375b64bcfa5a60d768ef6f37f16e1c693576c5c93,VERIFIED,"{""display_only_overlay_normalization"":true,""full_ct_case_feasibility"":""REGISTERED_SEPARATELY_IN_CAT_Q"",""matched_random_masks_per_valid_map"":20,""occlusion_evidence_available"":true,""quantitative_faithfulness_uses_raw_fp32"":true,""raw_map_dtype"":""FP32"",""raw_map_normalized"":false,""raw_map_storage"":""mac-archive://p9/spatial/learned_softmax_gam/fold_3/shards"",""requested_map_count"":549,""undefined_map_count"":123,""undefined_rate"":0.22404371584699453,""valid_map_count"":426}"
RES-P9-GRADCAM-LEARNED_SOFTMAX_GAM-FOLD3-SUBTLETY,CAT-L,gradcam_model_fold_target,P9,learned_softmax_gam,3,subtlety,Raw FP32 Grad-CAM and occlusion inventory,Where is this frozen target spatially sensitive?,PASS,RESULT_ALREADY_EXISTS,USED_MAIN_TEXT,ART-P9-SPATIAL,repo://,artifacts/baseline_v2/audit/p9/spatial.json,models.learned_softmax_gam.folds[3].targets.subtlety,64656d54e573e2ce8c626c6403e6dc295498d233dd90c4152efcd12b9240cfbf,549,PRIVATE_SOURCE_PUBLIC_AGGREGATE,False,SEC-RESULTS-WHERE,"[""RPT-T13""]","[""RPT-F07""]",,RESULTS_CATALOGUE_PLAN:eb3aa9110fc06acd8cd9e2a375b64bcfa5a60d768ef6f37f16e1c693576c5c93,VERIFIED,"{""display_only_overlay_normalization"":true,""full_ct_case_feasibility"":""REGISTERED_SEPARATELY_IN_CAT_Q"",""matched_random_masks_per_valid_map"":20,""occlusion_evidence_available"":true,""quantitative_faithfulness_uses_raw_fp32"":true,""raw_map_dtype"":""FP32"",""raw_map_normalized"":false,""raw_map_storage"":""mac-archive://p9/spatial/learned_softmax_gam/fold_3/shards"",""requested_map_count"":549,""undefined_map_count"":40,""undefined_rate"":0.07285974499089254,""valid_map_count"":509}"
RES-P9-GRADCAM-LEARNED_SOFTMAX_GAM-FOLD3-INTERNALSTRUCTURE,CAT-L,gradcam_model_fold_target,P9,learned_softmax_gam,3,internalStructure,Raw FP32 Grad-CAM and occlusion inventory,Where is this frozen target spatially sensitive?,PASS,RESULT_ALREADY_EXISTS,USED_MAIN_TEXT,ART-P9-SPATIAL,repo://,artifacts/baseline_v2/audit/p9/spatial.json,models.learned_softmax_gam.folds[3].targets.internalStructure,64656d54e573e2ce8c626c6403e6dc295498d233dd90c4152efcd12b9240cfbf,549,PRIVATE_SOURCE_PUBLIC_AGGREGATE,False,SEC-RESULTS-WHERE,"[""RPT-T13""]","[""RPT-F07""]",,RESULTS_CATALOGUE_PLAN:eb3aa9110fc06acd8cd9e2a375b64bcfa5a60d768ef6f37f16e1c693576c5c93,VERIFIED,"{""display_only_overlay_normalization"":true,""full_ct_case_feasibility"":""REGISTERED_SEPARATELY_IN_CAT_Q"",""matched_random_masks_per_valid_map"":20,""occlusion_evidence_available"":true,""quantitative_faithfulness_uses_raw_fp32"":true,""raw_map_dtype"":""FP32"",""raw_map_normalized"":false,""raw_map_storage"":""mac-archive://p9/spatial/learned_softmax_gam/fold_3/shards"",""requested_map_count"":549,""undefined_map_count"":73,""undefined_rate"":0.13296903460837886,""valid_map_count"":476}"
RES-P9-GRADCAM-LEARNED_SOFTMAX_GAM-FOLD3-CALCIFICATION,CAT-L,gradcam_model_fold_target,P9,learned_softmax_gam,3,calcification,Raw FP32 Grad-CAM and occlusion inventory,Where is this frozen target spatially sensitive?,PASS,RESULT_ALREADY_EXISTS,USED_MAIN_TEXT,ART-P9-SPATIAL,repo://,artifacts/baseline_v2/audit/p9/spatial.json,models.learned_softmax_gam.folds[3].targets.calcification,64656d54e573e2ce8c626c6403e6dc295498d233dd90c4152efcd12b9240cfbf,549,PRIVATE_SOURCE_PUBLIC_AGGREGATE,False,SEC-RESULTS-WHERE,"[""RPT-T13""]","[""RPT-F07""]",,RESULTS_CATALOGUE_PLAN:eb3aa9110fc06acd8cd9e2a375b64bcfa5a60d768ef6f37f16e1c693576c5c93,VERIFIED,"{""display_only_overlay_normalization"":true,""full_ct_case_feasibility"":""REGISTERED_SEPARATELY_IN_CAT_Q"",""matched_random_masks_per_valid_map"":20,""occlusion_evidence_available"":true,""quantitative_faithfulness_uses_raw_fp32"":true,""raw_map_dtype"":""FP32"",""raw_map_normalized"":false,""raw_map_storage"":""mac-archive://p9/spatial/learned_softmax_gam/fold_3/shards"",""requested_map_count"":549,""undefined_map_count"":351,""undefined_rate"":0.639344262295082,""valid_map_count"":198}"
RES-P9-GRADCAM-LEARNED_SOFTMAX_GAM-FOLD3-SPHERICITY,CAT-L,gradcam_model_fold_target,P9,learned_softmax_gam,3,sphericity,Raw FP32 Grad-CAM and occlusion inventory,Where is this frozen target spatially sensitive?,PASS,RESULT_ALREADY_EXISTS,USED_MAIN_TEXT,ART-P9-SPATIAL,repo://,artifacts/baseline_v2/audit/p9/spatial.json,models.learned_softmax_gam.folds[3].targets.sphericity,64656d54e573e2ce8c626c6403e6dc295498d233dd90c4152efcd12b9240cfbf,549,PRIVATE_SOURCE_PUBLIC_AGGREGATE,False,SEC-RESULTS-WHERE,"[""RPT-T13""]","[""RPT-F07""]",,RESULTS_CATALOGUE_PLAN:eb3aa9110fc06acd8cd9e2a375b64bcfa5a60d768ef6f37f16e1c693576c5c93,VERIFIED,"{""display_only_overlay_normalization"":true,""full_ct_case_feasibility"":""REGISTERED_SEPARATELY_IN_CAT_Q"",""matched_random_masks_per_valid_map"":20,""occlusion_evidence_available"":true,""quantitative_faithfulness_uses_raw_fp32"":true,""raw_map_dtype"":""FP32"",""raw_map_normalized"":false,""raw_map_storage"":""mac-archive://p9/spatial/learned_softmax_gam/fold_3/shards"",""requested_map_count"":549,""undefined_map_count"":0,""undefined_rate"":0.0,""valid_map_count"":549}"
RES-P9-GRADCAM-LEARNED_SOFTMAX_GAM-FOLD3-MARGIN,CAT-L,gradcam_model_fold_target,P9,learned_softmax_gam,3,margin,Raw FP32 Grad-CAM and occlusion inventory,Where is this frozen target spatially sensitive?,PASS,RESULT_ALREADY_EXISTS,USED_MAIN_TEXT,ART-P9-SPATIAL,repo://,artifacts/baseline_v2/audit/p9/spatial.json,models.learned_softmax_gam.folds[3].targets.margin,64656d54e573e2ce8c626c6403e6dc295498d233dd90c4152efcd12b9240cfbf,549,PRIVATE_SOURCE_PUBLIC_AGGREGATE,False,SEC-RESULTS-WHERE,"[""RPT-T13""]","[""RPT-F07""]",,RESULTS_CATALOGUE_PLAN:eb3aa9110fc06acd8cd9e2a375b64bcfa5a60d768ef6f37f16e1c693576c5c93,VERIFIED,"{""display_only_overlay_normalization"":true,""full_ct_case_feasibility"":""REGISTERED_SEPARATELY_IN_CAT_Q"",""matched_random_masks_per_valid_map"":20,""occlusion_evidence_available"":true,""quantitative_faithfulness_uses_raw_fp32"":true,""raw_map_dtype"":""FP32"",""raw_map_normalized"":false,""raw_map_storage"":""mac-archive://p9/spatial/learned_softmax_gam/fold_3/shards"",""requested_map_count"":549,""undefined_map_count"":0,""undefined_rate"":0.0,""valid_map_count"":549}"
RES-P9-GRADCAM-LEARNED_SOFTMAX_GAM-FOLD3-LOBULATION,CAT-L,gradcam_model_fold_target,P9,learned_softmax_gam,3,lobulation,Raw FP32 Grad-CAM and occlusion inventory,Where is this frozen target spatially sensitive?,PASS,RESULT_ALREADY_EXISTS,USED_MAIN_TEXT,ART-P9-SPATIAL,repo://,artifacts/baseline_v2/audit/p9/spatial.json,models.learned_softmax_gam.folds[3].targets.lobulation,64656d54e573e2ce8c626c6403e6dc295498d233dd90c4152efcd12b9240cfbf,549,PRIVATE_SOURCE_PUBLIC_AGGREGATE,False,SEC-RESULTS-WHERE,"[""RPT-T13""]","[""RPT-F07""]",,RESULTS_CATALOGUE_PLAN:eb3aa9110fc06acd8cd9e2a375b64bcfa5a60d768ef6f37f16e1c693576c5c93,VERIFIED,"{""display_only_overlay_normalization"":true,""full_ct_case_feasibility"":""REGISTERED_SEPARATELY_IN_CAT_Q"",""matched_random_masks_per_valid_map"":20,""occlusion_evidence_available"":true,""quantitative_faithfulness_uses_raw_fp32"":true,""raw_map_dtype"":""FP32"",""raw_map_normalized"":false,""raw_map_storage"":""mac-archive://p9/spatial/learned_softmax_gam/fold_3/shards"",""requested_map_count"":549,""undefined_map_count"":123,""undefined_rate"":0.22404371584699453,""valid_map_count"":426}"
RES-P9-GRADCAM-LEARNED_SOFTMAX_GAM-FOLD3-SPICULATION,CAT-L,gradcam_model_fold_target,P9,learned_softmax_gam,3,spiculation,Raw FP32 Grad-CAM and occlusion inventory,Where is this frozen target spatially sensitive?,PASS,RESULT_ALREADY_EXISTS,USED_MAIN_TEXT,ART-P9-SPATIAL,repo://,artifacts/baseline_v2/audit/p9/spatial.json,models.learned_softmax_gam.folds[3].targets.spiculation,64656d54e573e2ce8c626c6403e6dc295498d233dd90c4152efcd12b9240cfbf,549,PRIVATE_SOURCE_PUBLIC_AGGREGATE,False,SEC-RESULTS-WHERE,"[""RPT-T13""]","[""RPT-F07""]",,RESULTS_CATALOGUE_PLAN:eb3aa9110fc06acd8cd9e2a375b64bcfa5a60d768ef6f37f16e1c693576c5c93,VERIFIED,"{""display_only_overlay_normalization"":true,""full_ct_case_feasibility"":""REGISTERED_SEPARATELY_IN_CAT_Q"",""matched_random_masks_per_valid_map"":20,""occlusion_evidence_available"":true,""quantitative_faithfulness_uses_raw_fp32"":true,""raw_map_dtype"":""FP32"",""raw_map_normalized"":false,""raw_map_storage"":""mac-archive://p9/spatial/learned_softmax_gam/fold_3/shards"",""requested_map_count"":549,""undefined_map_count"":139,""undefined_rate"":0.25318761384335153,""valid_map_count"":410}"
RES-P9-GRADCAM-LEARNED_SOFTMAX_GAM-FOLD3-TEXTURE,CAT-L,gradcam_model_fold_target,P9,learned_softmax_gam,3,texture,Raw FP32 Grad-CAM and occlusion inventory,Where is this frozen target spatially sensitive?,PASS,RESULT_ALREADY_EXISTS,USED_MAIN_TEXT,ART-P9-SPATIAL,repo://,artifacts/baseline_v2/audit/p9/spatial.json,models.learned_softmax_gam.folds[3].targets.texture,64656d54e573e2ce8c626c6403e6dc295498d233dd90c4152efcd12b9240cfbf,549,PRIVATE_SOURCE_PUBLIC_AGGREGATE,False,SEC-RESULTS-WHERE,"[""RPT-T13""]","[""RPT-F07""]",,RESULTS_CATALOGUE_PLAN:eb3aa9110fc06acd8cd9e2a375b64bcfa5a60d768ef6f37f16e1c693576c5c93,VERIFIED,"{""display_only_overlay_normalization"":true,""full_ct_case_feasibility"":""REGISTERED_SEPARATELY_IN_CAT_Q"",""matched_random_masks_per_valid_map"":20,""occlusion_evidence_available"":true,""quantitative_faithfulness_uses_raw_fp32"":true,""raw_map_dtype"":""FP32"",""raw_map_normalized"":false,""raw_map_storage"":""mac-archive://p9/spatial/learned_softmax_gam/fold_3/shards"",""requested_map_count"":549,""undefined_map_count"":28,""undefined_rate"":0.051001821493624776,""valid_map_count"":521}"
RES-P9-GRADCAM-LEARNED_SOFTMAX_GAM-FOLD4-MALIGNANCY,CAT-L,gradcam_model_fold_target,P9,learned_softmax_gam,4,malignancy,Raw FP32 Grad-CAM and occlusion inventory,Where is this frozen target spatially sensitive?,PASS,RESULT_ALREADY_EXISTS,USED_MAIN_TEXT,ART-P9-SPATIAL,repo://,artifacts/baseline_v2/audit/p9/spatial.json,models.learned_softmax_gam.folds[4].targets.malignancy,64656d54e573e2ce8c626c6403e6dc295498d233dd90c4152efcd12b9240cfbf,564,PRIVATE_SOURCE_PUBLIC_AGGREGATE,False,SEC-RESULTS-WHERE,"[""RPT-T13""]","[""RPT-F07""]",,RESULTS_CATALOGUE_PLAN:eb3aa9110fc06acd8cd9e2a375b64bcfa5a60d768ef6f37f16e1c693576c5c93,VERIFIED,"{""display_only_overlay_normalization"":true,""full_ct_case_feasibility"":""REGISTERED_SEPARATELY_IN_CAT_Q"",""matched_random_masks_per_valid_map"":20,""occlusion_evidence_available"":true,""quantitative_faithfulness_uses_raw_fp32"":true,""raw_map_dtype"":""FP32"",""raw_map_normalized"":false,""raw_map_storage"":""mac-archive://p9/spatial/learned_softmax_gam/fold_4/shards"",""requested_map_count"":564,""undefined_map_count"":78,""undefined_rate"":0.13829787234042554,""valid_map_count"":486}"
RES-P9-GRADCAM-LEARNED_SOFTMAX_GAM-FOLD4-SUBTLETY,CAT-L,gradcam_model_fold_target,P9,learned_softmax_gam,4,subtlety,Raw FP32 Grad-CAM and occlusion inventory,Where is this frozen target spatially sensitive?,PASS,RESULT_ALREADY_EXISTS,USED_MAIN_TEXT,ART-P9-SPATIAL,repo://,artifacts/baseline_v2/audit/p9/spatial.json,models.learned_softmax_gam.folds[4].targets.subtlety,64656d54e573e2ce8c626c6403e6dc295498d233dd90c4152efcd12b9240cfbf,564,PRIVATE_SOURCE_PUBLIC_AGGREGATE,False,SEC-RESULTS-WHERE,"[""RPT-T13""]","[""RPT-F07""]",,RESULTS_CATALOGUE_PLAN:eb3aa9110fc06acd8cd9e2a375b64bcfa5a60d768ef6f37f16e1c693576c5c93,VERIFIED,"{""display_only_overlay_normalization"":true,""full_ct_case_feasibility"":""REGISTERED_SEPARATELY_IN_CAT_Q"",""matched_random_masks_per_valid_map"":20,""occlusion_evidence_available"":true,""quantitative_faithfulness_uses_raw_fp32"":true,""raw_map_dtype"":""FP32"",""raw_map_normalized"":false,""raw_map_storage"":""mac-archive://p9/spatial/learned_softmax_gam/fold_4/shards"",""requested_map_count"":564,""undefined_map_count"":68,""undefined_rate"":0.12056737588652482,""valid_map_count"":496}"
RES-P9-GRADCAM-LEARNED_SOFTMAX_GAM-FOLD4-INTERNALSTRUCTURE,CAT-L,gradcam_model_fold_target,P9,learned_softmax_gam,4,internalStructure,Raw FP32 Grad-CAM and occlusion inventory,Where is this frozen target spatially sensitive?,PASS,RESULT_ALREADY_EXISTS,USED_MAIN_TEXT,ART-P9-SPATIAL,repo://,artifacts/baseline_v2/audit/p9/spatial.json,models.learned_softmax_gam.folds[4].targets.internalStructure,64656d54e573e2ce8c626c6403e6dc295498d233dd90c4152efcd12b9240cfbf,564,PRIVATE_SOURCE_PUBLIC_AGGREGATE,False,SEC-RESULTS-WHERE,"[""RPT-T13""]","[""RPT-F07""]",,RESULTS_CATALOGUE_PLAN:eb3aa9110fc06acd8cd9e2a375b64bcfa5a60d768ef6f37f16e1c693576c5c93,VERIFIED,"{""display_only_overlay_normalization"":true,""full_ct_case_feasibility"":""REGISTERED_SEPARATELY_IN_CAT_Q"",""matched_random_masks_per_valid_map"":20,""occlusion_evidence_available"":true,""quantitative_faithfulness_uses_raw_fp32"":true,""raw_map_dtype"":""FP32"",""raw_map_normalized"":false,""raw_map_storage"":""mac-archive://p9/spatial/learned_softmax_gam/fold_4/shards"",""requested_map_count"":564,""undefined_map_count"":53,""undefined_rate"":0.09397163120567376,""valid_map_count"":511}"
RES-P9-GRADCAM-LEARNED_SOFTMAX_GAM-FOLD4-CALCIFICATION,CAT-L,gradcam_model_fold_target,P9,learned_softmax_gam,4,calcification,Raw FP32 Grad-CAM and occlusion inventory,Where is this frozen target spatially sensitive?,PASS,RESULT_ALREADY_EXISTS,USED_MAIN_TEXT,ART-P9-SPATIAL,repo://,artifacts/baseline_v2/audit/p9/spatial.json,models.learned_softmax_gam.folds[4].targets.calcification,64656d54e573e2ce8c626c6403e6dc295498d233dd90c4152efcd12b9240cfbf,564,PRIVATE_SOURCE_PUBLIC_AGGREGATE,False,SEC-RESULTS-WHERE,"[""RPT-T13""]","[""RPT-F07""]",,RESULTS_CATALOGUE_PLAN:eb3aa9110fc06acd8cd9e2a375b64bcfa5a60d768ef6f37f16e1c693576c5c93,VERIFIED,"{""display_only_overlay_normalization"":true,""full_ct_case_feasibility"":""REGISTERED_SEPARATELY_IN_CAT_Q"",""matched_random_masks_per_valid_map"":20,""occlusion_evidence_available"":true,""quantitative_faithfulness_uses_raw_fp32"":true,""raw_map_dtype"":""FP32"",""raw_map_normalized"":false,""raw_map_storage"":""mac-archive://p9/spatial/learned_softmax_gam/fold_4/shards"",""requested_map_count"":564,""undefined_map_count"":129,""undefined_rate"":0.22872340425531915,""valid_map_count"":435}"
RES-P9-GRADCAM-LEARNED_SOFTMAX_GAM-FOLD4-SPHERICITY,CAT-L,gradcam_model_fold_target,P9,learned_softmax_gam,4,sphericity,Raw FP32 Grad-CAM and occlusion inventory,Where is this frozen target spatially sensitive?,PASS,RESULT_ALREADY_EXISTS,USED_MAIN_TEXT,ART-P9-SPATIAL,repo://,artifacts/baseline_v2/audit/p9/spatial.json,models.learned_softmax_gam.folds[4].targets.sphericity,64656d54e573e2ce8c626c6403e6dc295498d233dd90c4152efcd12b9240cfbf,564,PRIVATE_SOURCE_PUBLIC_AGGREGATE,False,SEC-RESULTS-WHERE,"[""RPT-T13""]","[""RPT-F07""]",,RESULTS_CATALOGUE_PLAN:eb3aa9110fc06acd8cd9e2a375b64bcfa5a60d768ef6f37f16e1c693576c5c93,VERIFIED,"{""display_only_overlay_normalization"":true,""full_ct_case_feasibility"":""REGISTERED_SEPARATELY_IN_CAT_Q"",""matched_random_masks_per_valid_map"":20,""occlusion_evidence_available"":true,""quantitative_faithfulness_uses_raw_fp32"":true,""raw_map_dtype"":""FP32"",""raw_map_normalized"":false,""raw_map_storage"":""mac-archive://p9/spatial/learned_softmax_gam/fold_4/shards"",""requested_map_count"":564,""undefined_map_count"":0,""undefined_rate"":0.0,""valid_map_count"":564}"
RES-P9-GRADCAM-LEARNED_SOFTMAX_GAM-FOLD4-MARGIN,CAT-L,gradcam_model_fold_target,P9,learned_softmax_gam,4,margin,Raw FP32 Grad-CAM and occlusion inventory,Where is this frozen target spatially sensitive?,PASS,RESULT_ALREADY_EXISTS,USED_MAIN_TEXT,ART-P9-SPATIAL,repo://,artifacts/baseline_v2/audit/p9/spatial.json,models.learned_softmax_gam.folds[4].targets.margin,64656d54e573e2ce8c626c6403e6dc295498d233dd90c4152efcd12b9240cfbf,564,PRIVATE_SOURCE_PUBLIC_AGGREGATE,False,SEC-RESULTS-WHERE,"[""RPT-T13""]","[""RPT-F07""]",,RESULTS_CATALOGUE_PLAN:eb3aa9110fc06acd8cd9e2a375b64bcfa5a60d768ef6f37f16e1c693576c5c93,VERIFIED,"{""display_only_overlay_normalization"":true,""full_ct_case_feasibility"":""REGISTERED_SEPARATELY_IN_CAT_Q"",""matched_random_masks_per_valid_map"":20,""occlusion_evidence_available"":true,""quantitative_faithfulness_uses_raw_fp32"":true,""raw_map_dtype"":""FP32"",""raw_map_normalized"":false,""raw_map_storage"":""mac-archive://p9/spatial/learned_softmax_gam/fold_4/shards"",""requested_map_count"":564,""undefined_map_count"":2,""undefined_rate"":0.0035460992907801418,""valid_map_count"":562}"
RES-P9-GRADCAM-LEARNED_SOFTMAX_GAM-FOLD4-LOBULATION,CAT-L,gradcam_model_fold_target,P9,learned_softmax_gam,4,lobulation,Raw FP32 Grad-CAM and occlusion inventory,Where is this frozen target spatially sensitive?,PASS,RESULT_ALREADY_EXISTS,USED_MAIN_TEXT,ART-P9-SPATIAL,repo://,artifacts/baseline_v2/audit/p9/spatial.json,models.learned_softmax_gam.folds[4].targets.lobulation,64656d54e573e2ce8c626c6403e6dc295498d233dd90c4152efcd12b9240cfbf,564,PRIVATE_SOURCE_PUBLIC_AGGREGATE,False,SEC-RESULTS-WHERE,"[""RPT-T13""]","[""RPT-F07""]",,RESULTS_CATALOGUE_PLAN:eb3aa9110fc06acd8cd9e2a375b64bcfa5a60d768ef6f37f16e1c693576c5c93,VERIFIED,"{""display_only_overlay_normalization"":true,""full_ct_case_feasibility"":""REGISTERED_SEPARATELY_IN_CAT_Q"",""matched_random_masks_per_valid_map"":20,""occlusion_evidence_available"":true,""quantitative_faithfulness_uses_raw_fp32"":true,""raw_map_dtype"":""FP32"",""raw_map_normalized"":false,""raw_map_storage"":""mac-archive://p9/spatial/learned_softmax_gam/fold_4/shards"",""requested_map_count"":564,""undefined_map_count"":79,""undefined_rate"":0.1400709219858156,""valid_map_count"":485}"
RES-P9-GRADCAM-LEARNED_SOFTMAX_GAM-FOLD4-SPICULATION,CAT-L,gradcam_model_fold_target,P9,learned_softmax_gam,4,spiculation,Raw FP32 Grad-CAM and occlusion inventory,Where is this frozen target spatially sensitive?,PASS,RESULT_ALREADY_EXISTS,USED_MAIN_TEXT,ART-P9-SPATIAL,repo://,artifacts/baseline_v2/audit/p9/spatial.json,models.learned_softmax_gam.folds[4].targets.spiculation,64656d54e573e2ce8c626c6403e6dc295498d233dd90c4152efcd12b9240cfbf,564,PRIVATE_SOURCE_PUBLIC_AGGREGATE,False,SEC-RESULTS-WHERE,"[""RPT-T13""]","[""RPT-F07""]",,RESULTS_CATALOGUE_PLAN:eb3aa9110fc06acd8cd9e2a375b64bcfa5a60d768ef6f37f16e1c693576c5c93,VERIFIED,"{""display_only_overlay_normalization"":true,""full_ct_case_feasibility"":""REGISTERED_SEPARATELY_IN_CAT_Q"",""matched_random_masks_per_valid_map"":20,""occlusion_evidence_available"":true,""quantitative_faithfulness_uses_raw_fp32"":true,""raw_map_dtype"":""FP32"",""raw_map_normalized"":false,""raw_map_storage"":""mac-archive://p9/spatial/learned_softmax_gam/fold_4/shards"",""requested_map_count"":564,""undefined_map_count"":0,""undefined_rate"":0.0,""valid_map_count"":564}"
RES-P9-GRADCAM-LEARNED_SOFTMAX_GAM-FOLD4-TEXTURE,CAT-L,gradcam_model_fold_target,P9,learned_softmax_gam,4,texture,Raw FP32 Grad-CAM and occlusion inventory,Where is this frozen target spatially sensitive?,PASS,RESULT_ALREADY_EXISTS,USED_MAIN_TEXT,ART-P9-SPATIAL,repo://,artifacts/baseline_v2/audit/p9/spatial.json,models.learned_softmax_gam.folds[4].targets.texture,64656d54e573e2ce8c626c6403e6dc295498d233dd90c4152efcd12b9240cfbf,564,PRIVATE_SOURCE_PUBLIC_AGGREGATE,False,SEC-RESULTS-WHERE,"[""RPT-T13""]","[""RPT-F07""]",,RESULTS_CATALOGUE_PLAN:eb3aa9110fc06acd8cd9e2a375b64bcfa5a60d768ef6f37f16e1c693576c5c93,VERIFIED,"{""display_only_overlay_normalization"":true,""full_ct_case_feasibility"":""REGISTERED_SEPARATELY_IN_CAT_Q"",""matched_random_masks_per_valid_map"":20,""occlusion_evidence_available"":true,""quantitative_faithfulness_uses_raw_fp32"":true,""raw_map_dtype"":""FP32"",""raw_map_normalized"":false,""raw_map_storage"":""mac-archive://p9/spatial/learned_softmax_gam/fold_4/shards"",""requested_map_count"":564,""undefined_map_count"":0,""undefined_rate"":0.0,""valid_map_count"":564}"
RES-P9-GRADCAM-LEARNED_SOFTMAX_GAM-POOLED-MALIGNANCY,CAT-L,gradcam_model_target_pooled,P9,learned_softmax_gam,,malignancy,Pooled Grad-CAM accounting,How often is this target map valid or post-ReLU all-zero?,PASS,RESULT_ALREADY_EXISTS,USED_MAIN_TEXT,ART-P9-SPATIAL,repo://,artifacts/baseline_v2/audit/p9/spatial.json,models.learned_softmax_gam.pooled_targets.malignancy,64656d54e573e2ce8c626c6403e6dc295498d233dd90c4152efcd12b9240cfbf,2633,PUBLIC_DEIDENTIFIED,False,SEC-RESULTS-WHERE,"[""RPT-T13""]","[""RPT-F07""]",,RESULTS_CATALOGUE_PLAN:eb3aa9110fc06acd8cd9e2a375b64bcfa5a60d768ef6f37f16e1c693576c5c93,VERIFIED,"{""confirmed_undefined_semantics"":""exactly all-zero post-ReLU Grad-CAM"",""requested_map_count"":2633,""undefined_map_count"":272,""undefined_rate"":0.1033042157235093,""valid_map_count"":2361}"
RES-P9-GRADCAM-LEARNED_SOFTMAX_GAM-POOLED-SUBTLETY,CAT-L,gradcam_model_target_pooled,P9,learned_softmax_gam,,subtlety,Pooled Grad-CAM accounting,How often is this target map valid or post-ReLU all-zero?,PASS,RESULT_ALREADY_EXISTS,USED_MAIN_TEXT,ART-P9-SPATIAL,repo://,artifacts/baseline_v2/audit/p9/spatial.json,models.learned_softmax_gam.pooled_targets.subtlety,64656d54e573e2ce8c626c6403e6dc295498d233dd90c4152efcd12b9240cfbf,2633,PUBLIC_DEIDENTIFIED,False,SEC-RESULTS-WHERE,"[""RPT-T13""]","[""RPT-F07""]",,RESULTS_CATALOGUE_PLAN:eb3aa9110fc06acd8cd9e2a375b64bcfa5a60d768ef6f37f16e1c693576c5c93,VERIFIED,"{""confirmed_undefined_semantics"":""exactly all-zero post-ReLU Grad-CAM"",""requested_map_count"":2633,""undefined_map_count"":110,""undefined_rate"":0.041777440182301555,""valid_map_count"":2523}"
RES-P9-GRADCAM-LEARNED_SOFTMAX_GAM-POOLED-INTERNALSTRUCTURE,CAT-L,gradcam_model_target_pooled,P9,learned_softmax_gam,,internalStructure,Pooled Grad-CAM accounting,How often is this target map valid or post-ReLU all-zero?,PASS,RESULT_ALREADY_EXISTS,USED_MAIN_TEXT,ART-P9-SPATIAL,repo://,artifacts/baseline_v2/audit/p9/spatial.json,models.learned_softmax_gam.pooled_targets.internalStructure,64656d54e573e2ce8c626c6403e6dc295498d233dd90c4152efcd12b9240cfbf,2633,PUBLIC_DEIDENTIFIED,False,SEC-RESULTS-WHERE,"[""RPT-T13""]","[""RPT-F07""]",,RESULTS_CATALOGUE_PLAN:eb3aa9110fc06acd8cd9e2a375b64bcfa5a60d768ef6f37f16e1c693576c5c93,VERIFIED,"{""confirmed_undefined_semantics"":""exactly all-zero post-ReLU Grad-CAM"",""requested_map_count"":2633,""undefined_map_count"":240,""undefined_rate"":0.09115077857956703,""valid_map_count"":2393}"
RES-P9-GRADCAM-LEARNED_SOFTMAX_GAM-POOLED-CALCIFICATION,CAT-L,gradcam_model_target_pooled,P9,learned_softmax_gam,,calcification,Pooled Grad-CAM accounting,How often is this target map valid or post-ReLU all-zero?,PASS,RESULT_ALREADY_EXISTS,USED_MAIN_TEXT,ART-P9-SPATIAL,repo://,artifacts/baseline_v2/audit/p9/spatial.json,models.learned_softmax_gam.pooled_targets.calcification,64656d54e573e2ce8c626c6403e6dc295498d233dd90c4152efcd12b9240cfbf,2633,PUBLIC_DEIDENTIFIED,False,SEC-RESULTS-WHERE,"[""RPT-T13""]","[""RPT-F07""]",,RESULTS_CATALOGUE_PLAN:eb3aa9110fc06acd8cd9e2a375b64bcfa5a60d768ef6f37f16e1c693576c5c93,VERIFIED,"{""confirmed_undefined_semantics"":""exactly all-zero post-ReLU Grad-CAM"",""requested_map_count"":2633,""undefined_map_count"":571,""undefined_rate"":0.2168628940372199,""valid_map_count"":2062}"
RES-P9-GRADCAM-LEARNED_SOFTMAX_GAM-POOLED-SPHERICITY,CAT-L,gradcam_model_target_pooled,P9,learned_softmax_gam,,sphericity,Pooled Grad-CAM accounting,How often is this target map valid or post-ReLU all-zero?,PASS,RESULT_ALREADY_EXISTS,USED_MAIN_TEXT,ART-P9-SPATIAL,repo://,artifacts/baseline_v2/audit/p9/spatial.json,models.learned_softmax_gam.pooled_targets.sphericity,64656d54e573e2ce8c626c6403e6dc295498d233dd90c4152efcd12b9240cfbf,2633,PUBLIC_DEIDENTIFIED,False,SEC-RESULTS-WHERE,"[""RPT-T13""]","[""RPT-F07""]",,RESULTS_CATALOGUE_PLAN:eb3aa9110fc06acd8cd9e2a375b64bcfa5a60d768ef6f37f16e1c693576c5c93,VERIFIED,"{""confirmed_undefined_semantics"":""exactly all-zero post-ReLU Grad-CAM"",""requested_map_count"":2633,""undefined_map_count"":31,""undefined_rate"":0.011773642233194076,""valid_map_count"":2602}"
RES-P9-GRADCAM-LEARNED_SOFTMAX_GAM-POOLED-MARGIN,CAT-L,gradcam_model_target_pooled,P9,learned_softmax_gam,,margin,Pooled Grad-CAM accounting,How often is this target map valid or post-ReLU all-zero?,PASS,RESULT_ALREADY_EXISTS,USED_MAIN_TEXT,ART-P9-SPATIAL,repo://,artifacts/baseline_v2/audit/p9/spatial.json,models.learned_softmax_gam.pooled_targets.margin,64656d54e573e2ce8c626c6403e6dc295498d233dd90c4152efcd12b9240cfbf,2633,PUBLIC_DEIDENTIFIED,False,SEC-RESULTS-WHERE,"[""RPT-T13""]","[""RPT-F07""]",,RESULTS_CATALOGUE_PLAN:eb3aa9110fc06acd8cd9e2a375b64bcfa5a60d768ef6f37f16e1c693576c5c93,VERIFIED,"{""confirmed_undefined_semantics"":""exactly all-zero post-ReLU Grad-CAM"",""requested_map_count"":2633,""undefined_map_count"":74,""undefined_rate"":0.0281048233953665,""valid_map_count"":2559}"
RES-P9-GRADCAM-LEARNED_SOFTMAX_GAM-POOLED-LOBULATION,CAT-L,gradcam_model_target_pooled,P9,learned_softmax_gam,,lobulation,Pooled Grad-CAM accounting,How often is this target map valid or post-ReLU all-zero?,PASS,RESULT_ALREADY_EXISTS,USED_MAIN_TEXT,ART-P9-SPATIAL,repo://,artifacts/baseline_v2/audit/p9/spatial.json,models.learned_softmax_gam.pooled_targets.lobulation,64656d54e573e2ce8c626c6403e6dc295498d233dd90c4152efcd12b9240cfbf,2633,PUBLIC_DEIDENTIFIED,False,SEC-RESULTS-WHERE,"[""RPT-T13""]","[""RPT-F07""]",,RESULTS_CATALOGUE_PLAN:eb3aa9110fc06acd8cd9e2a375b64bcfa5a60d768ef6f37f16e1c693576c5c93,VERIFIED,"{""confirmed_undefined_semantics"":""exactly all-zero post-ReLU Grad-CAM"",""requested_map_count"":2633,""undefined_map_count"":280,""undefined_rate"":0.10634257500949487,""valid_map_count"":2353}"
RES-P9-GRADCAM-LEARNED_SOFTMAX_GAM-POOLED-SPICULATION,CAT-L,gradcam_model_target_pooled,P9,learned_softmax_gam,,spiculation,Pooled Grad-CAM accounting,How often is this target map valid or post-ReLU all-zero?,PASS,RESULT_ALREADY_EXISTS,USED_MAIN_TEXT,ART-P9-SPATIAL,repo://,artifacts/baseline_v2/audit/p9/spatial.json,models.learned_softmax_gam.pooled_targets.spiculation,64656d54e573e2ce8c626c6403e6dc295498d233dd90c4152efcd12b9240cfbf,2633,PUBLIC_DEIDENTIFIED,False,SEC-RESULTS-WHERE,"[""RPT-T13""]","[""RPT-F07""]",,RESULTS_CATALOGUE_PLAN:eb3aa9110fc06acd8cd9e2a375b64bcfa5a60d768ef6f37f16e1c693576c5c93,VERIFIED,"{""confirmed_undefined_semantics"":""exactly all-zero post-ReLU Grad-CAM"",""requested_map_count"":2633,""undefined_map_count"":349,""undefined_rate"":0.1325484238511204,""valid_map_count"":2284}"
RES-P9-GRADCAM-LEARNED_SOFTMAX_GAM-POOLED-TEXTURE,CAT-L,gradcam_model_target_pooled,P9,learned_softmax_gam,,texture,Pooled Grad-CAM accounting,How often is this target map valid or post-ReLU all-zero?,PASS,RESULT_ALREADY_EXISTS,USED_MAIN_TEXT,ART-P9-SPATIAL,repo://,artifacts/baseline_v2/audit/p9/spatial.json,models.learned_softmax_gam.pooled_targets.texture,64656d54e573e2ce8c626c6403e6dc295498d233dd90c4152efcd12b9240cfbf,2633,PUBLIC_DEIDENTIFIED,False,SEC-RESULTS-WHERE,"[""RPT-T13""]","[""RPT-F07""]",,RESULTS_CATALOGUE_PLAN:eb3aa9110fc06acd8cd9e2a375b64bcfa5a60d768ef6f37f16e1c693576c5c93,VERIFIED,"{""confirmed_undefined_semantics"":""exactly all-zero post-ReLU Grad-CAM"",""requested_map_count"":2633,""undefined_map_count"":159,""undefined_rate"":0.06038739080896316,""valid_map_count"":2474}"
RES-P9-GRADCAM-GLOBAL-ACCOUNTING,CAT-L,gradcam_global_accounting,P9,,,,Global Grad-CAM accounting identity,Are all requested maps accounted for exactly?,PASS,RESULT_ALREADY_EXISTS,USED_MAIN_TEXT,ART-P9-SPATIAL,repo://,artifacts/baseline_v2/audit/p9/spatial.json,gradcam_accounting,64656d54e573e2ce8c626c6403e6dc295498d233dd90c4152efcd12b9240cfbf,73724,PUBLIC_DEIDENTIFIED,False,SEC-RESULTS-WHERE,"[""RPT-T13""]","[""RPT-F07""]",,RESULTS_CATALOGUE_PLAN:eb3aa9110fc06acd8cd9e2a375b64bcfa5a60d768ef6f37f16e1c693576c5c93,VERIFIED,"{""confirmed_observation"":""post-ReLU Grad-CAM map is exactly all-zero"",""mechanism_limit"":""The persisted artifacts do not contain complete pre-ReLU CAM or gradient decomposition, and no new forward pass is permitted."",""requested"":73724,""root_cause_conclusion"":""SYSTEMATIC_MODEL/TARGET_ISSUE"",""undefined"":6955,""undefined_rate"":0.09433834300906083,""valid"":66769}"
