Assigned report section,Catalogue Item ID,Existing visualization?,Exists?,Figure IDs,Figure renderable?,Fold,Frozen source,Integrity status,Model,New inference required?,Notes,Phase,Public / Private,Report placement,Result / Artifact type,Scientific content,Table IDs,Table renderable?,Visualization status
SEC-REPRODUCIBILITY,RES-P0-PHASE-OVERVIEW,False,True,,False,ALL/NA,repo://docs/results/catalogue_phase_status_snapshot.json,VERIFIED,ALL/NA,False,,P0,PUBLIC_DEIDENTIFIED,Audit-only,phase_overview,Environment and deterministic regression smoke,,False,RESULT_ALREADY_EXISTS
SEC-REPRODUCIBILITY,RES-P1-PHASE-OVERVIEW,False,True,,False,ALL/NA,repo://docs/results/catalogue_phase_status_snapshot.json,VERIFIED,ALL/NA,False,,P1,PUBLIC_DEIDENTIFIED,Audit-only,phase_overview,Canonical DICOM/XML mapping and geometry audit,,False,RESULT_ALREADY_EXISTS
SEC-REPRODUCIBILITY,RES-P2-PHASE-OVERVIEW,False,True,,False,ALL/NA,repo://docs/results/catalogue_phase_status_snapshot.json,VERIFIED,ALL/NA,False,,P2,PUBLIC_DEIDENTIFIED,Audit-only,phase_overview,Physical-nodule cohort and target materialization,,False,RESULT_ALREADY_EXISTS
SEC-REPRODUCIBILITY,RES-P3-PHASE-OVERVIEW,False,True,,False,ALL/NA,repo://docs/results/catalogue_phase_status_snapshot.json,VERIFIED,ALL/NA,False,,P3,PUBLIC_DEIDENTIFIED,Audit-only,phase_overview,Consensus masks and deterministic 64-cubed ROI,,False,RESULT_ALREADY_EXISTS
SEC-REPRODUCIBILITY,RES-P4-PHASE-OVERVIEW,False,True,,False,ALL/NA,repo://docs/results/catalogue_phase_status_snapshot.json,VERIFIED,ALL/NA,False,,P4,PUBLIC_DEIDENTIFIED,Audit-only,phase_overview,Patient-grouped folds and shared encoder initializations,,False,RESULT_ALREADY_EXISTS
SEC-REPRODUCIBILITY,RES-P5-PHASE-OVERVIEW,False,True,,False,ALL/NA,repo://docs/results/catalogue_phase_status_snapshot.json,VERIFIED,ALL/NA,False,,P5,PUBLIC_DEIDENTIFIED,Appendix,phase_overview,Black-box regression,,False,RESULT_ALREADY_EXISTS
SEC-REPRODUCIBILITY,RES-P6-PHASE-OVERVIEW,False,True,,False,ALL/NA,repo://docs/results/catalogue_phase_status_snapshot.json,VERIFIED,ALL/NA,False,,P6,PUBLIC_DEIDENTIFIED,Appendix,phase_overview,Sequential Standard CBM regression,,False,RESULT_ALREADY_EXISTS
SEC-REPRODUCIBILITY,RES-P7-PHASE-OVERVIEW,False,True,,False,ALL/NA,repo://docs/results/catalogue_phase_status_snapshot.json,VERIFIED,ALL/NA,False,,P7,PUBLIC_DEIDENTIFIED,Appendix,phase_overview,Mixed-type CEM regression,,False,RESULT_ALREADY_EXISTS
SEC-REPRODUCIBILITY,RES-P8-PHASE-OVERVIEW,False,True,,False,ALL/NA,repo://docs/results/catalogue_phase_status_snapshot.json,VERIFIED,ALL/NA,False,,P8,PUBLIC_DEIDENTIFIED,Appendix,phase_overview,Learned-softmax GAM regression,,False,RESULT_ALREADY_EXISTS
SEC-REPRODUCIBILITY,RES-P9-PHASE-OVERVIEW,False,True,,False,ALL/NA,repo://docs/results/catalogue_phase_status_snapshot.json,VERIFIED,ALL/NA,False,,P9,PUBLIC_DEIDENTIFIED,Appendix,phase_overview,"Unified evaluation, intervention, and spatial explanation",,False,RESULT_ALREADY_EXISTS
SEC-REPRODUCIBILITY,RES-P10-PHASE-OVERVIEW,False,True,,False,ALL/NA,repo://docs/results/catalogue_phase_status_snapshot.json,VERIFIED,ALL/NA,False,,P10,PUBLIC_DEIDENTIFIED,Appendix,phase_overview,"Catalogue, bilingual reporting, and private archive",,False,RESULT_ALREADY_EXISTS
SEC-RESULTS,RES-P9-TASK-EVALUATION,False,True,,False,ALL/NA,repo://artifacts/baseline_v2/audit/p9/task.json,VERIFIED,ALL/NA,False,,P9,PUBLIC_DEIDENTIFIED,Main report,phase_component,Task Evaluation,,False,RESULT_ALREADY_EXISTS
SEC-RESULTS,RES-P9-BOOTSTRAP,False,True,,False,ALL/NA,repo://artifacts/baseline_v2/audit/p9/bootstrap.json,VERIFIED,ALL/NA,False,,P9,PUBLIC_DEIDENTIFIED,Main report,phase_component,Bootstrap,,False,RESULT_ALREADY_EXISTS
SEC-RESULTS,RES-P9-CONCEPT-FIDELITY,False,True,,False,ALL/NA,repo://artifacts/baseline_v2/audit/p9/concept.json,VERIFIED,ALL/NA,False,,P9,PUBLIC_DEIDENTIFIED,Main report,phase_component,Concept Fidelity,,False,RESULT_ALREADY_EXISTS
SEC-RESULTS,RES-P9-INTERVENTION,False,True,,False,ALL/NA,repo://artifacts/baseline_v2/audit/p9/intervention.json,VERIFIED,ALL/NA,False,,P9,PUBLIC_DEIDENTIFIED,Main report,phase_component,Intervention,,False,RESULT_ALREADY_EXISTS
SEC-RESULTS,RES-P9-CONTRIBUTION-CENTERING,False,True,,False,ALL/NA,repo://artifacts/baseline_v2/audit/p9/contribution_centering.json,VERIFIED,ALL/NA,False,,P9,PUBLIC_DEIDENTIFIED,Main report,phase_component,Contribution Centering,,False,RESULT_ALREADY_EXISTS
SEC-RESULTS,RES-P9-GRADCAM,False,True,,False,ALL/NA,repo://artifacts/baseline_v2/audit/p9/spatial.json,VERIFIED,ALL/NA,False,,P9,PUBLIC_DEIDENTIFIED,Main report,phase_component,Gradcam,,False,RESULT_ALREADY_EXISTS
SEC-RESULTS,RES-P9-OCCLUSION-FAITHFULNESS,False,True,,False,ALL/NA,repo://artifacts/baseline_v2/audit/p9/spatial.json,VERIFIED,ALL/NA,False,,P9,PUBLIC_DEIDENTIFIED,Main report,phase_component,Occlusion Faithfulness,,False,RESULT_ALREADY_EXISTS
SEC-RESULTS,RES-P9-UNDEFINED-MAP-RCA,False,True,,False,ALL/NA,repo://artifacts/baseline_v2/audit/p9/spatial.json,VERIFIED,ALL/NA,False,,P9,PUBLIC_DEIDENTIFIED,Main report,phase_component,Undefined Map Rca,,False,RESULT_ALREADY_EXISTS
SEC-EXPERIMENTAL-SETUP,RES-P5-BLACKBOX-FOLD0-TRAIN-TEST,False,True,,False,0,repo://artifacts/baseline_v2/audit/p5/fold_0.json,VERIFIED,blackbox,False,,P5,PRIVATE_SOURCE_PUBLIC_AUDIT,Appendix,model_fold_run,"Frozen training, best checkpoint, and exactly-once test evaluation",RPT-T05,True,RESULT_ALREADY_EXISTS
SEC-EXPERIMENTAL-SETUP,RES-P5-BLACKBOX-FOLD1-TRAIN-TEST,False,True,,False,1,repo://artifacts/baseline_v2/audit/p5/fold_1.json,VERIFIED,blackbox,False,,P5,PRIVATE_SOURCE_PUBLIC_AUDIT,Appendix,model_fold_run,"Frozen training, best checkpoint, and exactly-once test evaluation",RPT-T05,True,RESULT_ALREADY_EXISTS
SEC-EXPERIMENTAL-SETUP,RES-P5-BLACKBOX-FOLD2-TRAIN-TEST,False,True,,False,2,repo://artifacts/baseline_v2/audit/p5/fold_2.json,VERIFIED,blackbox,False,,P5,PRIVATE_SOURCE_PUBLIC_AUDIT,Appendix,model_fold_run,"Frozen training, best checkpoint, and exactly-once test evaluation",RPT-T05,True,RESULT_ALREADY_EXISTS
SEC-EXPERIMENTAL-SETUP,RES-P5-BLACKBOX-FOLD3-TRAIN-TEST,False,True,,False,3,repo://artifacts/baseline_v2/audit/p5/fold_3.json,VERIFIED,blackbox,False,,P5,PRIVATE_SOURCE_PUBLIC_AUDIT,Appendix,model_fold_run,"Frozen training, best checkpoint, and exactly-once test evaluation",RPT-T05,True,RESULT_ALREADY_EXISTS
SEC-EXPERIMENTAL-SETUP,RES-P5-BLACKBOX-FOLD4-TRAIN-TEST,False,True,,False,4,repo://artifacts/baseline_v2/audit/p5/fold_4.json,VERIFIED,blackbox,False,,P5,PRIVATE_SOURCE_PUBLIC_AUDIT,Appendix,model_fold_run,"Frozen training, best checkpoint, and exactly-once test evaluation",RPT-T05,True,RESULT_ALREADY_EXISTS
SEC-RESULTS-PREDICTION,RES-P9-OOF-BLACKBOX,False,True,"RPT-F04, RPT-F06",True,ALL/NA,mac-archive://p9/canonical_oof/blackbox_oof_predictions.parquet,VERIFIED,blackbox,False,,P9,PRIVATE_RESTRICTED,Appendix,pooled_oof,Canonical pooled OOF prediction set,"RPT-T07, RPT-T09",True,RESULT_ALREADY_EXISTS
SEC-EXPERIMENTAL-SETUP,RES-P6-STANDARD_CBM-FOLD0-TRAIN-TEST,False,True,,False,0,repo://artifacts/baseline_v2/audit/p6/fold_0.json,VERIFIED,standard_cbm,False,,P6,PRIVATE_SOURCE_PUBLIC_AUDIT,Appendix,model_fold_run,"Frozen training, best checkpoint, and exactly-once test evaluation",RPT-T05,True,RESULT_ALREADY_EXISTS
SEC-EXPERIMENTAL-SETUP,RES-P6-STANDARD_CBM-FOLD1-TRAIN-TEST,False,True,,False,1,repo://artifacts/baseline_v2/audit/p6/fold_1.json,VERIFIED,standard_cbm,False,,P6,PRIVATE_SOURCE_PUBLIC_AUDIT,Appendix,model_fold_run,"Frozen training, best checkpoint, and exactly-once test evaluation",RPT-T05,True,RESULT_ALREADY_EXISTS
SEC-EXPERIMENTAL-SETUP,RES-P6-STANDARD_CBM-FOLD2-TRAIN-TEST,False,True,,False,2,repo://artifacts/baseline_v2/audit/p6/fold_2.json,VERIFIED,standard_cbm,False,,P6,PRIVATE_SOURCE_PUBLIC_AUDIT,Appendix,model_fold_run,"Frozen training, best checkpoint, and exactly-once test evaluation",RPT-T05,True,RESULT_ALREADY_EXISTS
SEC-EXPERIMENTAL-SETUP,RES-P6-STANDARD_CBM-FOLD3-TRAIN-TEST,False,True,,False,3,repo://artifacts/baseline_v2/audit/p6/fold_3.json,VERIFIED,standard_cbm,False,,P6,PRIVATE_SOURCE_PUBLIC_AUDIT,Appendix,model_fold_run,"Frozen training, best checkpoint, and exactly-once test evaluation",RPT-T05,True,RESULT_ALREADY_EXISTS
SEC-EXPERIMENTAL-SETUP,RES-P6-STANDARD_CBM-FOLD4-TRAIN-TEST,False,True,,False,4,repo://artifacts/baseline_v2/audit/p6/fold_4.json,VERIFIED,standard_cbm,False,,P6,PRIVATE_SOURCE_PUBLIC_AUDIT,Appendix,model_fold_run,"Frozen training, best checkpoint, and exactly-once test evaluation",RPT-T05,True,RESULT_ALREADY_EXISTS
SEC-RESULTS-PREDICTION,RES-P9-OOF-STANDARD_CBM,False,True,"RPT-F04, RPT-F06",True,ALL/NA,mac-archive://p9/canonical_oof/standard_cbm_oof_predictions.parquet,VERIFIED,standard_cbm,False,,P9,PRIVATE_RESTRICTED,Appendix,pooled_oof,Canonical pooled OOF prediction set,"RPT-T07, RPT-T09",True,RESULT_ALREADY_EXISTS
SEC-EXPERIMENTAL-SETUP,RES-P7-MIXED_CEM-FOLD0-TRAIN-TEST,False,True,,False,0,repo://artifacts/baseline_v2/audit/p7/fold_0.json,VERIFIED,mixed_cem,False,,P7,PRIVATE_SOURCE_PUBLIC_AUDIT,Appendix,model_fold_run,"Frozen training, best checkpoint, and exactly-once test evaluation",RPT-T05,True,RESULT_ALREADY_EXISTS
SEC-EXPERIMENTAL-SETUP,RES-P7-MIXED_CEM-FOLD1-TRAIN-TEST,False,True,,False,1,repo://artifacts/baseline_v2/audit/p7/fold_1.json,VERIFIED,mixed_cem,False,,P7,PRIVATE_SOURCE_PUBLIC_AUDIT,Appendix,model_fold_run,"Frozen training, best checkpoint, and exactly-once test evaluation",RPT-T05,True,RESULT_ALREADY_EXISTS
SEC-EXPERIMENTAL-SETUP,RES-P7-MIXED_CEM-FOLD2-TRAIN-TEST,False,True,,False,2,repo://artifacts/baseline_v2/audit/p7/fold_2.json,VERIFIED,mixed_cem,False,,P7,PRIVATE_SOURCE_PUBLIC_AUDIT,Appendix,model_fold_run,"Frozen training, best checkpoint, and exactly-once test evaluation",RPT-T05,True,RESULT_ALREADY_EXISTS
SEC-EXPERIMENTAL-SETUP,RES-P7-MIXED_CEM-FOLD3-TRAIN-TEST,False,True,,False,3,repo://artifacts/baseline_v2/audit/p7/fold_3.json,VERIFIED,mixed_cem,False,,P7,PRIVATE_SOURCE_PUBLIC_AUDIT,Appendix,model_fold_run,"Frozen training, best checkpoint, and exactly-once test evaluation",RPT-T05,True,RESULT_ALREADY_EXISTS
SEC-EXPERIMENTAL-SETUP,RES-P7-MIXED_CEM-FOLD4-TRAIN-TEST,False,True,,False,4,repo://artifacts/baseline_v2/audit/p7/fold_4.json,VERIFIED,mixed_cem,False,,P7,PRIVATE_SOURCE_PUBLIC_AUDIT,Appendix,model_fold_run,"Frozen training, best checkpoint, and exactly-once test evaluation",RPT-T05,True,RESULT_ALREADY_EXISTS
SEC-RESULTS-PREDICTION,RES-P9-OOF-MIXED_CEM,False,True,"RPT-F04, RPT-F06",True,ALL/NA,mac-archive://p9/canonical_oof/cem_oof_predictions.parquet,VERIFIED,mixed_cem,False,,P9,PRIVATE_RESTRICTED,Appendix,pooled_oof,Canonical pooled OOF prediction set,"RPT-T07, RPT-T09",True,RESULT_ALREADY_EXISTS
SEC-EXPERIMENTAL-SETUP,RES-P8-LEARNED_SOFTMAX_GAM-FOLD0-TRAIN-TEST,False,True,,False,0,repo://artifacts/baseline_v2/audit/p8/fold_0.json,VERIFIED,learned_softmax_gam,False,,P8,PRIVATE_SOURCE_PUBLIC_AUDIT,Appendix,model_fold_run,"Frozen training, best checkpoint, and exactly-once test evaluation",RPT-T05,True,RESULT_ALREADY_EXISTS
SEC-EXPERIMENTAL-SETUP,RES-P8-LEARNED_SOFTMAX_GAM-FOLD1-TRAIN-TEST,False,True,,False,1,repo://artifacts/baseline_v2/audit/p8/fold_1.json,VERIFIED,learned_softmax_gam,False,,P8,PRIVATE_SOURCE_PUBLIC_AUDIT,Appendix,model_fold_run,"Frozen training, best checkpoint, and exactly-once test evaluation",RPT-T05,True,RESULT_ALREADY_EXISTS
SEC-EXPERIMENTAL-SETUP,RES-P8-LEARNED_SOFTMAX_GAM-FOLD2-TRAIN-TEST,False,True,,False,2,repo://artifacts/baseline_v2/audit/p8/fold_2.json,VERIFIED,learned_softmax_gam,False,,P8,PRIVATE_SOURCE_PUBLIC_AUDIT,Appendix,model_fold_run,"Frozen training, best checkpoint, and exactly-once test evaluation",RPT-T05,True,RESULT_ALREADY_EXISTS
SEC-EXPERIMENTAL-SETUP,RES-P8-LEARNED_SOFTMAX_GAM-FOLD3-TRAIN-TEST,False,True,,False,3,repo://artifacts/baseline_v2/audit/p8/fold_3.json,VERIFIED,learned_softmax_gam,False,,P8,PRIVATE_SOURCE_PUBLIC_AUDIT,Appendix,model_fold_run,"Frozen training, best checkpoint, and exactly-once test evaluation",RPT-T05,True,RESULT_ALREADY_EXISTS
SEC-EXPERIMENTAL-SETUP,RES-P8-LEARNED_SOFTMAX_GAM-FOLD4-TRAIN-TEST,False,True,,False,4,repo://artifacts/baseline_v2/audit/p8/fold_4.json,VERIFIED,learned_softmax_gam,False,,P8,PRIVATE_SOURCE_PUBLIC_AUDIT,Appendix,model_fold_run,"Frozen training, best checkpoint, and exactly-once test evaluation",RPT-T05,True,RESULT_ALREADY_EXISTS
SEC-RESULTS-PREDICTION,RES-P9-OOF-LEARNED_SOFTMAX_GAM,False,True,"RPT-F04, RPT-F06",True,ALL/NA,mac-archive://p9/canonical_oof/gam_oof_predictions.parquet,VERIFIED,learned_softmax_gam,False,,P9,PRIVATE_RESTRICTED,Appendix,pooled_oof,Canonical pooled OOF prediction set,"RPT-T07, RPT-T09",True,RESULT_ALREADY_EXISTS
SEC-RESULTS-PREDICTION,RES-P9-PRIMARY-BLACKBOX,False,True,RPT-F04,True,ALL/NA,repo://artifacts/baseline_v2/audit/p9/task.json,VERIFIED,blackbox,False,,P9,PUBLIC_DEIDENTIFIED,Main report,pooled_primary_result,Pooled primary regression metrics and patient-bootstrap intervals,RPT-T07,True,RESULT_ALREADY_EXISTS
SEC-RESULTS-PREDICTION,RES-P9-PRIMARY-STANDARD_CBM,False,True,RPT-F04,True,ALL/NA,repo://artifacts/baseline_v2/audit/p9/task.json,VERIFIED,standard_cbm,False,,P9,PUBLIC_DEIDENTIFIED,Main report,pooled_primary_result,Pooled primary regression metrics and patient-bootstrap intervals,RPT-T07,True,RESULT_ALREADY_EXISTS
SEC-RESULTS-PREDICTION,RES-P9-PRIMARY-MIXED_CEM,False,True,RPT-F04,True,ALL/NA,repo://artifacts/baseline_v2/audit/p9/task.json,VERIFIED,mixed_cem,False,,P9,PUBLIC_DEIDENTIFIED,Main report,pooled_primary_result,Pooled primary regression metrics and patient-bootstrap intervals,RPT-T07,True,RESULT_ALREADY_EXISTS
SEC-RESULTS-PREDICTION,RES-P9-PRIMARY-LEARNED_SOFTMAX_GAM,False,True,RPT-F04,True,ALL/NA,repo://artifacts/baseline_v2/audit/p9/task.json,VERIFIED,learned_softmax_gam,False,,P9,PUBLIC_DEIDENTIFIED,Main report,pooled_primary_result,Pooled primary regression metrics and patient-bootstrap intervals,RPT-T07,True,RESULT_ALREADY_EXISTS
SEC-RESULTS-PREDICTION,RES-P9-PAIRED-MAE-BLACKBOX-VS-LEARNED_SOFTMAX_GAM,False,True,RPT-F05,True,ALL/NA,repo://artifacts/baseline_v2/audit/p9/bootstrap.json,VERIFIED,ALL/NA,False,,P9,PUBLIC_DEIDENTIFIED,Main report,paired_primary_comparison,Paired patient-bootstrap Delta-MAE,RPT-T08,True,RESULT_ALREADY_EXISTS
SEC-RESULTS-PREDICTION,RES-P9-PAIRED-MAE-BLACKBOX-VS-MIXED_CEM,False,True,RPT-F05,True,ALL/NA,repo://artifacts/baseline_v2/audit/p9/bootstrap.json,VERIFIED,ALL/NA,False,,P9,PUBLIC_DEIDENTIFIED,Main report,paired_primary_comparison,Paired patient-bootstrap Delta-MAE,RPT-T08,True,RESULT_ALREADY_EXISTS
SEC-RESULTS-PREDICTION,RES-P9-PAIRED-MAE-BLACKBOX-VS-STANDARD_CBM,False,True,RPT-F05,True,ALL/NA,repo://artifacts/baseline_v2/audit/p9/bootstrap.json,VERIFIED,ALL/NA,False,,P9,PUBLIC_DEIDENTIFIED,Main report,paired_primary_comparison,Paired patient-bootstrap Delta-MAE,RPT-T08,True,RESULT_ALREADY_EXISTS
SEC-RESULTS-PREDICTION,RES-P9-PAIRED-MAE-MIXED_CEM-VS-LEARNED_SOFTMAX_GAM,False,True,RPT-F05,True,ALL/NA,repo://artifacts/baseline_v2/audit/p9/bootstrap.json,VERIFIED,ALL/NA,False,,P9,PUBLIC_DEIDENTIFIED,Main report,paired_primary_comparison,Paired patient-bootstrap Delta-MAE,RPT-T08,True,RESULT_ALREADY_EXISTS
SEC-RESULTS-PREDICTION,RES-P9-PAIRED-MAE-STANDARD_CBM-VS-LEARNED_SOFTMAX_GAM,False,True,RPT-F05,True,ALL/NA,repo://artifacts/baseline_v2/audit/p9/bootstrap.json,VERIFIED,ALL/NA,False,,P9,PUBLIC_DEIDENTIFIED,Main report,paired_primary_comparison,Paired patient-bootstrap Delta-MAE,RPT-T08,True,RESULT_ALREADY_EXISTS
SEC-RESULTS-PREDICTION,RES-P9-PAIRED-MAE-STANDARD_CBM-VS-MIXED_CEM,False,True,RPT-F05,True,ALL/NA,repo://artifacts/baseline_v2/audit/p9/bootstrap.json,VERIFIED,ALL/NA,False,,P9,PUBLIC_DEIDENTIFIED,Main report,paired_primary_comparison,Paired patient-bootstrap Delta-MAE,RPT-T08,True,RESULT_ALREADY_EXISTS
SEC-RESULTS-PREDICTION,RES-P9-SECONDARY-BLACKBOX,False,True,RPT-F06,True,ALL/NA,repo://artifacts/baseline_v2/audit/p9/task.json,VERIFIED,blackbox,False,,P9,PUBLIC_DEIDENTIFIED,Main report,pooled_secondary_result,Extreme-subset discrimination and validation-threshold metrics,RPT-T09,True,RESULT_ALREADY_EXISTS
SEC-RESULTS-PREDICTION,RES-P9-SECONDARY-STANDARD_CBM,False,True,RPT-F06,True,ALL/NA,repo://artifacts/baseline_v2/audit/p9/task.json,VERIFIED,standard_cbm,False,,P9,PUBLIC_DEIDENTIFIED,Main report,pooled_secondary_result,Extreme-subset discrimination and validation-threshold metrics,RPT-T09,True,RESULT_ALREADY_EXISTS
SEC-RESULTS-PREDICTION,RES-P9-SECONDARY-MIXED_CEM,False,True,RPT-F06,True,ALL/NA,repo://artifacts/baseline_v2/audit/p9/task.json,VERIFIED,mixed_cem,False,,P9,PUBLIC_DEIDENTIFIED,Main report,pooled_secondary_result,Extreme-subset discrimination and validation-threshold metrics,RPT-T09,True,RESULT_ALREADY_EXISTS
SEC-RESULTS-PREDICTION,RES-P9-SECONDARY-LEARNED_SOFTMAX_GAM,False,True,RPT-F06,True,ALL/NA,repo://artifacts/baseline_v2/audit/p9/task.json,VERIFIED,learned_softmax_gam,False,,P9,PUBLIC_DEIDENTIFIED,Main report,pooled_secondary_result,Extreme-subset discrimination and validation-threshold metrics,RPT-T09,True,RESULT_ALREADY_EXISTS
SEC-RESULTS-PREDICTION,RES-P9-PAIRED-AUROC-BLACKBOX-VS-LEARNED_SOFTMAX_GAM,False,True,RPT-F06,True,ALL/NA,repo://artifacts/baseline_v2/audit/p9/bootstrap.json,VERIFIED,ALL/NA,False,,P9,PUBLIC_DEIDENTIFIED,Main report,paired_secondary_comparison,Paired patient-bootstrap Delta-AUROC,RPT-T10,True,RESULT_ALREADY_EXISTS
SEC-RESULTS-PREDICTION,RES-P9-PAIRED-AUROC-BLACKBOX-VS-MIXED_CEM,False,True,RPT-F06,True,ALL/NA,repo://artifacts/baseline_v2/audit/p9/bootstrap.json,VERIFIED,ALL/NA,False,,P9,PUBLIC_DEIDENTIFIED,Main report,paired_secondary_comparison,Paired patient-bootstrap Delta-AUROC,RPT-T10,True,RESULT_ALREADY_EXISTS
SEC-RESULTS-PREDICTION,RES-P9-PAIRED-AUROC-BLACKBOX-VS-STANDARD_CBM,False,True,RPT-F06,True,ALL/NA,repo://artifacts/baseline_v2/audit/p9/bootstrap.json,VERIFIED,ALL/NA,False,,P9,PUBLIC_DEIDENTIFIED,Main report,paired_secondary_comparison,Paired patient-bootstrap Delta-AUROC,RPT-T10,True,RESULT_ALREADY_EXISTS
SEC-RESULTS-PREDICTION,RES-P9-PAIRED-AUROC-MIXED_CEM-VS-LEARNED_SOFTMAX_GAM,False,True,RPT-F06,True,ALL/NA,repo://artifacts/baseline_v2/audit/p9/bootstrap.json,VERIFIED,ALL/NA,False,,P9,PUBLIC_DEIDENTIFIED,Main report,paired_secondary_comparison,Paired patient-bootstrap Delta-AUROC,RPT-T10,True,RESULT_ALREADY_EXISTS
SEC-RESULTS-PREDICTION,RES-P9-PAIRED-AUROC-STANDARD_CBM-VS-LEARNED_SOFTMAX_GAM,False,True,RPT-F06,True,ALL/NA,repo://artifacts/baseline_v2/audit/p9/bootstrap.json,VERIFIED,ALL/NA,False,,P9,PUBLIC_DEIDENTIFIED,Main report,paired_secondary_comparison,Paired patient-bootstrap Delta-AUROC,RPT-T10,True,RESULT_ALREADY_EXISTS
SEC-RESULTS-PREDICTION,RES-P9-PAIRED-AUROC-STANDARD_CBM-VS-MIXED_CEM,False,True,RPT-F06,True,ALL/NA,repo://artifacts/baseline_v2/audit/p9/bootstrap.json,VERIFIED,ALL/NA,False,,P9,PUBLIC_DEIDENTIFIED,Main report,paired_secondary_comparison,Paired patient-bootstrap Delta-AUROC,RPT-T10,True,RESULT_ALREADY_EXISTS
SEC-RESULTS-WHAT,RES-P9-CONCEPT-STANDARD_CBM-SUBTLETY,False,True,RPT-F09A,True,ALL/NA,repo://artifacts/baseline_v2/audit/p9/concept.json,VERIFIED,standard_cbm,False,,P9,PUBLIC_DEIDENTIFIED,Main report,continuous_concept_result,Pooled continuous concept fidelity,RPT-T11,True,RESULT_ALREADY_EXISTS
SEC-RESULTS-WHAT,RES-P9-CONCEPT-STANDARD_CBM-SPHERICITY,False,True,RPT-F09A,True,ALL/NA,repo://artifacts/baseline_v2/audit/p9/concept.json,VERIFIED,standard_cbm,False,,P9,PUBLIC_DEIDENTIFIED,Main report,continuous_concept_result,Pooled continuous concept fidelity,RPT-T11,True,RESULT_ALREADY_EXISTS
SEC-RESULTS-WHAT,RES-P9-CONCEPT-STANDARD_CBM-MARGIN,False,True,RPT-F09A,True,ALL/NA,repo://artifacts/baseline_v2/audit/p9/concept.json,VERIFIED,standard_cbm,False,,P9,PUBLIC_DEIDENTIFIED,Main report,continuous_concept_result,Pooled continuous concept fidelity,RPT-T11,True,RESULT_ALREADY_EXISTS
SEC-RESULTS-WHAT,RES-P9-CONCEPT-STANDARD_CBM-LOBULATION,False,True,RPT-F09A,True,ALL/NA,repo://artifacts/baseline_v2/audit/p9/concept.json,VERIFIED,standard_cbm,False,,P9,PUBLIC_DEIDENTIFIED,Main report,continuous_concept_result,Pooled continuous concept fidelity,RPT-T11,True,RESULT_ALREADY_EXISTS
SEC-RESULTS-WHAT,RES-P9-CONCEPT-STANDARD_CBM-SPICULATION,False,True,RPT-F09A,True,ALL/NA,repo://artifacts/baseline_v2/audit/p9/concept.json,VERIFIED,standard_cbm,False,,P9,PUBLIC_DEIDENTIFIED,Main report,continuous_concept_result,Pooled continuous concept fidelity,RPT-T11,True,RESULT_ALREADY_EXISTS
SEC-RESULTS-WHAT,RES-P9-CONCEPT-STANDARD_CBM-TEXTURE,False,True,RPT-F09A,True,ALL/NA,repo://artifacts/baseline_v2/audit/p9/concept.json,VERIFIED,standard_cbm,False,,P9,PUBLIC_DEIDENTIFIED,Main report,continuous_concept_result,Pooled continuous concept fidelity,RPT-T11,True,RESULT_ALREADY_EXISTS
SEC-RESULTS-WHAT,RES-P9-CONCEPT-MIXED_CEM-SUBTLETY,False,True,RPT-F09A,True,ALL/NA,repo://artifacts/baseline_v2/audit/p9/concept.json,VERIFIED,mixed_cem,False,,P9,PUBLIC_DEIDENTIFIED,Main report,continuous_concept_result,Pooled continuous concept fidelity,RPT-T11,True,RESULT_ALREADY_EXISTS
SEC-RESULTS-WHAT,RES-P9-CONCEPT-MIXED_CEM-SPHERICITY,False,True,RPT-F09A,True,ALL/NA,repo://artifacts/baseline_v2/audit/p9/concept.json,VERIFIED,mixed_cem,False,,P9,PUBLIC_DEIDENTIFIED,Main report,continuous_concept_result,Pooled continuous concept fidelity,RPT-T11,True,RESULT_ALREADY_EXISTS
SEC-RESULTS-WHAT,RES-P9-CONCEPT-MIXED_CEM-MARGIN,False,True,RPT-F09A,True,ALL/NA,repo://artifacts/baseline_v2/audit/p9/concept.json,VERIFIED,mixed_cem,False,,P9,PUBLIC_DEIDENTIFIED,Main report,continuous_concept_result,Pooled continuous concept fidelity,RPT-T11,True,RESULT_ALREADY_EXISTS
SEC-RESULTS-WHAT,RES-P9-CONCEPT-MIXED_CEM-LOBULATION,False,True,RPT-F09A,True,ALL/NA,repo://artifacts/baseline_v2/audit/p9/concept.json,VERIFIED,mixed_cem,False,,P9,PUBLIC_DEIDENTIFIED,Main report,continuous_concept_result,Pooled continuous concept fidelity,RPT-T11,True,RESULT_ALREADY_EXISTS
SEC-RESULTS-WHAT,RES-P9-CONCEPT-MIXED_CEM-SPICULATION,False,True,RPT-F09A,True,ALL/NA,repo://artifacts/baseline_v2/audit/p9/concept.json,VERIFIED,mixed_cem,False,,P9,PUBLIC_DEIDENTIFIED,Main report,continuous_concept_result,Pooled continuous concept fidelity,RPT-T11,True,RESULT_ALREADY_EXISTS
SEC-RESULTS-WHAT,RES-P9-CONCEPT-MIXED_CEM-TEXTURE,False,True,RPT-F09A,True,ALL/NA,repo://artifacts/baseline_v2/audit/p9/concept.json,VERIFIED,mixed_cem,False,,P9,PUBLIC_DEIDENTIFIED,Main report,continuous_concept_result,Pooled continuous concept fidelity,RPT-T11,True,RESULT_ALREADY_EXISTS
SEC-RESULTS-WHAT,RES-P9-CONCEPT-LEARNED_SOFTMAX_GAM-SUBTLETY,False,True,RPT-F09A,True,ALL/NA,repo://artifacts/baseline_v2/audit/p9/concept.json,VERIFIED,learned_softmax_gam,False,,P9,PUBLIC_DEIDENTIFIED,Main report,continuous_concept_result,Pooled continuous concept fidelity,RPT-T11,True,RESULT_ALREADY_EXISTS
SEC-RESULTS-WHAT,RES-P9-CONCEPT-LEARNED_SOFTMAX_GAM-SPHERICITY,False,True,RPT-F09A,True,ALL/NA,repo://artifacts/baseline_v2/audit/p9/concept.json,VERIFIED,learned_softmax_gam,False,,P9,PUBLIC_DEIDENTIFIED,Main report,continuous_concept_result,Pooled continuous concept fidelity,RPT-T11,True,RESULT_ALREADY_EXISTS
SEC-RESULTS-WHAT,RES-P9-CONCEPT-LEARNED_SOFTMAX_GAM-MARGIN,False,True,RPT-F09A,True,ALL/NA,repo://artifacts/baseline_v2/audit/p9/concept.json,VERIFIED,learned_softmax_gam,False,,P9,PUBLIC_DEIDENTIFIED,Main report,continuous_concept_result,Pooled continuous concept fidelity,RPT-T11,True,RESULT_ALREADY_EXISTS
SEC-RESULTS-WHAT,RES-P9-CONCEPT-LEARNED_SOFTMAX_GAM-LOBULATION,False,True,RPT-F09A,True,ALL/NA,repo://artifacts/baseline_v2/audit/p9/concept.json,VERIFIED,learned_softmax_gam,False,,P9,PUBLIC_DEIDENTIFIED,Main report,continuous_concept_result,Pooled continuous concept fidelity,RPT-T11,True,RESULT_ALREADY_EXISTS
SEC-RESULTS-WHAT,RES-P9-CONCEPT-LEARNED_SOFTMAX_GAM-SPICULATION,False,True,RPT-F09A,True,ALL/NA,repo://artifacts/baseline_v2/audit/p9/concept.json,VERIFIED,learned_softmax_gam,False,,P9,PUBLIC_DEIDENTIFIED,Main report,continuous_concept_result,Pooled continuous concept fidelity,RPT-T11,True,RESULT_ALREADY_EXISTS
SEC-RESULTS-WHAT,RES-P9-CONCEPT-LEARNED_SOFTMAX_GAM-TEXTURE,False,True,RPT-F09A,True,ALL/NA,repo://artifacts/baseline_v2/audit/p9/concept.json,VERIFIED,learned_softmax_gam,False,,P9,PUBLIC_DEIDENTIFIED,Main report,continuous_concept_result,Pooled continuous concept fidelity,RPT-T11,True,RESULT_ALREADY_EXISTS
SEC-RESULTS-WHAT,RES-P9-CONCEPT-STANDARD_CBM-INTERNALSTRUCTURE,False,True,RPT-F09B,True,ALL/NA,repo://artifacts/baseline_v2/audit/p9/concept.json,VERIFIED,standard_cbm,False,,P9,PUBLIC_DEIDENTIFIED,Main report,categorical_concept_result,Pooled categorical concept fidelity,RPT-T12,True,RESULT_ALREADY_EXISTS
SEC-RESULTS-WHAT,RES-P9-CONCEPT-STANDARD_CBM-CALCIFICATION,False,True,RPT-F09B,True,ALL/NA,repo://artifacts/baseline_v2/audit/p9/concept.json,VERIFIED,standard_cbm,False,,P9,PUBLIC_DEIDENTIFIED,Main report,categorical_concept_result,Pooled categorical concept fidelity,RPT-T12,True,RESULT_ALREADY_EXISTS
SEC-RESULTS-WHAT,RES-P9-CONCEPT-MIXED_CEM-INTERNALSTRUCTURE,False,True,RPT-F09B,True,ALL/NA,repo://artifacts/baseline_v2/audit/p9/concept.json,VERIFIED,mixed_cem,False,,P9,PUBLIC_DEIDENTIFIED,Main report,categorical_concept_result,Pooled categorical concept fidelity,RPT-T12,True,RESULT_ALREADY_EXISTS
SEC-RESULTS-WHAT,RES-P9-CONCEPT-MIXED_CEM-CALCIFICATION,False,True,RPT-F09B,True,ALL/NA,repo://artifacts/baseline_v2/audit/p9/concept.json,VERIFIED,mixed_cem,False,,P9,PUBLIC_DEIDENTIFIED,Main report,categorical_concept_result,Pooled categorical concept fidelity,RPT-T12,True,RESULT_ALREADY_EXISTS
SEC-RESULTS-WHAT,RES-P9-CONCEPT-LEARNED_SOFTMAX_GAM-INTERNALSTRUCTURE,False,True,RPT-F09B,True,ALL/NA,repo://artifacts/baseline_v2/audit/p9/concept.json,VERIFIED,learned_softmax_gam,False,,P9,PUBLIC_DEIDENTIFIED,Main report,categorical_concept_result,Pooled categorical concept fidelity,RPT-T12,True,RESULT_ALREADY_EXISTS
SEC-RESULTS-WHAT,RES-P9-CONCEPT-LEARNED_SOFTMAX_GAM-CALCIFICATION,False,True,RPT-F09B,True,ALL/NA,repo://artifacts/baseline_v2/audit/p9/concept.json,VERIFIED,learned_softmax_gam,False,,P9,PUBLIC_DEIDENTIFIED,Main report,categorical_concept_result,Pooled categorical concept fidelity,RPT-T12,True,RESULT_ALREADY_EXISTS
SEC-RESULTS-HOW,RES-P9-INTERVENTION-STANDARD_CBM-RANDOM_PERMUTATION,False,True,RPT-F12,True,ALL/NA,repo://artifacts/baseline_v2/audit/p9/intervention.json,VERIFIED,standard_cbm,False,,P9,PUBLIC_DEIDENTIFIED,Main report,intervention_curve,k=0..8 intervention (random_permutation),RPT-T17,True,RESULT_ALREADY_EXISTS
SEC-RESULTS-HOW,RES-P9-INTERVENTION-STANDARD_CBM-ERROR_FIRST,False,True,RPT-F12,True,ALL/NA,repo://artifacts/baseline_v2/audit/p9/intervention.json,VERIFIED,standard_cbm,False,,P9,PUBLIC_DEIDENTIFIED,Main report,intervention_curve,k=0..8 intervention (error_first),RPT-T17,True,RESULT_ALREADY_EXISTS
SEC-RESULTS-HOW,RES-P9-INTERVENTION-MIXED_CEM-RANDOM_PERMUTATION,False,True,RPT-F12,True,ALL/NA,repo://artifacts/baseline_v2/audit/p9/intervention.json,VERIFIED,mixed_cem,False,,P9,PUBLIC_DEIDENTIFIED,Main report,intervention_curve,k=0..8 intervention (random_permutation),RPT-T17,True,RESULT_ALREADY_EXISTS
SEC-RESULTS-HOW,RES-P9-INTERVENTION-MIXED_CEM-ERROR_FIRST,False,True,RPT-F12,True,ALL/NA,repo://artifacts/baseline_v2/audit/p9/intervention.json,VERIFIED,mixed_cem,False,,P9,PUBLIC_DEIDENTIFIED,Main report,intervention_curve,k=0..8 intervention (error_first),RPT-T17,True,RESULT_ALREADY_EXISTS
SEC-RESULTS-HOW,RES-P9-INTERVENTION-LEARNED_SOFTMAX_GAM-RANDOM_PERMUTATION,False,True,RPT-F12,True,ALL/NA,repo://artifacts/baseline_v2/audit/p9/intervention.json,VERIFIED,learned_softmax_gam,False,,P9,PUBLIC_DEIDENTIFIED,Main report,intervention_curve,k=0..8 intervention (random_permutation),RPT-T17,True,RESULT_ALREADY_EXISTS
SEC-RESULTS-HOW,RES-P9-INTERVENTION-LEARNED_SOFTMAX_GAM-ERROR_FIRST,False,True,RPT-F12,True,ALL/NA,repo://artifacts/baseline_v2/audit/p9/intervention.json,VERIFIED,learned_softmax_gam,False,,P9,PUBLIC_DEIDENTIFIED,Main report,intervention_curve,k=0..8 intervention (error_first),RPT-T17,True,RESULT_ALREADY_EXISTS
SEC-RESULTS-WHY,RES-P9-CONTRIBUTION-STANDARD_CBM-SUBTLETY,False,True,RPT-F10,True,ALL/NA,repo://artifacts/baseline_v2/audit/p9/contribution_centering.json,VERIFIED,standard_cbm,False,,P9,PUBLIC_DEIDENTIFIED,Main report,centered_contribution,Train-centered OOF concept contribution,RPT-T15,True,RESULT_ALREADY_EXISTS
SEC-RESULTS-WHY,RES-P9-CONTRIBUTION-STANDARD_CBM-INTERNALSTRUCTURE,False,True,RPT-F10,True,ALL/NA,repo://artifacts/baseline_v2/audit/p9/contribution_centering.json,VERIFIED,standard_cbm,False,,P9,PUBLIC_DEIDENTIFIED,Main report,centered_contribution,Train-centered OOF concept contribution,RPT-T15,True,RESULT_ALREADY_EXISTS
SEC-RESULTS-WHY,RES-P9-CONTRIBUTION-STANDARD_CBM-CALCIFICATION,False,True,RPT-F10,True,ALL/NA,repo://artifacts/baseline_v2/audit/p9/contribution_centering.json,VERIFIED,standard_cbm,False,,P9,PUBLIC_DEIDENTIFIED,Main report,centered_contribution,Train-centered OOF concept contribution,RPT-T15,True,RESULT_ALREADY_EXISTS
SEC-RESULTS-WHY,RES-P9-CONTRIBUTION-STANDARD_CBM-SPHERICITY,False,True,RPT-F10,True,ALL/NA,repo://artifacts/baseline_v2/audit/p9/contribution_centering.json,VERIFIED,standard_cbm,False,,P9,PUBLIC_DEIDENTIFIED,Main report,centered_contribution,Train-centered OOF concept contribution,RPT-T15,True,RESULT_ALREADY_EXISTS
SEC-RESULTS-WHY,RES-P9-CONTRIBUTION-STANDARD_CBM-MARGIN,False,True,RPT-F10,True,ALL/NA,repo://artifacts/baseline_v2/audit/p9/contribution_centering.json,VERIFIED,standard_cbm,False,,P9,PUBLIC_DEIDENTIFIED,Main report,centered_contribution,Train-centered OOF concept contribution,RPT-T15,True,RESULT_ALREADY_EXISTS
SEC-RESULTS-WHY,RES-P9-CONTRIBUTION-STANDARD_CBM-LOBULATION,False,True,RPT-F10,True,ALL/NA,repo://artifacts/baseline_v2/audit/p9/contribution_centering.json,VERIFIED,standard_cbm,False,,P9,PUBLIC_DEIDENTIFIED,Main report,centered_contribution,Train-centered OOF concept contribution,RPT-T15,True,RESULT_ALREADY_EXISTS
SEC-RESULTS-WHY,RES-P9-CONTRIBUTION-STANDARD_CBM-SPICULATION,False,True,RPT-F10,True,ALL/NA,repo://artifacts/baseline_v2/audit/p9/contribution_centering.json,VERIFIED,standard_cbm,False,,P9,PUBLIC_DEIDENTIFIED,Main report,centered_contribution,Train-centered OOF concept contribution,RPT-T15,True,RESULT_ALREADY_EXISTS
SEC-RESULTS-WHY,RES-P9-CONTRIBUTION-STANDARD_CBM-TEXTURE,False,True,RPT-F10,True,ALL/NA,repo://artifacts/baseline_v2/audit/p9/contribution_centering.json,VERIFIED,standard_cbm,False,,P9,PUBLIC_DEIDENTIFIED,Main report,centered_contribution,Train-centered OOF concept contribution,RPT-T15,True,RESULT_ALREADY_EXISTS
SEC-RESULTS-WHY,RES-P9-CONTRIBUTION-MIXED_CEM-SUBTLETY,False,True,RPT-F10,True,ALL/NA,repo://artifacts/baseline_v2/audit/p9/contribution_centering.json,VERIFIED,mixed_cem,False,,P9,PUBLIC_DEIDENTIFIED,Main report,centered_contribution,Train-centered OOF concept contribution,RPT-T15,True,RESULT_ALREADY_EXISTS
SEC-RESULTS-WHY,RES-P9-CONTRIBUTION-MIXED_CEM-INTERNALSTRUCTURE,False,True,RPT-F10,True,ALL/NA,repo://artifacts/baseline_v2/audit/p9/contribution_centering.json,VERIFIED,mixed_cem,False,,P9,PUBLIC_DEIDENTIFIED,Main report,centered_contribution,Train-centered OOF concept contribution,RPT-T15,True,RESULT_ALREADY_EXISTS
SEC-RESULTS-WHY,RES-P9-CONTRIBUTION-MIXED_CEM-CALCIFICATION,False,True,RPT-F10,True,ALL/NA,repo://artifacts/baseline_v2/audit/p9/contribution_centering.json,VERIFIED,mixed_cem,False,,P9,PUBLIC_DEIDENTIFIED,Main report,centered_contribution,Train-centered OOF concept contribution,RPT-T15,True,RESULT_ALREADY_EXISTS
SEC-RESULTS-WHY,RES-P9-CONTRIBUTION-MIXED_CEM-SPHERICITY,False,True,RPT-F10,True,ALL/NA,repo://artifacts/baseline_v2/audit/p9/contribution_centering.json,VERIFIED,mixed_cem,False,,P9,PUBLIC_DEIDENTIFIED,Main report,centered_contribution,Train-centered OOF concept contribution,RPT-T15,True,RESULT_ALREADY_EXISTS
SEC-RESULTS-WHY,RES-P9-CONTRIBUTION-MIXED_CEM-MARGIN,False,True,RPT-F10,True,ALL/NA,repo://artifacts/baseline_v2/audit/p9/contribution_centering.json,VERIFIED,mixed_cem,False,,P9,PUBLIC_DEIDENTIFIED,Main report,centered_contribution,Train-centered OOF concept contribution,RPT-T15,True,RESULT_ALREADY_EXISTS
SEC-RESULTS-WHY,RES-P9-CONTRIBUTION-MIXED_CEM-LOBULATION,False,True,RPT-F10,True,ALL/NA,repo://artifacts/baseline_v2/audit/p9/contribution_centering.json,VERIFIED,mixed_cem,False,,P9,PUBLIC_DEIDENTIFIED,Main report,centered_contribution,Train-centered OOF concept contribution,RPT-T15,True,RESULT_ALREADY_EXISTS
SEC-RESULTS-WHY,RES-P9-CONTRIBUTION-MIXED_CEM-SPICULATION,False,True,RPT-F10,True,ALL/NA,repo://artifacts/baseline_v2/audit/p9/contribution_centering.json,VERIFIED,mixed_cem,False,,P9,PUBLIC_DEIDENTIFIED,Main report,centered_contribution,Train-centered OOF concept contribution,RPT-T15,True,RESULT_ALREADY_EXISTS
SEC-RESULTS-WHY,RES-P9-CONTRIBUTION-MIXED_CEM-TEXTURE,False,True,RPT-F10,True,ALL/NA,repo://artifacts/baseline_v2/audit/p9/contribution_centering.json,VERIFIED,mixed_cem,False,,P9,PUBLIC_DEIDENTIFIED,Main report,centered_contribution,Train-centered OOF concept contribution,RPT-T15,True,RESULT_ALREADY_EXISTS
SEC-RESULTS-WHY,RES-P9-CONTRIBUTION-LEARNED_SOFTMAX_GAM-SUBTLETY,False,True,RPT-F10,True,ALL/NA,repo://artifacts/baseline_v2/audit/p9/contribution_centering.json,VERIFIED,learned_softmax_gam,False,,P9,PUBLIC_DEIDENTIFIED,Main report,centered_contribution,Train-centered OOF concept contribution,RPT-T15,True,RESULT_ALREADY_EXISTS
SEC-RESULTS-WHY,RES-P9-CONTRIBUTION-LEARNED_SOFTMAX_GAM-INTERNALSTRUCTURE,False,True,RPT-F10,True,ALL/NA,repo://artifacts/baseline_v2/audit/p9/contribution_centering.json,VERIFIED,learned_softmax_gam,False,,P9,PUBLIC_DEIDENTIFIED,Main report,centered_contribution,Train-centered OOF concept contribution,RPT-T15,True,RESULT_ALREADY_EXISTS
SEC-RESULTS-WHY,RES-P9-CONTRIBUTION-LEARNED_SOFTMAX_GAM-CALCIFICATION,False,True,RPT-F10,True,ALL/NA,repo://artifacts/baseline_v2/audit/p9/contribution_centering.json,VERIFIED,learned_softmax_gam,False,,P9,PUBLIC_DEIDENTIFIED,Main report,centered_contribution,Train-centered OOF concept contribution,RPT-T15,True,RESULT_ALREADY_EXISTS
SEC-RESULTS-WHY,RES-P9-CONTRIBUTION-LEARNED_SOFTMAX_GAM-SPHERICITY,False,True,RPT-F10,True,ALL/NA,repo://artifacts/baseline_v2/audit/p9/contribution_centering.json,VERIFIED,learned_softmax_gam,False,,P9,PUBLIC_DEIDENTIFIED,Main report,centered_contribution,Train-centered OOF concept contribution,RPT-T15,True,RESULT_ALREADY_EXISTS
SEC-RESULTS-WHY,RES-P9-CONTRIBUTION-LEARNED_SOFTMAX_GAM-MARGIN,False,True,RPT-F10,True,ALL/NA,repo://artifacts/baseline_v2/audit/p9/contribution_centering.json,VERIFIED,learned_softmax_gam,False,,P9,PUBLIC_DEIDENTIFIED,Main report,centered_contribution,Train-centered OOF concept contribution,RPT-T15,True,RESULT_ALREADY_EXISTS
SEC-RESULTS-WHY,RES-P9-CONTRIBUTION-LEARNED_SOFTMAX_GAM-LOBULATION,False,True,RPT-F10,True,ALL/NA,repo://artifacts/baseline_v2/audit/p9/contribution_centering.json,VERIFIED,learned_softmax_gam,False,,P9,PUBLIC_DEIDENTIFIED,Main report,centered_contribution,Train-centered OOF concept contribution,RPT-T15,True,RESULT_ALREADY_EXISTS
SEC-RESULTS-WHY,RES-P9-CONTRIBUTION-LEARNED_SOFTMAX_GAM-SPICULATION,False,True,RPT-F10,True,ALL/NA,repo://artifacts/baseline_v2/audit/p9/contribution_centering.json,VERIFIED,learned_softmax_gam,False,,P9,PUBLIC_DEIDENTIFIED,Main report,centered_contribution,Train-centered OOF concept contribution,RPT-T15,True,RESULT_ALREADY_EXISTS
SEC-RESULTS-WHY,RES-P9-CONTRIBUTION-LEARNED_SOFTMAX_GAM-TEXTURE,False,True,RPT-F10,True,ALL/NA,repo://artifacts/baseline_v2/audit/p9/contribution_centering.json,VERIFIED,learned_softmax_gam,False,,P9,PUBLIC_DEIDENTIFIED,Main report,centered_contribution,Train-centered OOF concept contribution,RPT-T15,True,RESULT_ALREADY_EXISTS
SEC-RESULTS-WHY,RES-P9-GAM-ALPHA-FOLD0-SUBTLETY,False,True,RPT-F11,True,0,repo://artifacts/baseline_v2/audit/p9/learned_alpha.json,VERIFIED,learned_softmax_gam,False,,P9,PUBLIC_DEIDENTIFIED,Main report,learned_alpha,Fold-level learned expert mixture weights,RPT-T16,True,RESULT_ALREADY_EXISTS
SEC-RESULTS-WHY,RES-P9-GAM-ALPHA-FOLD0-INTERNALSTRUCTURE,False,True,RPT-F11,True,0,repo://artifacts/baseline_v2/audit/p9/learned_alpha.json,VERIFIED,learned_softmax_gam,False,,P9,PUBLIC_DEIDENTIFIED,Main report,learned_alpha,Fold-level learned expert mixture weights,RPT-T16,True,RESULT_ALREADY_EXISTS
SEC-RESULTS-WHY,RES-P9-GAM-ALPHA-FOLD0-CALCIFICATION,False,True,RPT-F11,True,0,repo://artifacts/baseline_v2/audit/p9/learned_alpha.json,VERIFIED,learned_softmax_gam,False,,P9,PUBLIC_DEIDENTIFIED,Main report,learned_alpha,Fold-level learned expert mixture weights,RPT-T16,True,RESULT_ALREADY_EXISTS
SEC-RESULTS-WHY,RES-P9-GAM-ALPHA-FOLD0-SPHERICITY,False,True,RPT-F11,True,0,repo://artifacts/baseline_v2/audit/p9/learned_alpha.json,VERIFIED,learned_softmax_gam,False,,P9,PUBLIC_DEIDENTIFIED,Main report,learned_alpha,Fold-level learned expert mixture weights,RPT-T16,True,RESULT_ALREADY_EXISTS
SEC-RESULTS-WHY,RES-P9-GAM-ALPHA-FOLD0-MARGIN,False,True,RPT-F11,True,0,repo://artifacts/baseline_v2/audit/p9/learned_alpha.json,VERIFIED,learned_softmax_gam,False,,P9,PUBLIC_DEIDENTIFIED,Main report,learned_alpha,Fold-level learned expert mixture weights,RPT-T16,True,RESULT_ALREADY_EXISTS
SEC-RESULTS-WHY,RES-P9-GAM-ALPHA-FOLD0-LOBULATION,False,True,RPT-F11,True,0,repo://artifacts/baseline_v2/audit/p9/learned_alpha.json,VERIFIED,learned_softmax_gam,False,,P9,PUBLIC_DEIDENTIFIED,Main report,learned_alpha,Fold-level learned expert mixture weights,RPT-T16,True,RESULT_ALREADY_EXISTS
SEC-RESULTS-WHY,RES-P9-GAM-ALPHA-FOLD0-SPICULATION,False,True,RPT-F11,True,0,repo://artifacts/baseline_v2/audit/p9/learned_alpha.json,VERIFIED,learned_softmax_gam,False,,P9,PUBLIC_DEIDENTIFIED,Main report,learned_alpha,Fold-level learned expert mixture weights,RPT-T16,True,RESULT_ALREADY_EXISTS
SEC-RESULTS-WHY,RES-P9-GAM-ALPHA-FOLD0-TEXTURE,False,True,RPT-F11,True,0,repo://artifacts/baseline_v2/audit/p9/learned_alpha.json,VERIFIED,learned_softmax_gam,False,,P9,PUBLIC_DEIDENTIFIED,Main report,learned_alpha,Fold-level learned expert mixture weights,RPT-T16,True,RESULT_ALREADY_EXISTS
SEC-RESULTS-WHY,RES-P9-GAM-ALPHA-FOLD1-SUBTLETY,False,True,RPT-F11,True,1,repo://artifacts/baseline_v2/audit/p9/learned_alpha.json,VERIFIED,learned_softmax_gam,False,,P9,PUBLIC_DEIDENTIFIED,Main report,learned_alpha,Fold-level learned expert mixture weights,RPT-T16,True,RESULT_ALREADY_EXISTS
SEC-RESULTS-WHY,RES-P9-GAM-ALPHA-FOLD1-INTERNALSTRUCTURE,False,True,RPT-F11,True,1,repo://artifacts/baseline_v2/audit/p9/learned_alpha.json,VERIFIED,learned_softmax_gam,False,,P9,PUBLIC_DEIDENTIFIED,Main report,learned_alpha,Fold-level learned expert mixture weights,RPT-T16,True,RESULT_ALREADY_EXISTS
SEC-RESULTS-WHY,RES-P9-GAM-ALPHA-FOLD1-CALCIFICATION,False,True,RPT-F11,True,1,repo://artifacts/baseline_v2/audit/p9/learned_alpha.json,VERIFIED,learned_softmax_gam,False,,P9,PUBLIC_DEIDENTIFIED,Main report,learned_alpha,Fold-level learned expert mixture weights,RPT-T16,True,RESULT_ALREADY_EXISTS
SEC-RESULTS-WHY,RES-P9-GAM-ALPHA-FOLD1-SPHERICITY,False,True,RPT-F11,True,1,repo://artifacts/baseline_v2/audit/p9/learned_alpha.json,VERIFIED,learned_softmax_gam,False,,P9,PUBLIC_DEIDENTIFIED,Main report,learned_alpha,Fold-level learned expert mixture weights,RPT-T16,True,RESULT_ALREADY_EXISTS
SEC-RESULTS-WHY,RES-P9-GAM-ALPHA-FOLD1-MARGIN,False,True,RPT-F11,True,1,repo://artifacts/baseline_v2/audit/p9/learned_alpha.json,VERIFIED,learned_softmax_gam,False,,P9,PUBLIC_DEIDENTIFIED,Main report,learned_alpha,Fold-level learned expert mixture weights,RPT-T16,True,RESULT_ALREADY_EXISTS
SEC-RESULTS-WHY,RES-P9-GAM-ALPHA-FOLD1-LOBULATION,False,True,RPT-F11,True,1,repo://artifacts/baseline_v2/audit/p9/learned_alpha.json,VERIFIED,learned_softmax_gam,False,,P9,PUBLIC_DEIDENTIFIED,Main report,learned_alpha,Fold-level learned expert mixture weights,RPT-T16,True,RESULT_ALREADY_EXISTS
SEC-RESULTS-WHY,RES-P9-GAM-ALPHA-FOLD1-SPICULATION,False,True,RPT-F11,True,1,repo://artifacts/baseline_v2/audit/p9/learned_alpha.json,VERIFIED,learned_softmax_gam,False,,P9,PUBLIC_DEIDENTIFIED,Main report,learned_alpha,Fold-level learned expert mixture weights,RPT-T16,True,RESULT_ALREADY_EXISTS
SEC-RESULTS-WHY,RES-P9-GAM-ALPHA-FOLD1-TEXTURE,False,True,RPT-F11,True,1,repo://artifacts/baseline_v2/audit/p9/learned_alpha.json,VERIFIED,learned_softmax_gam,False,,P9,PUBLIC_DEIDENTIFIED,Main report,learned_alpha,Fold-level learned expert mixture weights,RPT-T16,True,RESULT_ALREADY_EXISTS
SEC-RESULTS-WHY,RES-P9-GAM-ALPHA-FOLD2-SUBTLETY,False,True,RPT-F11,True,2,repo://artifacts/baseline_v2/audit/p9/learned_alpha.json,VERIFIED,learned_softmax_gam,False,,P9,PUBLIC_DEIDENTIFIED,Main report,learned_alpha,Fold-level learned expert mixture weights,RPT-T16,True,RESULT_ALREADY_EXISTS
SEC-RESULTS-WHY,RES-P9-GAM-ALPHA-FOLD2-INTERNALSTRUCTURE,False,True,RPT-F11,True,2,repo://artifacts/baseline_v2/audit/p9/learned_alpha.json,VERIFIED,learned_softmax_gam,False,,P9,PUBLIC_DEIDENTIFIED,Main report,learned_alpha,Fold-level learned expert mixture weights,RPT-T16,True,RESULT_ALREADY_EXISTS
SEC-RESULTS-WHY,RES-P9-GAM-ALPHA-FOLD2-CALCIFICATION,False,True,RPT-F11,True,2,repo://artifacts/baseline_v2/audit/p9/learned_alpha.json,VERIFIED,learned_softmax_gam,False,,P9,PUBLIC_DEIDENTIFIED,Main report,learned_alpha,Fold-level learned expert mixture weights,RPT-T16,True,RESULT_ALREADY_EXISTS
SEC-RESULTS-WHY,RES-P9-GAM-ALPHA-FOLD2-SPHERICITY,False,True,RPT-F11,True,2,repo://artifacts/baseline_v2/audit/p9/learned_alpha.json,VERIFIED,learned_softmax_gam,False,,P9,PUBLIC_DEIDENTIFIED,Main report,learned_alpha,Fold-level learned expert mixture weights,RPT-T16,True,RESULT_ALREADY_EXISTS
SEC-RESULTS-WHY,RES-P9-GAM-ALPHA-FOLD2-MARGIN,False,True,RPT-F11,True,2,repo://artifacts/baseline_v2/audit/p9/learned_alpha.json,VERIFIED,learned_softmax_gam,False,,P9,PUBLIC_DEIDENTIFIED,Main report,learned_alpha,Fold-level learned expert mixture weights,RPT-T16,True,RESULT_ALREADY_EXISTS
SEC-RESULTS-WHY,RES-P9-GAM-ALPHA-FOLD2-LOBULATION,False,True,RPT-F11,True,2,repo://artifacts/baseline_v2/audit/p9/learned_alpha.json,VERIFIED,learned_softmax_gam,False,,P9,PUBLIC_DEIDENTIFIED,Main report,learned_alpha,Fold-level learned expert mixture weights,RPT-T16,True,RESULT_ALREADY_EXISTS
SEC-RESULTS-WHY,RES-P9-GAM-ALPHA-FOLD2-SPICULATION,False,True,RPT-F11,True,2,repo://artifacts/baseline_v2/audit/p9/learned_alpha.json,VERIFIED,learned_softmax_gam,False,,P9,PUBLIC_DEIDENTIFIED,Main report,learned_alpha,Fold-level learned expert mixture weights,RPT-T16,True,RESULT_ALREADY_EXISTS
SEC-RESULTS-WHY,RES-P9-GAM-ALPHA-FOLD2-TEXTURE,False,True,RPT-F11,True,2,repo://artifacts/baseline_v2/audit/p9/learned_alpha.json,VERIFIED,learned_softmax_gam,False,,P9,PUBLIC_DEIDENTIFIED,Main report,learned_alpha,Fold-level learned expert mixture weights,RPT-T16,True,RESULT_ALREADY_EXISTS
SEC-RESULTS-WHY,RES-P9-GAM-ALPHA-FOLD3-SUBTLETY,False,True,RPT-F11,True,3,repo://artifacts/baseline_v2/audit/p9/learned_alpha.json,VERIFIED,learned_softmax_gam,False,,P9,PUBLIC_DEIDENTIFIED,Main report,learned_alpha,Fold-level learned expert mixture weights,RPT-T16,True,RESULT_ALREADY_EXISTS
SEC-RESULTS-WHY,RES-P9-GAM-ALPHA-FOLD3-INTERNALSTRUCTURE,False,True,RPT-F11,True,3,repo://artifacts/baseline_v2/audit/p9/learned_alpha.json,VERIFIED,learned_softmax_gam,False,,P9,PUBLIC_DEIDENTIFIED,Main report,learned_alpha,Fold-level learned expert mixture weights,RPT-T16,True,RESULT_ALREADY_EXISTS
SEC-RESULTS-WHY,RES-P9-GAM-ALPHA-FOLD3-CALCIFICATION,False,True,RPT-F11,True,3,repo://artifacts/baseline_v2/audit/p9/learned_alpha.json,VERIFIED,learned_softmax_gam,False,,P9,PUBLIC_DEIDENTIFIED,Main report,learned_alpha,Fold-level learned expert mixture weights,RPT-T16,True,RESULT_ALREADY_EXISTS
SEC-RESULTS-WHY,RES-P9-GAM-ALPHA-FOLD3-SPHERICITY,False,True,RPT-F11,True,3,repo://artifacts/baseline_v2/audit/p9/learned_alpha.json,VERIFIED,learned_softmax_gam,False,,P9,PUBLIC_DEIDENTIFIED,Main report,learned_alpha,Fold-level learned expert mixture weights,RPT-T16,True,RESULT_ALREADY_EXISTS
SEC-RESULTS-WHY,RES-P9-GAM-ALPHA-FOLD3-MARGIN,False,True,RPT-F11,True,3,repo://artifacts/baseline_v2/audit/p9/learned_alpha.json,VERIFIED,learned_softmax_gam,False,,P9,PUBLIC_DEIDENTIFIED,Main report,learned_alpha,Fold-level learned expert mixture weights,RPT-T16,True,RESULT_ALREADY_EXISTS
SEC-RESULTS-WHY,RES-P9-GAM-ALPHA-FOLD3-LOBULATION,False,True,RPT-F11,True,3,repo://artifacts/baseline_v2/audit/p9/learned_alpha.json,VERIFIED,learned_softmax_gam,False,,P9,PUBLIC_DEIDENTIFIED,Main report,learned_alpha,Fold-level learned expert mixture weights,RPT-T16,True,RESULT_ALREADY_EXISTS
SEC-RESULTS-WHY,RES-P9-GAM-ALPHA-FOLD3-SPICULATION,False,True,RPT-F11,True,3,repo://artifacts/baseline_v2/audit/p9/learned_alpha.json,VERIFIED,learned_softmax_gam,False,,P9,PUBLIC_DEIDENTIFIED,Main report,learned_alpha,Fold-level learned expert mixture weights,RPT-T16,True,RESULT_ALREADY_EXISTS
SEC-RESULTS-WHY,RES-P9-GAM-ALPHA-FOLD3-TEXTURE,False,True,RPT-F11,True,3,repo://artifacts/baseline_v2/audit/p9/learned_alpha.json,VERIFIED,learned_softmax_gam,False,,P9,PUBLIC_DEIDENTIFIED,Main report,learned_alpha,Fold-level learned expert mixture weights,RPT-T16,True,RESULT_ALREADY_EXISTS
SEC-RESULTS-WHY,RES-P9-GAM-ALPHA-FOLD4-SUBTLETY,False,True,RPT-F11,True,4,repo://artifacts/baseline_v2/audit/p9/learned_alpha.json,VERIFIED,learned_softmax_gam,False,,P9,PUBLIC_DEIDENTIFIED,Main report,learned_alpha,Fold-level learned expert mixture weights,RPT-T16,True,RESULT_ALREADY_EXISTS
SEC-RESULTS-WHY,RES-P9-GAM-ALPHA-FOLD4-INTERNALSTRUCTURE,False,True,RPT-F11,True,4,repo://artifacts/baseline_v2/audit/p9/learned_alpha.json,VERIFIED,learned_softmax_gam,False,,P9,PUBLIC_DEIDENTIFIED,Main report,learned_alpha,Fold-level learned expert mixture weights,RPT-T16,True,RESULT_ALREADY_EXISTS
SEC-RESULTS-WHY,RES-P9-GAM-ALPHA-FOLD4-CALCIFICATION,False,True,RPT-F11,True,4,repo://artifacts/baseline_v2/audit/p9/learned_alpha.json,VERIFIED,learned_softmax_gam,False,,P9,PUBLIC_DEIDENTIFIED,Main report,learned_alpha,Fold-level learned expert mixture weights,RPT-T16,True,RESULT_ALREADY_EXISTS
SEC-RESULTS-WHY,RES-P9-GAM-ALPHA-FOLD4-SPHERICITY,False,True,RPT-F11,True,4,repo://artifacts/baseline_v2/audit/p9/learned_alpha.json,VERIFIED,learned_softmax_gam,False,,P9,PUBLIC_DEIDENTIFIED,Main report,learned_alpha,Fold-level learned expert mixture weights,RPT-T16,True,RESULT_ALREADY_EXISTS
SEC-RESULTS-WHY,RES-P9-GAM-ALPHA-FOLD4-MARGIN,False,True,RPT-F11,True,4,repo://artifacts/baseline_v2/audit/p9/learned_alpha.json,VERIFIED,learned_softmax_gam,False,,P9,PUBLIC_DEIDENTIFIED,Main report,learned_alpha,Fold-level learned expert mixture weights,RPT-T16,True,RESULT_ALREADY_EXISTS
SEC-RESULTS-WHY,RES-P9-GAM-ALPHA-FOLD4-LOBULATION,False,True,RPT-F11,True,4,repo://artifacts/baseline_v2/audit/p9/learned_alpha.json,VERIFIED,learned_softmax_gam,False,,P9,PUBLIC_DEIDENTIFIED,Main report,learned_alpha,Fold-level learned expert mixture weights,RPT-T16,True,RESULT_ALREADY_EXISTS
SEC-RESULTS-WHY,RES-P9-GAM-ALPHA-FOLD4-SPICULATION,False,True,RPT-F11,True,4,repo://artifacts/baseline_v2/audit/p9/learned_alpha.json,VERIFIED,learned_softmax_gam,False,,P9,PUBLIC_DEIDENTIFIED,Main report,learned_alpha,Fold-level learned expert mixture weights,RPT-T16,True,RESULT_ALREADY_EXISTS
SEC-RESULTS-WHY,RES-P9-GAM-ALPHA-FOLD4-TEXTURE,False,True,RPT-F11,True,4,repo://artifacts/baseline_v2/audit/p9/learned_alpha.json,VERIFIED,learned_softmax_gam,False,,P9,PUBLIC_DEIDENTIFIED,Main report,learned_alpha,Fold-level learned expert mixture weights,RPT-T16,True,RESULT_ALREADY_EXISTS
SEC-RESULTS-WHERE,RES-P9-GRADCAM-BLACKBOX-FOLD0-MALIGNANCY,False,True,RPT-F07,True,0,repo://artifacts/baseline_v2/audit/p9/spatial.json,VERIFIED,blackbox,False,,P9,PRIVATE_SOURCE_PUBLIC_AGGREGATE,Main report,gradcam_model_fold_target,Raw FP32 Grad-CAM and occlusion inventory,RPT-T13,True,RESULT_ALREADY_EXISTS
SEC-RESULTS-WHERE,RES-P9-GRADCAM-BLACKBOX-FOLD1-MALIGNANCY,False,True,RPT-F07,True,1,repo://artifacts/baseline_v2/audit/p9/spatial.json,VERIFIED,blackbox,False,,P9,PRIVATE_SOURCE_PUBLIC_AGGREGATE,Main report,gradcam_model_fold_target,Raw FP32 Grad-CAM and occlusion inventory,RPT-T13,True,RESULT_ALREADY_EXISTS
SEC-RESULTS-WHERE,RES-P9-GRADCAM-BLACKBOX-FOLD2-MALIGNANCY,False,True,RPT-F07,True,2,repo://artifacts/baseline_v2/audit/p9/spatial.json,VERIFIED,blackbox,False,,P9,PRIVATE_SOURCE_PUBLIC_AGGREGATE,Main report,gradcam_model_fold_target,Raw FP32 Grad-CAM and occlusion inventory,RPT-T13,True,RESULT_ALREADY_EXISTS
SEC-RESULTS-WHERE,RES-P9-GRADCAM-BLACKBOX-FOLD3-MALIGNANCY,False,True,RPT-F07,True,3,repo://artifacts/baseline_v2/audit/p9/spatial.json,VERIFIED,blackbox,False,,P9,PRIVATE_SOURCE_PUBLIC_AGGREGATE,Main report,gradcam_model_fold_target,Raw FP32 Grad-CAM and occlusion inventory,RPT-T13,True,RESULT_ALREADY_EXISTS
SEC-RESULTS-WHERE,RES-P9-GRADCAM-BLACKBOX-FOLD4-MALIGNANCY,False,True,RPT-F07,True,4,repo://artifacts/baseline_v2/audit/p9/spatial.json,VERIFIED,blackbox,False,,P9,PRIVATE_SOURCE_PUBLIC_AGGREGATE,Main report,gradcam_model_fold_target,Raw FP32 Grad-CAM and occlusion inventory,RPT-T13,True,RESULT_ALREADY_EXISTS
SEC-RESULTS-WHERE,RES-P9-GRADCAM-BLACKBOX-POOLED-MALIGNANCY,False,True,RPT-F07,True,ALL/NA,repo://artifacts/baseline_v2/audit/p9/spatial.json,VERIFIED,blackbox,False,,P9,PUBLIC_DEIDENTIFIED,Main report,gradcam_model_target_pooled,Pooled Grad-CAM accounting,RPT-T13,True,RESULT_ALREADY_EXISTS
SEC-RESULTS-WHERE,RES-P9-GRADCAM-STANDARD_CBM-FOLD0-MALIGNANCY,False,True,RPT-F07,True,0,repo://artifacts/baseline_v2/audit/p9/spatial.json,VERIFIED,standard_cbm,False,,P9,PRIVATE_SOURCE_PUBLIC_AGGREGATE,Main report,gradcam_model_fold_target,Raw FP32 Grad-CAM and occlusion inventory,RPT-T13,True,RESULT_ALREADY_EXISTS
SEC-RESULTS-WHERE,RES-P9-GRADCAM-STANDARD_CBM-FOLD0-SUBTLETY,False,True,RPT-F07,True,0,repo://artifacts/baseline_v2/audit/p9/spatial.json,VERIFIED,standard_cbm,False,,P9,PRIVATE_SOURCE_PUBLIC_AGGREGATE,Main report,gradcam_model_fold_target,Raw FP32 Grad-CAM and occlusion inventory,RPT-T13,True,RESULT_ALREADY_EXISTS
SEC-RESULTS-WHERE,RES-P9-GRADCAM-STANDARD_CBM-FOLD0-INTERNALSTRUCTURE,False,True,RPT-F07,True,0,repo://artifacts/baseline_v2/audit/p9/spatial.json,VERIFIED,standard_cbm,False,,P9,PRIVATE_SOURCE_PUBLIC_AGGREGATE,Main report,gradcam_model_fold_target,Raw FP32 Grad-CAM and occlusion inventory,RPT-T13,True,RESULT_ALREADY_EXISTS
SEC-RESULTS-WHERE,RES-P9-GRADCAM-STANDARD_CBM-FOLD0-CALCIFICATION,False,True,RPT-F07,True,0,repo://artifacts/baseline_v2/audit/p9/spatial.json,VERIFIED,standard_cbm,False,,P9,PRIVATE_SOURCE_PUBLIC_AGGREGATE,Main report,gradcam_model_fold_target,Raw FP32 Grad-CAM and occlusion inventory,RPT-T13,True,RESULT_ALREADY_EXISTS
SEC-RESULTS-WHERE,RES-P9-GRADCAM-STANDARD_CBM-FOLD0-SPHERICITY,False,True,RPT-F07,True,0,repo://artifacts/baseline_v2/audit/p9/spatial.json,VERIFIED,standard_cbm,False,,P9,PRIVATE_SOURCE_PUBLIC_AGGREGATE,Main report,gradcam_model_fold_target,Raw FP32 Grad-CAM and occlusion inventory,RPT-T13,True,RESULT_ALREADY_EXISTS
SEC-RESULTS-WHERE,RES-P9-GRADCAM-STANDARD_CBM-FOLD0-MARGIN,False,True,RPT-F07,True,0,repo://artifacts/baseline_v2/audit/p9/spatial.json,VERIFIED,standard_cbm,False,,P9,PRIVATE_SOURCE_PUBLIC_AGGREGATE,Main report,gradcam_model_fold_target,Raw FP32 Grad-CAM and occlusion inventory,RPT-T13,True,RESULT_ALREADY_EXISTS
SEC-RESULTS-WHERE,RES-P9-GRADCAM-STANDARD_CBM-FOLD0-LOBULATION,False,True,RPT-F07,True,0,repo://artifacts/baseline_v2/audit/p9/spatial.json,VERIFIED,standard_cbm,False,,P9,PRIVATE_SOURCE_PUBLIC_AGGREGATE,Main report,gradcam_model_fold_target,Raw FP32 Grad-CAM and occlusion inventory,RPT-T13,True,RESULT_ALREADY_EXISTS
SEC-RESULTS-WHERE,RES-P9-GRADCAM-STANDARD_CBM-FOLD0-SPICULATION,False,True,RPT-F07,True,0,repo://artifacts/baseline_v2/audit/p9/spatial.json,VERIFIED,standard_cbm,False,,P9,PRIVATE_SOURCE_PUBLIC_AGGREGATE,Main report,gradcam_model_fold_target,Raw FP32 Grad-CAM and occlusion inventory,RPT-T13,True,RESULT_ALREADY_EXISTS
SEC-RESULTS-WHERE,RES-P9-GRADCAM-STANDARD_CBM-FOLD0-TEXTURE,False,True,RPT-F07,True,0,repo://artifacts/baseline_v2/audit/p9/spatial.json,VERIFIED,standard_cbm,False,,P9,PRIVATE_SOURCE_PUBLIC_AGGREGATE,Main report,gradcam_model_fold_target,Raw FP32 Grad-CAM and occlusion inventory,RPT-T13,True,RESULT_ALREADY_EXISTS
SEC-RESULTS-WHERE,RES-P9-GRADCAM-STANDARD_CBM-FOLD1-MALIGNANCY,False,True,RPT-F07,True,1,repo://artifacts/baseline_v2/audit/p9/spatial.json,VERIFIED,standard_cbm,False,,P9,PRIVATE_SOURCE_PUBLIC_AGGREGATE,Main report,gradcam_model_fold_target,Raw FP32 Grad-CAM and occlusion inventory,RPT-T13,True,RESULT_ALREADY_EXISTS
SEC-RESULTS-WHERE,RES-P9-GRADCAM-STANDARD_CBM-FOLD1-SUBTLETY,False,True,RPT-F07,True,1,repo://artifacts/baseline_v2/audit/p9/spatial.json,VERIFIED,standard_cbm,False,,P9,PRIVATE_SOURCE_PUBLIC_AGGREGATE,Main report,gradcam_model_fold_target,Raw FP32 Grad-CAM and occlusion inventory,RPT-T13,True,RESULT_ALREADY_EXISTS
SEC-RESULTS-WHERE,RES-P9-GRADCAM-STANDARD_CBM-FOLD1-INTERNALSTRUCTURE,False,True,RPT-F07,True,1,repo://artifacts/baseline_v2/audit/p9/spatial.json,VERIFIED,standard_cbm,False,,P9,PRIVATE_SOURCE_PUBLIC_AGGREGATE,Main report,gradcam_model_fold_target,Raw FP32 Grad-CAM and occlusion inventory,RPT-T13,True,RESULT_ALREADY_EXISTS
SEC-RESULTS-WHERE,RES-P9-GRADCAM-STANDARD_CBM-FOLD1-CALCIFICATION,False,True,RPT-F07,True,1,repo://artifacts/baseline_v2/audit/p9/spatial.json,VERIFIED,standard_cbm,False,,P9,PRIVATE_SOURCE_PUBLIC_AGGREGATE,Main report,gradcam_model_fold_target,Raw FP32 Grad-CAM and occlusion inventory,RPT-T13,True,RESULT_ALREADY_EXISTS
SEC-RESULTS-WHERE,RES-P9-GRADCAM-STANDARD_CBM-FOLD1-SPHERICITY,False,True,RPT-F07,True,1,repo://artifacts/baseline_v2/audit/p9/spatial.json,VERIFIED,standard_cbm,False,,P9,PRIVATE_SOURCE_PUBLIC_AGGREGATE,Main report,gradcam_model_fold_target,Raw FP32 Grad-CAM and occlusion inventory,RPT-T13,True,RESULT_ALREADY_EXISTS
SEC-RESULTS-WHERE,RES-P9-GRADCAM-STANDARD_CBM-FOLD1-MARGIN,False,True,RPT-F07,True,1,repo://artifacts/baseline_v2/audit/p9/spatial.json,VERIFIED,standard_cbm,False,,P9,PRIVATE_SOURCE_PUBLIC_AGGREGATE,Main report,gradcam_model_fold_target,Raw FP32 Grad-CAM and occlusion inventory,RPT-T13,True,RESULT_ALREADY_EXISTS
SEC-RESULTS-WHERE,RES-P9-GRADCAM-STANDARD_CBM-FOLD1-LOBULATION,False,True,RPT-F07,True,1,repo://artifacts/baseline_v2/audit/p9/spatial.json,VERIFIED,standard_cbm,False,,P9,PRIVATE_SOURCE_PUBLIC_AGGREGATE,Main report,gradcam_model_fold_target,Raw FP32 Grad-CAM and occlusion inventory,RPT-T13,True,RESULT_ALREADY_EXISTS
SEC-RESULTS-WHERE,RES-P9-GRADCAM-STANDARD_CBM-FOLD1-SPICULATION,False,True,RPT-F07,True,1,repo://artifacts/baseline_v2/audit/p9/spatial.json,VERIFIED,standard_cbm,False,,P9,PRIVATE_SOURCE_PUBLIC_AGGREGATE,Main report,gradcam_model_fold_target,Raw FP32 Grad-CAM and occlusion inventory,RPT-T13,True,RESULT_ALREADY_EXISTS
SEC-RESULTS-WHERE,RES-P9-GRADCAM-STANDARD_CBM-FOLD1-TEXTURE,False,True,RPT-F07,True,1,repo://artifacts/baseline_v2/audit/p9/spatial.json,VERIFIED,standard_cbm,False,,P9,PRIVATE_SOURCE_PUBLIC_AGGREGATE,Main report,gradcam_model_fold_target,Raw FP32 Grad-CAM and occlusion inventory,RPT-T13,True,RESULT_ALREADY_EXISTS
SEC-RESULTS-WHERE,RES-P9-GRADCAM-STANDARD_CBM-FOLD2-MALIGNANCY,False,True,RPT-F07,True,2,repo://artifacts/baseline_v2/audit/p9/spatial.json,VERIFIED,standard_cbm,False,,P9,PRIVATE_SOURCE_PUBLIC_AGGREGATE,Main report,gradcam_model_fold_target,Raw FP32 Grad-CAM and occlusion inventory,RPT-T13,True,RESULT_ALREADY_EXISTS
SEC-RESULTS-WHERE,RES-P9-GRADCAM-STANDARD_CBM-FOLD2-SUBTLETY,False,True,RPT-F07,True,2,repo://artifacts/baseline_v2/audit/p9/spatial.json,VERIFIED,standard_cbm,False,,P9,PRIVATE_SOURCE_PUBLIC_AGGREGATE,Main report,gradcam_model_fold_target,Raw FP32 Grad-CAM and occlusion inventory,RPT-T13,True,RESULT_ALREADY_EXISTS
SEC-RESULTS-WHERE,RES-P9-GRADCAM-STANDARD_CBM-FOLD2-INTERNALSTRUCTURE,False,True,RPT-F07,True,2,repo://artifacts/baseline_v2/audit/p9/spatial.json,VERIFIED,standard_cbm,False,,P9,PRIVATE_SOURCE_PUBLIC_AGGREGATE,Main report,gradcam_model_fold_target,Raw FP32 Grad-CAM and occlusion inventory,RPT-T13,True,RESULT_ALREADY_EXISTS
SEC-RESULTS-WHERE,RES-P9-GRADCAM-STANDARD_CBM-FOLD2-CALCIFICATION,False,True,RPT-F07,True,2,repo://artifacts/baseline_v2/audit/p9/spatial.json,VERIFIED,standard_cbm,False,,P9,PRIVATE_SOURCE_PUBLIC_AGGREGATE,Main report,gradcam_model_fold_target,Raw FP32 Grad-CAM and occlusion inventory,RPT-T13,True,RESULT_ALREADY_EXISTS
SEC-RESULTS-WHERE,RES-P9-GRADCAM-STANDARD_CBM-FOLD2-SPHERICITY,False,True,RPT-F07,True,2,repo://artifacts/baseline_v2/audit/p9/spatial.json,VERIFIED,standard_cbm,False,,P9,PRIVATE_SOURCE_PUBLIC_AGGREGATE,Main report,gradcam_model_fold_target,Raw FP32 Grad-CAM and occlusion inventory,RPT-T13,True,RESULT_ALREADY_EXISTS
SEC-RESULTS-WHERE,RES-P9-GRADCAM-STANDARD_CBM-FOLD2-MARGIN,False,True,RPT-F07,True,2,repo://artifacts/baseline_v2/audit/p9/spatial.json,VERIFIED,standard_cbm,False,,P9,PRIVATE_SOURCE_PUBLIC_AGGREGATE,Main report,gradcam_model_fold_target,Raw FP32 Grad-CAM and occlusion inventory,RPT-T13,True,RESULT_ALREADY_EXISTS
SEC-RESULTS-WHERE,RES-P9-GRADCAM-STANDARD_CBM-FOLD2-LOBULATION,False,True,RPT-F07,True,2,repo://artifacts/baseline_v2/audit/p9/spatial.json,VERIFIED,standard_cbm,False,,P9,PRIVATE_SOURCE_PUBLIC_AGGREGATE,Main report,gradcam_model_fold_target,Raw FP32 Grad-CAM and occlusion inventory,RPT-T13,True,RESULT_ALREADY_EXISTS
SEC-RESULTS-WHERE,RES-P9-GRADCAM-STANDARD_CBM-FOLD2-SPICULATION,False,True,RPT-F07,True,2,repo://artifacts/baseline_v2/audit/p9/spatial.json,VERIFIED,standard_cbm,False,,P9,PRIVATE_SOURCE_PUBLIC_AGGREGATE,Main report,gradcam_model_fold_target,Raw FP32 Grad-CAM and occlusion inventory,RPT-T13,True,RESULT_ALREADY_EXISTS
SEC-RESULTS-WHERE,RES-P9-GRADCAM-STANDARD_CBM-FOLD2-TEXTURE,False,True,RPT-F07,True,2,repo://artifacts/baseline_v2/audit/p9/spatial.json,VERIFIED,standard_cbm,False,,P9,PRIVATE_SOURCE_PUBLIC_AGGREGATE,Main report,gradcam_model_fold_target,Raw FP32 Grad-CAM and occlusion inventory,RPT-T13,True,RESULT_ALREADY_EXISTS
SEC-RESULTS-WHERE,RES-P9-GRADCAM-STANDARD_CBM-FOLD3-MALIGNANCY,False,True,RPT-F07,True,3,repo://artifacts/baseline_v2/audit/p9/spatial.json,VERIFIED,standard_cbm,False,,P9,PRIVATE_SOURCE_PUBLIC_AGGREGATE,Main report,gradcam_model_fold_target,Raw FP32 Grad-CAM and occlusion inventory,RPT-T13,True,RESULT_ALREADY_EXISTS
SEC-RESULTS-WHERE,RES-P9-GRADCAM-STANDARD_CBM-FOLD3-SUBTLETY,False,True,RPT-F07,True,3,repo://artifacts/baseline_v2/audit/p9/spatial.json,VERIFIED,standard_cbm,False,,P9,PRIVATE_SOURCE_PUBLIC_AGGREGATE,Main report,gradcam_model_fold_target,Raw FP32 Grad-CAM and occlusion inventory,RPT-T13,True,RESULT_ALREADY_EXISTS
SEC-RESULTS-WHERE,RES-P9-GRADCAM-STANDARD_CBM-FOLD3-INTERNALSTRUCTURE,False,True,RPT-F07,True,3,repo://artifacts/baseline_v2/audit/p9/spatial.json,VERIFIED,standard_cbm,False,,P9,PRIVATE_SOURCE_PUBLIC_AGGREGATE,Main report,gradcam_model_fold_target,Raw FP32 Grad-CAM and occlusion inventory,RPT-T13,True,RESULT_ALREADY_EXISTS
SEC-RESULTS-WHERE,RES-P9-GRADCAM-STANDARD_CBM-FOLD3-CALCIFICATION,False,True,RPT-F07,True,3,repo://artifacts/baseline_v2/audit/p9/spatial.json,VERIFIED,standard_cbm,False,,P9,PRIVATE_SOURCE_PUBLIC_AGGREGATE,Main report,gradcam_model_fold_target,Raw FP32 Grad-CAM and occlusion inventory,RPT-T13,True,RESULT_ALREADY_EXISTS
SEC-RESULTS-WHERE,RES-P9-GRADCAM-STANDARD_CBM-FOLD3-SPHERICITY,False,True,RPT-F07,True,3,repo://artifacts/baseline_v2/audit/p9/spatial.json,VERIFIED,standard_cbm,False,,P9,PRIVATE_SOURCE_PUBLIC_AGGREGATE,Main report,gradcam_model_fold_target,Raw FP32 Grad-CAM and occlusion inventory,RPT-T13,True,RESULT_ALREADY_EXISTS
SEC-RESULTS-WHERE,RES-P9-GRADCAM-STANDARD_CBM-FOLD3-MARGIN,False,True,RPT-F07,True,3,repo://artifacts/baseline_v2/audit/p9/spatial.json,VERIFIED,standard_cbm,False,,P9,PRIVATE_SOURCE_PUBLIC_AGGREGATE,Main report,gradcam_model_fold_target,Raw FP32 Grad-CAM and occlusion inventory,RPT-T13,True,RESULT_ALREADY_EXISTS
SEC-RESULTS-WHERE,RES-P9-GRADCAM-STANDARD_CBM-FOLD3-LOBULATION,False,True,RPT-F07,True,3,repo://artifacts/baseline_v2/audit/p9/spatial.json,VERIFIED,standard_cbm,False,,P9,PRIVATE_SOURCE_PUBLIC_AGGREGATE,Main report,gradcam_model_fold_target,Raw FP32 Grad-CAM and occlusion inventory,RPT-T13,True,RESULT_ALREADY_EXISTS
SEC-RESULTS-WHERE,RES-P9-GRADCAM-STANDARD_CBM-FOLD3-SPICULATION,False,True,RPT-F07,True,3,repo://artifacts/baseline_v2/audit/p9/spatial.json,VERIFIED,standard_cbm,False,,P9,PRIVATE_SOURCE_PUBLIC_AGGREGATE,Main report,gradcam_model_fold_target,Raw FP32 Grad-CAM and occlusion inventory,RPT-T13,True,RESULT_ALREADY_EXISTS
SEC-RESULTS-WHERE,RES-P9-GRADCAM-STANDARD_CBM-FOLD3-TEXTURE,False,True,RPT-F07,True,3,repo://artifacts/baseline_v2/audit/p9/spatial.json,VERIFIED,standard_cbm,False,,P9,PRIVATE_SOURCE_PUBLIC_AGGREGATE,Main report,gradcam_model_fold_target,Raw FP32 Grad-CAM and occlusion inventory,RPT-T13,True,RESULT_ALREADY_EXISTS
SEC-RESULTS-WHERE,RES-P9-GRADCAM-STANDARD_CBM-FOLD4-MALIGNANCY,False,True,RPT-F07,True,4,repo://artifacts/baseline_v2/audit/p9/spatial.json,VERIFIED,standard_cbm,False,,P9,PRIVATE_SOURCE_PUBLIC_AGGREGATE,Main report,gradcam_model_fold_target,Raw FP32 Grad-CAM and occlusion inventory,RPT-T13,True,RESULT_ALREADY_EXISTS
SEC-RESULTS-WHERE,RES-P9-GRADCAM-STANDARD_CBM-FOLD4-SUBTLETY,False,True,RPT-F07,True,4,repo://artifacts/baseline_v2/audit/p9/spatial.json,VERIFIED,standard_cbm,False,,P9,PRIVATE_SOURCE_PUBLIC_AGGREGATE,Main report,gradcam_model_fold_target,Raw FP32 Grad-CAM and occlusion inventory,RPT-T13,True,RESULT_ALREADY_EXISTS
SEC-RESULTS-WHERE,RES-P9-GRADCAM-STANDARD_CBM-FOLD4-INTERNALSTRUCTURE,False,True,RPT-F07,True,4,repo://artifacts/baseline_v2/audit/p9/spatial.json,VERIFIED,standard_cbm,False,,P9,PRIVATE_SOURCE_PUBLIC_AGGREGATE,Main report,gradcam_model_fold_target,Raw FP32 Grad-CAM and occlusion inventory,RPT-T13,True,RESULT_ALREADY_EXISTS
SEC-RESULTS-WHERE,RES-P9-GRADCAM-STANDARD_CBM-FOLD4-CALCIFICATION,False,True,RPT-F07,True,4,repo://artifacts/baseline_v2/audit/p9/spatial.json,VERIFIED,standard_cbm,False,,P9,PRIVATE_SOURCE_PUBLIC_AGGREGATE,Main report,gradcam_model_fold_target,Raw FP32 Grad-CAM and occlusion inventory,RPT-T13,True,RESULT_ALREADY_EXISTS
SEC-RESULTS-WHERE,RES-P9-GRADCAM-STANDARD_CBM-FOLD4-SPHERICITY,False,True,RPT-F07,True,4,repo://artifacts/baseline_v2/audit/p9/spatial.json,VERIFIED,standard_cbm,False,,P9,PRIVATE_SOURCE_PUBLIC_AGGREGATE,Main report,gradcam_model_fold_target,Raw FP32 Grad-CAM and occlusion inventory,RPT-T13,True,RESULT_ALREADY_EXISTS
SEC-RESULTS-WHERE,RES-P9-GRADCAM-STANDARD_CBM-FOLD4-MARGIN,False,True,RPT-F07,True,4,repo://artifacts/baseline_v2/audit/p9/spatial.json,VERIFIED,standard_cbm,False,,P9,PRIVATE_SOURCE_PUBLIC_AGGREGATE,Main report,gradcam_model_fold_target,Raw FP32 Grad-CAM and occlusion inventory,RPT-T13,True,RESULT_ALREADY_EXISTS
SEC-RESULTS-WHERE,RES-P9-GRADCAM-STANDARD_CBM-FOLD4-LOBULATION,False,True,RPT-F07,True,4,repo://artifacts/baseline_v2/audit/p9/spatial.json,VERIFIED,standard_cbm,False,,P9,PRIVATE_SOURCE_PUBLIC_AGGREGATE,Main report,gradcam_model_fold_target,Raw FP32 Grad-CAM and occlusion inventory,RPT-T13,True,RESULT_ALREADY_EXISTS
SEC-RESULTS-WHERE,RES-P9-GRADCAM-STANDARD_CBM-FOLD4-SPICULATION,False,True,RPT-F07,True,4,repo://artifacts/baseline_v2/audit/p9/spatial.json,VERIFIED,standard_cbm,False,,P9,PRIVATE_SOURCE_PUBLIC_AGGREGATE,Main report,gradcam_model_fold_target,Raw FP32 Grad-CAM and occlusion inventory,RPT-T13,True,RESULT_ALREADY_EXISTS
SEC-RESULTS-WHERE,RES-P9-GRADCAM-STANDARD_CBM-FOLD4-TEXTURE,False,True,RPT-F07,True,4,repo://artifacts/baseline_v2/audit/p9/spatial.json,VERIFIED,standard_cbm,False,,P9,PRIVATE_SOURCE_PUBLIC_AGGREGATE,Main report,gradcam_model_fold_target,Raw FP32 Grad-CAM and occlusion inventory,RPT-T13,True,RESULT_ALREADY_EXISTS
SEC-RESULTS-WHERE,RES-P9-GRADCAM-STANDARD_CBM-POOLED-MALIGNANCY,False,True,RPT-F07,True,ALL/NA,repo://artifacts/baseline_v2/audit/p9/spatial.json,VERIFIED,standard_cbm,False,,P9,PUBLIC_DEIDENTIFIED,Main report,gradcam_model_target_pooled,Pooled Grad-CAM accounting,RPT-T13,True,RESULT_ALREADY_EXISTS
SEC-RESULTS-WHERE,RES-P9-GRADCAM-STANDARD_CBM-POOLED-SUBTLETY,False,True,RPT-F07,True,ALL/NA,repo://artifacts/baseline_v2/audit/p9/spatial.json,VERIFIED,standard_cbm,False,,P9,PUBLIC_DEIDENTIFIED,Main report,gradcam_model_target_pooled,Pooled Grad-CAM accounting,RPT-T13,True,RESULT_ALREADY_EXISTS
SEC-RESULTS-WHERE,RES-P9-GRADCAM-STANDARD_CBM-POOLED-INTERNALSTRUCTURE,False,True,RPT-F07,True,ALL/NA,repo://artifacts/baseline_v2/audit/p9/spatial.json,VERIFIED,standard_cbm,False,,P9,PUBLIC_DEIDENTIFIED,Main report,gradcam_model_target_pooled,Pooled Grad-CAM accounting,RPT-T13,True,RESULT_ALREADY_EXISTS
SEC-RESULTS-WHERE,RES-P9-GRADCAM-STANDARD_CBM-POOLED-CALCIFICATION,False,True,RPT-F07,True,ALL/NA,repo://artifacts/baseline_v2/audit/p9/spatial.json,VERIFIED,standard_cbm,False,,P9,PUBLIC_DEIDENTIFIED,Main report,gradcam_model_target_pooled,Pooled Grad-CAM accounting,RPT-T13,True,RESULT_ALREADY_EXISTS
SEC-RESULTS-WHERE,RES-P9-GRADCAM-STANDARD_CBM-POOLED-SPHERICITY,False,True,RPT-F07,True,ALL/NA,repo://artifacts/baseline_v2/audit/p9/spatial.json,VERIFIED,standard_cbm,False,,P9,PUBLIC_DEIDENTIFIED,Main report,gradcam_model_target_pooled,Pooled Grad-CAM accounting,RPT-T13,True,RESULT_ALREADY_EXISTS
SEC-RESULTS-WHERE,RES-P9-GRADCAM-STANDARD_CBM-POOLED-MARGIN,False,True,RPT-F07,True,ALL/NA,repo://artifacts/baseline_v2/audit/p9/spatial.json,VERIFIED,standard_cbm,False,,P9,PUBLIC_DEIDENTIFIED,Main report,gradcam_model_target_pooled,Pooled Grad-CAM accounting,RPT-T13,True,RESULT_ALREADY_EXISTS
SEC-RESULTS-WHERE,RES-P9-GRADCAM-STANDARD_CBM-POOLED-LOBULATION,False,True,RPT-F07,True,ALL/NA,repo://artifacts/baseline_v2/audit/p9/spatial.json,VERIFIED,standard_cbm,False,,P9,PUBLIC_DEIDENTIFIED,Main report,gradcam_model_target_pooled,Pooled Grad-CAM accounting,RPT-T13,True,RESULT_ALREADY_EXISTS
SEC-RESULTS-WHERE,RES-P9-GRADCAM-STANDARD_CBM-POOLED-SPICULATION,False,True,RPT-F07,True,ALL/NA,repo://artifacts/baseline_v2/audit/p9/spatial.json,VERIFIED,standard_cbm,False,,P9,PUBLIC_DEIDENTIFIED,Main report,gradcam_model_target_pooled,Pooled Grad-CAM accounting,RPT-T13,True,RESULT_ALREADY_EXISTS
SEC-RESULTS-WHERE,RES-P9-GRADCAM-STANDARD_CBM-POOLED-TEXTURE,False,True,RPT-F07,True,ALL/NA,repo://artifacts/baseline_v2/audit/p9/spatial.json,VERIFIED,standard_cbm,False,,P9,PUBLIC_DEIDENTIFIED,Main report,gradcam_model_target_pooled,Pooled Grad-CAM accounting,RPT-T13,True,RESULT_ALREADY_EXISTS
SEC-RESULTS-WHERE,RES-P9-GRADCAM-MIXED_CEM-FOLD0-MALIGNANCY,False,True,RPT-F07,True,0,repo://artifacts/baseline_v2/audit/p9/spatial.json,VERIFIED,mixed_cem,False,,P9,PRIVATE_SOURCE_PUBLIC_AGGREGATE,Main report,gradcam_model_fold_target,Raw FP32 Grad-CAM and occlusion inventory,RPT-T13,True,RESULT_ALREADY_EXISTS
SEC-RESULTS-WHERE,RES-P9-GRADCAM-MIXED_CEM-FOLD0-SUBTLETY,False,True,RPT-F07,True,0,repo://artifacts/baseline_v2/audit/p9/spatial.json,VERIFIED,mixed_cem,False,,P9,PRIVATE_SOURCE_PUBLIC_AGGREGATE,Main report,gradcam_model_fold_target,Raw FP32 Grad-CAM and occlusion inventory,RPT-T13,True,RESULT_ALREADY_EXISTS
SEC-RESULTS-WHERE,RES-P9-GRADCAM-MIXED_CEM-FOLD0-INTERNALSTRUCTURE,False,True,RPT-F07,True,0,repo://artifacts/baseline_v2/audit/p9/spatial.json,VERIFIED,mixed_cem,False,,P9,PRIVATE_SOURCE_PUBLIC_AGGREGATE,Main report,gradcam_model_fold_target,Raw FP32 Grad-CAM and occlusion inventory,RPT-T13,True,RESULT_ALREADY_EXISTS
SEC-RESULTS-WHERE,RES-P9-GRADCAM-MIXED_CEM-FOLD0-CALCIFICATION,False,True,RPT-F07,True,0,repo://artifacts/baseline_v2/audit/p9/spatial.json,VERIFIED,mixed_cem,False,,P9,PRIVATE_SOURCE_PUBLIC_AGGREGATE,Main report,gradcam_model_fold_target,Raw FP32 Grad-CAM and occlusion inventory,RPT-T13,True,RESULT_ALREADY_EXISTS
SEC-RESULTS-WHERE,RES-P9-GRADCAM-MIXED_CEM-FOLD0-SPHERICITY,False,True,RPT-F07,True,0,repo://artifacts/baseline_v2/audit/p9/spatial.json,VERIFIED,mixed_cem,False,,P9,PRIVATE_SOURCE_PUBLIC_AGGREGATE,Main report,gradcam_model_fold_target,Raw FP32 Grad-CAM and occlusion inventory,RPT-T13,True,RESULT_ALREADY_EXISTS
SEC-RESULTS-WHERE,RES-P9-GRADCAM-MIXED_CEM-FOLD0-MARGIN,False,True,RPT-F07,True,0,repo://artifacts/baseline_v2/audit/p9/spatial.json,VERIFIED,mixed_cem,False,,P9,PRIVATE_SOURCE_PUBLIC_AGGREGATE,Main report,gradcam_model_fold_target,Raw FP32 Grad-CAM and occlusion inventory,RPT-T13,True,RESULT_ALREADY_EXISTS
SEC-RESULTS-WHERE,RES-P9-GRADCAM-MIXED_CEM-FOLD0-LOBULATION,False,True,RPT-F07,True,0,repo://artifacts/baseline_v2/audit/p9/spatial.json,VERIFIED,mixed_cem,False,,P9,PRIVATE_SOURCE_PUBLIC_AGGREGATE,Main report,gradcam_model_fold_target,Raw FP32 Grad-CAM and occlusion inventory,RPT-T13,True,RESULT_ALREADY_EXISTS
SEC-RESULTS-WHERE,RES-P9-GRADCAM-MIXED_CEM-FOLD0-SPICULATION,False,True,RPT-F07,True,0,repo://artifacts/baseline_v2/audit/p9/spatial.json,VERIFIED,mixed_cem,False,,P9,PRIVATE_SOURCE_PUBLIC_AGGREGATE,Main report,gradcam_model_fold_target,Raw FP32 Grad-CAM and occlusion inventory,RPT-T13,True,RESULT_ALREADY_EXISTS
SEC-RESULTS-WHERE,RES-P9-GRADCAM-MIXED_CEM-FOLD0-TEXTURE,False,True,RPT-F07,True,0,repo://artifacts/baseline_v2/audit/p9/spatial.json,VERIFIED,mixed_cem,False,,P9,PRIVATE_SOURCE_PUBLIC_AGGREGATE,Main report,gradcam_model_fold_target,Raw FP32 Grad-CAM and occlusion inventory,RPT-T13,True,RESULT_ALREADY_EXISTS
SEC-RESULTS-WHERE,RES-P9-GRADCAM-MIXED_CEM-FOLD1-MALIGNANCY,False,True,RPT-F07,True,1,repo://artifacts/baseline_v2/audit/p9/spatial.json,VERIFIED,mixed_cem,False,,P9,PRIVATE_SOURCE_PUBLIC_AGGREGATE,Main report,gradcam_model_fold_target,Raw FP32 Grad-CAM and occlusion inventory,RPT-T13,True,RESULT_ALREADY_EXISTS
SEC-RESULTS-WHERE,RES-P9-GRADCAM-MIXED_CEM-FOLD1-SUBTLETY,False,True,RPT-F07,True,1,repo://artifacts/baseline_v2/audit/p9/spatial.json,VERIFIED,mixed_cem,False,,P9,PRIVATE_SOURCE_PUBLIC_AGGREGATE,Main report,gradcam_model_fold_target,Raw FP32 Grad-CAM and occlusion inventory,RPT-T13,True,RESULT_ALREADY_EXISTS
SEC-RESULTS-WHERE,RES-P9-GRADCAM-MIXED_CEM-FOLD1-INTERNALSTRUCTURE,False,True,RPT-F07,True,1,repo://artifacts/baseline_v2/audit/p9/spatial.json,VERIFIED,mixed_cem,False,,P9,PRIVATE_SOURCE_PUBLIC_AGGREGATE,Main report,gradcam_model_fold_target,Raw FP32 Grad-CAM and occlusion inventory,RPT-T13,True,RESULT_ALREADY_EXISTS
SEC-RESULTS-WHERE,RES-P9-GRADCAM-MIXED_CEM-FOLD1-CALCIFICATION,False,True,RPT-F07,True,1,repo://artifacts/baseline_v2/audit/p9/spatial.json,VERIFIED,mixed_cem,False,,P9,PRIVATE_SOURCE_PUBLIC_AGGREGATE,Main report,gradcam_model_fold_target,Raw FP32 Grad-CAM and occlusion inventory,RPT-T13,True,RESULT_ALREADY_EXISTS
SEC-RESULTS-WHERE,RES-P9-GRADCAM-MIXED_CEM-FOLD1-SPHERICITY,False,True,RPT-F07,True,1,repo://artifacts/baseline_v2/audit/p9/spatial.json,VERIFIED,mixed_cem,False,,P9,PRIVATE_SOURCE_PUBLIC_AGGREGATE,Main report,gradcam_model_fold_target,Raw FP32 Grad-CAM and occlusion inventory,RPT-T13,True,RESULT_ALREADY_EXISTS
SEC-RESULTS-WHERE,RES-P9-GRADCAM-MIXED_CEM-FOLD1-MARGIN,False,True,RPT-F07,True,1,repo://artifacts/baseline_v2/audit/p9/spatial.json,VERIFIED,mixed_cem,False,,P9,PRIVATE_SOURCE_PUBLIC_AGGREGATE,Main report,gradcam_model_fold_target,Raw FP32 Grad-CAM and occlusion inventory,RPT-T13,True,RESULT_ALREADY_EXISTS
SEC-RESULTS-WHERE,RES-P9-GRADCAM-MIXED_CEM-FOLD1-LOBULATION,False,True,RPT-F07,True,1,repo://artifacts/baseline_v2/audit/p9/spatial.json,VERIFIED,mixed_cem,False,,P9,PRIVATE_SOURCE_PUBLIC_AGGREGATE,Main report,gradcam_model_fold_target,Raw FP32 Grad-CAM and occlusion inventory,RPT-T13,True,RESULT_ALREADY_EXISTS
SEC-RESULTS-WHERE,RES-P9-GRADCAM-MIXED_CEM-FOLD1-SPICULATION,False,True,RPT-F07,True,1,repo://artifacts/baseline_v2/audit/p9/spatial.json,VERIFIED,mixed_cem,False,,P9,PRIVATE_SOURCE_PUBLIC_AGGREGATE,Main report,gradcam_model_fold_target,Raw FP32 Grad-CAM and occlusion inventory,RPT-T13,True,RESULT_ALREADY_EXISTS
SEC-RESULTS-WHERE,RES-P9-GRADCAM-MIXED_CEM-FOLD1-TEXTURE,False,True,RPT-F07,True,1,repo://artifacts/baseline_v2/audit/p9/spatial.json,VERIFIED,mixed_cem,False,,P9,PRIVATE_SOURCE_PUBLIC_AGGREGATE,Main report,gradcam_model_fold_target,Raw FP32 Grad-CAM and occlusion inventory,RPT-T13,True,RESULT_ALREADY_EXISTS
SEC-RESULTS-WHERE,RES-P9-GRADCAM-MIXED_CEM-FOLD2-MALIGNANCY,False,True,RPT-F07,True,2,repo://artifacts/baseline_v2/audit/p9/spatial.json,VERIFIED,mixed_cem,False,,P9,PRIVATE_SOURCE_PUBLIC_AGGREGATE,Main report,gradcam_model_fold_target,Raw FP32 Grad-CAM and occlusion inventory,RPT-T13,True,RESULT_ALREADY_EXISTS
SEC-RESULTS-WHERE,RES-P9-GRADCAM-MIXED_CEM-FOLD2-SUBTLETY,False,True,RPT-F07,True,2,repo://artifacts/baseline_v2/audit/p9/spatial.json,VERIFIED,mixed_cem,False,,P9,PRIVATE_SOURCE_PUBLIC_AGGREGATE,Main report,gradcam_model_fold_target,Raw FP32 Grad-CAM and occlusion inventory,RPT-T13,True,RESULT_ALREADY_EXISTS
SEC-RESULTS-WHERE,RES-P9-GRADCAM-MIXED_CEM-FOLD2-INTERNALSTRUCTURE,False,True,RPT-F07,True,2,repo://artifacts/baseline_v2/audit/p9/spatial.json,VERIFIED,mixed_cem,False,,P9,PRIVATE_SOURCE_PUBLIC_AGGREGATE,Main report,gradcam_model_fold_target,Raw FP32 Grad-CAM and occlusion inventory,RPT-T13,True,RESULT_ALREADY_EXISTS
SEC-RESULTS-WHERE,RES-P9-GRADCAM-MIXED_CEM-FOLD2-CALCIFICATION,False,True,RPT-F07,True,2,repo://artifacts/baseline_v2/audit/p9/spatial.json,VERIFIED,mixed_cem,False,,P9,PRIVATE_SOURCE_PUBLIC_AGGREGATE,Main report,gradcam_model_fold_target,Raw FP32 Grad-CAM and occlusion inventory,RPT-T13,True,RESULT_ALREADY_EXISTS
SEC-RESULTS-WHERE,RES-P9-GRADCAM-MIXED_CEM-FOLD2-SPHERICITY,False,True,RPT-F07,True,2,repo://artifacts/baseline_v2/audit/p9/spatial.json,VERIFIED,mixed_cem,False,,P9,PRIVATE_SOURCE_PUBLIC_AGGREGATE,Main report,gradcam_model_fold_target,Raw FP32 Grad-CAM and occlusion inventory,RPT-T13,True,RESULT_ALREADY_EXISTS
SEC-RESULTS-WHERE,RES-P9-GRADCAM-MIXED_CEM-FOLD2-MARGIN,False,True,RPT-F07,True,2,repo://artifacts/baseline_v2/audit/p9/spatial.json,VERIFIED,mixed_cem,False,,P9,PRIVATE_SOURCE_PUBLIC_AGGREGATE,Main report,gradcam_model_fold_target,Raw FP32 Grad-CAM and occlusion inventory,RPT-T13,True,RESULT_ALREADY_EXISTS
SEC-RESULTS-WHERE,RES-P9-GRADCAM-MIXED_CEM-FOLD2-LOBULATION,False,True,RPT-F07,True,2,repo://artifacts/baseline_v2/audit/p9/spatial.json,VERIFIED,mixed_cem,False,,P9,PRIVATE_SOURCE_PUBLIC_AGGREGATE,Main report,gradcam_model_fold_target,Raw FP32 Grad-CAM and occlusion inventory,RPT-T13,True,RESULT_ALREADY_EXISTS
SEC-RESULTS-WHERE,RES-P9-GRADCAM-MIXED_CEM-FOLD2-SPICULATION,False,True,RPT-F07,True,2,repo://artifacts/baseline_v2/audit/p9/spatial.json,VERIFIED,mixed_cem,False,,P9,PRIVATE_SOURCE_PUBLIC_AGGREGATE,Main report,gradcam_model_fold_target,Raw FP32 Grad-CAM and occlusion inventory,RPT-T13,True,RESULT_ALREADY_EXISTS
SEC-RESULTS-WHERE,RES-P9-GRADCAM-MIXED_CEM-FOLD2-TEXTURE,False,True,RPT-F07,True,2,repo://artifacts/baseline_v2/audit/p9/spatial.json,VERIFIED,mixed_cem,False,,P9,PRIVATE_SOURCE_PUBLIC_AGGREGATE,Main report,gradcam_model_fold_target,Raw FP32 Grad-CAM and occlusion inventory,RPT-T13,True,RESULT_ALREADY_EXISTS
SEC-RESULTS-WHERE,RES-P9-GRADCAM-MIXED_CEM-FOLD3-MALIGNANCY,False,True,RPT-F07,True,3,repo://artifacts/baseline_v2/audit/p9/spatial.json,VERIFIED,mixed_cem,False,,P9,PRIVATE_SOURCE_PUBLIC_AGGREGATE,Main report,gradcam_model_fold_target,Raw FP32 Grad-CAM and occlusion inventory,RPT-T13,True,RESULT_ALREADY_EXISTS
SEC-RESULTS-WHERE,RES-P9-GRADCAM-MIXED_CEM-FOLD3-SUBTLETY,False,True,RPT-F07,True,3,repo://artifacts/baseline_v2/audit/p9/spatial.json,VERIFIED,mixed_cem,False,,P9,PRIVATE_SOURCE_PUBLIC_AGGREGATE,Main report,gradcam_model_fold_target,Raw FP32 Grad-CAM and occlusion inventory,RPT-T13,True,RESULT_ALREADY_EXISTS
SEC-RESULTS-WHERE,RES-P9-GRADCAM-MIXED_CEM-FOLD3-INTERNALSTRUCTURE,False,True,RPT-F07,True,3,repo://artifacts/baseline_v2/audit/p9/spatial.json,VERIFIED,mixed_cem,False,,P9,PRIVATE_SOURCE_PUBLIC_AGGREGATE,Main report,gradcam_model_fold_target,Raw FP32 Grad-CAM and occlusion inventory,RPT-T13,True,RESULT_ALREADY_EXISTS
SEC-RESULTS-WHERE,RES-P9-GRADCAM-MIXED_CEM-FOLD3-CALCIFICATION,False,True,RPT-F07,True,3,repo://artifacts/baseline_v2/audit/p9/spatial.json,VERIFIED,mixed_cem,False,,P9,PRIVATE_SOURCE_PUBLIC_AGGREGATE,Main report,gradcam_model_fold_target,Raw FP32 Grad-CAM and occlusion inventory,RPT-T13,True,RESULT_ALREADY_EXISTS
SEC-RESULTS-WHERE,RES-P9-GRADCAM-MIXED_CEM-FOLD3-SPHERICITY,False,True,RPT-F07,True,3,repo://artifacts/baseline_v2/audit/p9/spatial.json,VERIFIED,mixed_cem,False,,P9,PRIVATE_SOURCE_PUBLIC_AGGREGATE,Main report,gradcam_model_fold_target,Raw FP32 Grad-CAM and occlusion inventory,RPT-T13,True,RESULT_ALREADY_EXISTS
SEC-RESULTS-WHERE,RES-P9-GRADCAM-MIXED_CEM-FOLD3-MARGIN,False,True,RPT-F07,True,3,repo://artifacts/baseline_v2/audit/p9/spatial.json,VERIFIED,mixed_cem,False,,P9,PRIVATE_SOURCE_PUBLIC_AGGREGATE,Main report,gradcam_model_fold_target,Raw FP32 Grad-CAM and occlusion inventory,RPT-T13,True,RESULT_ALREADY_EXISTS
SEC-RESULTS-WHERE,RES-P9-GRADCAM-MIXED_CEM-FOLD3-LOBULATION,False,True,RPT-F07,True,3,repo://artifacts/baseline_v2/audit/p9/spatial.json,VERIFIED,mixed_cem,False,,P9,PRIVATE_SOURCE_PUBLIC_AGGREGATE,Main report,gradcam_model_fold_target,Raw FP32 Grad-CAM and occlusion inventory,RPT-T13,True,RESULT_ALREADY_EXISTS
SEC-RESULTS-WHERE,RES-P9-GRADCAM-MIXED_CEM-FOLD3-SPICULATION,False,True,RPT-F07,True,3,repo://artifacts/baseline_v2/audit/p9/spatial.json,VERIFIED,mixed_cem,False,,P9,PRIVATE_SOURCE_PUBLIC_AGGREGATE,Main report,gradcam_model_fold_target,Raw FP32 Grad-CAM and occlusion inventory,RPT-T13,True,RESULT_ALREADY_EXISTS
SEC-RESULTS-WHERE,RES-P9-GRADCAM-MIXED_CEM-FOLD3-TEXTURE,False,True,RPT-F07,True,3,repo://artifacts/baseline_v2/audit/p9/spatial.json,VERIFIED,mixed_cem,False,,P9,PRIVATE_SOURCE_PUBLIC_AGGREGATE,Main report,gradcam_model_fold_target,Raw FP32 Grad-CAM and occlusion inventory,RPT-T13,True,RESULT_ALREADY_EXISTS
SEC-RESULTS-WHERE,RES-P9-GRADCAM-MIXED_CEM-FOLD4-MALIGNANCY,False,True,RPT-F07,True,4,repo://artifacts/baseline_v2/audit/p9/spatial.json,VERIFIED,mixed_cem,False,,P9,PRIVATE_SOURCE_PUBLIC_AGGREGATE,Main report,gradcam_model_fold_target,Raw FP32 Grad-CAM and occlusion inventory,RPT-T13,True,RESULT_ALREADY_EXISTS
SEC-RESULTS-WHERE,RES-P9-GRADCAM-MIXED_CEM-FOLD4-SUBTLETY,False,True,RPT-F07,True,4,repo://artifacts/baseline_v2/audit/p9/spatial.json,VERIFIED,mixed_cem,False,,P9,PRIVATE_SOURCE_PUBLIC_AGGREGATE,Main report,gradcam_model_fold_target,Raw FP32 Grad-CAM and occlusion inventory,RPT-T13,True,RESULT_ALREADY_EXISTS
SEC-RESULTS-WHERE,RES-P9-GRADCAM-MIXED_CEM-FOLD4-INTERNALSTRUCTURE,False,True,RPT-F07,True,4,repo://artifacts/baseline_v2/audit/p9/spatial.json,VERIFIED,mixed_cem,False,,P9,PRIVATE_SOURCE_PUBLIC_AGGREGATE,Main report,gradcam_model_fold_target,Raw FP32 Grad-CAM and occlusion inventory,RPT-T13,True,RESULT_ALREADY_EXISTS
SEC-RESULTS-WHERE,RES-P9-GRADCAM-MIXED_CEM-FOLD4-CALCIFICATION,False,True,RPT-F07,True,4,repo://artifacts/baseline_v2/audit/p9/spatial.json,VERIFIED,mixed_cem,False,,P9,PRIVATE_SOURCE_PUBLIC_AGGREGATE,Main report,gradcam_model_fold_target,Raw FP32 Grad-CAM and occlusion inventory,RPT-T13,True,RESULT_ALREADY_EXISTS
SEC-RESULTS-WHERE,RES-P9-GRADCAM-MIXED_CEM-FOLD4-SPHERICITY,False,True,RPT-F07,True,4,repo://artifacts/baseline_v2/audit/p9/spatial.json,VERIFIED,mixed_cem,False,,P9,PRIVATE_SOURCE_PUBLIC_AGGREGATE,Main report,gradcam_model_fold_target,Raw FP32 Grad-CAM and occlusion inventory,RPT-T13,True,RESULT_ALREADY_EXISTS
SEC-RESULTS-WHERE,RES-P9-GRADCAM-MIXED_CEM-FOLD4-MARGIN,False,True,RPT-F07,True,4,repo://artifacts/baseline_v2/audit/p9/spatial.json,VERIFIED,mixed_cem,False,,P9,PRIVATE_SOURCE_PUBLIC_AGGREGATE,Main report,gradcam_model_fold_target,Raw FP32 Grad-CAM and occlusion inventory,RPT-T13,True,RESULT_ALREADY_EXISTS
SEC-RESULTS-WHERE,RES-P9-GRADCAM-MIXED_CEM-FOLD4-LOBULATION,False,True,RPT-F07,True,4,repo://artifacts/baseline_v2/audit/p9/spatial.json,VERIFIED,mixed_cem,False,,P9,PRIVATE_SOURCE_PUBLIC_AGGREGATE,Main report,gradcam_model_fold_target,Raw FP32 Grad-CAM and occlusion inventory,RPT-T13,True,RESULT_ALREADY_EXISTS
SEC-RESULTS-WHERE,RES-P9-GRADCAM-MIXED_CEM-FOLD4-SPICULATION,False,True,RPT-F07,True,4,repo://artifacts/baseline_v2/audit/p9/spatial.json,VERIFIED,mixed_cem,False,,P9,PRIVATE_SOURCE_PUBLIC_AGGREGATE,Main report,gradcam_model_fold_target,Raw FP32 Grad-CAM and occlusion inventory,RPT-T13,True,RESULT_ALREADY_EXISTS
SEC-RESULTS-WHERE,RES-P9-GRADCAM-MIXED_CEM-FOLD4-TEXTURE,False,True,RPT-F07,True,4,repo://artifacts/baseline_v2/audit/p9/spatial.json,VERIFIED,mixed_cem,False,,P9,PRIVATE_SOURCE_PUBLIC_AGGREGATE,Main report,gradcam_model_fold_target,Raw FP32 Grad-CAM and occlusion inventory,RPT-T13,True,RESULT_ALREADY_EXISTS
SEC-RESULTS-WHERE,RES-P9-GRADCAM-MIXED_CEM-POOLED-MALIGNANCY,False,True,RPT-F07,True,ALL/NA,repo://artifacts/baseline_v2/audit/p9/spatial.json,VERIFIED,mixed_cem,False,,P9,PUBLIC_DEIDENTIFIED,Main report,gradcam_model_target_pooled,Pooled Grad-CAM accounting,RPT-T13,True,RESULT_ALREADY_EXISTS
SEC-RESULTS-WHERE,RES-P9-GRADCAM-MIXED_CEM-POOLED-SUBTLETY,False,True,RPT-F07,True,ALL/NA,repo://artifacts/baseline_v2/audit/p9/spatial.json,VERIFIED,mixed_cem,False,,P9,PUBLIC_DEIDENTIFIED,Main report,gradcam_model_target_pooled,Pooled Grad-CAM accounting,RPT-T13,True,RESULT_ALREADY_EXISTS
SEC-RESULTS-WHERE,RES-P9-GRADCAM-MIXED_CEM-POOLED-INTERNALSTRUCTURE,False,True,RPT-F07,True,ALL/NA,repo://artifacts/baseline_v2/audit/p9/spatial.json,VERIFIED,mixed_cem,False,,P9,PUBLIC_DEIDENTIFIED,Main report,gradcam_model_target_pooled,Pooled Grad-CAM accounting,RPT-T13,True,RESULT_ALREADY_EXISTS
SEC-RESULTS-WHERE,RES-P9-GRADCAM-MIXED_CEM-POOLED-CALCIFICATION,False,True,RPT-F07,True,ALL/NA,repo://artifacts/baseline_v2/audit/p9/spatial.json,VERIFIED,mixed_cem,False,,P9,PUBLIC_DEIDENTIFIED,Main report,gradcam_model_target_pooled,Pooled Grad-CAM accounting,RPT-T13,True,RESULT_ALREADY_EXISTS
SEC-RESULTS-WHERE,RES-P9-GRADCAM-MIXED_CEM-POOLED-SPHERICITY,False,True,RPT-F07,True,ALL/NA,repo://artifacts/baseline_v2/audit/p9/spatial.json,VERIFIED,mixed_cem,False,,P9,PUBLIC_DEIDENTIFIED,Main report,gradcam_model_target_pooled,Pooled Grad-CAM accounting,RPT-T13,True,RESULT_ALREADY_EXISTS
SEC-RESULTS-WHERE,RES-P9-GRADCAM-MIXED_CEM-POOLED-MARGIN,False,True,RPT-F07,True,ALL/NA,repo://artifacts/baseline_v2/audit/p9/spatial.json,VERIFIED,mixed_cem,False,,P9,PUBLIC_DEIDENTIFIED,Main report,gradcam_model_target_pooled,Pooled Grad-CAM accounting,RPT-T13,True,RESULT_ALREADY_EXISTS
SEC-RESULTS-WHERE,RES-P9-GRADCAM-MIXED_CEM-POOLED-LOBULATION,False,True,RPT-F07,True,ALL/NA,repo://artifacts/baseline_v2/audit/p9/spatial.json,VERIFIED,mixed_cem,False,,P9,PUBLIC_DEIDENTIFIED,Main report,gradcam_model_target_pooled,Pooled Grad-CAM accounting,RPT-T13,True,RESULT_ALREADY_EXISTS
SEC-RESULTS-WHERE,RES-P9-GRADCAM-MIXED_CEM-POOLED-SPICULATION,False,True,RPT-F07,True,ALL/NA,repo://artifacts/baseline_v2/audit/p9/spatial.json,VERIFIED,mixed_cem,False,,P9,PUBLIC_DEIDENTIFIED,Main report,gradcam_model_target_pooled,Pooled Grad-CAM accounting,RPT-T13,True,RESULT_ALREADY_EXISTS
SEC-RESULTS-WHERE,RES-P9-GRADCAM-MIXED_CEM-POOLED-TEXTURE,False,True,RPT-F07,True,ALL/NA,repo://artifacts/baseline_v2/audit/p9/spatial.json,VERIFIED,mixed_cem,False,,P9,PUBLIC_DEIDENTIFIED,Main report,gradcam_model_target_pooled,Pooled Grad-CAM accounting,RPT-T13,True,RESULT_ALREADY_EXISTS
SEC-RESULTS-WHERE,RES-P9-GRADCAM-LEARNED_SOFTMAX_GAM-FOLD0-MALIGNANCY,False,True,RPT-F07,True,0,repo://artifacts/baseline_v2/audit/p9/spatial.json,VERIFIED,learned_softmax_gam,False,,P9,PRIVATE_SOURCE_PUBLIC_AGGREGATE,Main report,gradcam_model_fold_target,Raw FP32 Grad-CAM and occlusion inventory,RPT-T13,True,RESULT_ALREADY_EXISTS
SEC-RESULTS-WHERE,RES-P9-GRADCAM-LEARNED_SOFTMAX_GAM-FOLD0-SUBTLETY,False,True,RPT-F07,True,0,repo://artifacts/baseline_v2/audit/p9/spatial.json,VERIFIED,learned_softmax_gam,False,,P9,PRIVATE_SOURCE_PUBLIC_AGGREGATE,Main report,gradcam_model_fold_target,Raw FP32 Grad-CAM and occlusion inventory,RPT-T13,True,RESULT_ALREADY_EXISTS
SEC-RESULTS-WHERE,RES-P9-GRADCAM-LEARNED_SOFTMAX_GAM-FOLD0-INTERNALSTRUCTURE,False,True,RPT-F07,True,0,repo://artifacts/baseline_v2/audit/p9/spatial.json,VERIFIED,learned_softmax_gam,False,,P9,PRIVATE_SOURCE_PUBLIC_AGGREGATE,Main report,gradcam_model_fold_target,Raw FP32 Grad-CAM and occlusion inventory,RPT-T13,True,RESULT_ALREADY_EXISTS
SEC-RESULTS-WHERE,RES-P9-GRADCAM-LEARNED_SOFTMAX_GAM-FOLD0-CALCIFICATION,False,True,RPT-F07,True,0,repo://artifacts/baseline_v2/audit/p9/spatial.json,VERIFIED,learned_softmax_gam,False,,P9,PRIVATE_SOURCE_PUBLIC_AGGREGATE,Main report,gradcam_model_fold_target,Raw FP32 Grad-CAM and occlusion inventory,RPT-T13,True,RESULT_ALREADY_EXISTS
SEC-RESULTS-WHERE,RES-P9-GRADCAM-LEARNED_SOFTMAX_GAM-FOLD0-SPHERICITY,False,True,RPT-F07,True,0,repo://artifacts/baseline_v2/audit/p9/spatial.json,VERIFIED,learned_softmax_gam,False,,P9,PRIVATE_SOURCE_PUBLIC_AGGREGATE,Main report,gradcam_model_fold_target,Raw FP32 Grad-CAM and occlusion inventory,RPT-T13,True,RESULT_ALREADY_EXISTS
SEC-RESULTS-WHERE,RES-P9-GRADCAM-LEARNED_SOFTMAX_GAM-FOLD0-MARGIN,False,True,RPT-F07,True,0,repo://artifacts/baseline_v2/audit/p9/spatial.json,VERIFIED,learned_softmax_gam,False,,P9,PRIVATE_SOURCE_PUBLIC_AGGREGATE,Main report,gradcam_model_fold_target,Raw FP32 Grad-CAM and occlusion inventory,RPT-T13,True,RESULT_ALREADY_EXISTS
SEC-RESULTS-WHERE,RES-P9-GRADCAM-LEARNED_SOFTMAX_GAM-FOLD0-LOBULATION,False,True,RPT-F07,True,0,repo://artifacts/baseline_v2/audit/p9/spatial.json,VERIFIED,learned_softmax_gam,False,,P9,PRIVATE_SOURCE_PUBLIC_AGGREGATE,Main report,gradcam_model_fold_target,Raw FP32 Grad-CAM and occlusion inventory,RPT-T13,True,RESULT_ALREADY_EXISTS
SEC-RESULTS-WHERE,RES-P9-GRADCAM-LEARNED_SOFTMAX_GAM-FOLD0-SPICULATION,False,True,RPT-F07,True,0,repo://artifacts/baseline_v2/audit/p9/spatial.json,VERIFIED,learned_softmax_gam,False,,P9,PRIVATE_SOURCE_PUBLIC_AGGREGATE,Main report,gradcam_model_fold_target,Raw FP32 Grad-CAM and occlusion inventory,RPT-T13,True,RESULT_ALREADY_EXISTS
SEC-RESULTS-WHERE,RES-P9-GRADCAM-LEARNED_SOFTMAX_GAM-FOLD0-TEXTURE,False,True,RPT-F07,True,0,repo://artifacts/baseline_v2/audit/p9/spatial.json,VERIFIED,learned_softmax_gam,False,,P9,PRIVATE_SOURCE_PUBLIC_AGGREGATE,Main report,gradcam_model_fold_target,Raw FP32 Grad-CAM and occlusion inventory,RPT-T13,True,RESULT_ALREADY_EXISTS
SEC-RESULTS-WHERE,RES-P9-GRADCAM-LEARNED_SOFTMAX_GAM-FOLD1-MALIGNANCY,False,True,RPT-F07,True,1,repo://artifacts/baseline_v2/audit/p9/spatial.json,VERIFIED,learned_softmax_gam,False,,P9,PRIVATE_SOURCE_PUBLIC_AGGREGATE,Main report,gradcam_model_fold_target,Raw FP32 Grad-CAM and occlusion inventory,RPT-T13,True,RESULT_ALREADY_EXISTS
SEC-RESULTS-WHERE,RES-P9-GRADCAM-LEARNED_SOFTMAX_GAM-FOLD1-SUBTLETY,False,True,RPT-F07,True,1,repo://artifacts/baseline_v2/audit/p9/spatial.json,VERIFIED,learned_softmax_gam,False,,P9,PRIVATE_SOURCE_PUBLIC_AGGREGATE,Main report,gradcam_model_fold_target,Raw FP32 Grad-CAM and occlusion inventory,RPT-T13,True,RESULT_ALREADY_EXISTS
SEC-RESULTS-WHERE,RES-P9-GRADCAM-LEARNED_SOFTMAX_GAM-FOLD1-INTERNALSTRUCTURE,False,True,RPT-F07,True,1,repo://artifacts/baseline_v2/audit/p9/spatial.json,VERIFIED,learned_softmax_gam,False,,P9,PRIVATE_SOURCE_PUBLIC_AGGREGATE,Main report,gradcam_model_fold_target,Raw FP32 Grad-CAM and occlusion inventory,RPT-T13,True,RESULT_ALREADY_EXISTS
SEC-RESULTS-WHERE,RES-P9-GRADCAM-LEARNED_SOFTMAX_GAM-FOLD1-CALCIFICATION,False,True,RPT-F07,True,1,repo://artifacts/baseline_v2/audit/p9/spatial.json,VERIFIED,learned_softmax_gam,False,,P9,PRIVATE_SOURCE_PUBLIC_AGGREGATE,Main report,gradcam_model_fold_target,Raw FP32 Grad-CAM and occlusion inventory,RPT-T13,True,RESULT_ALREADY_EXISTS
SEC-RESULTS-WHERE,RES-P9-GRADCAM-LEARNED_SOFTMAX_GAM-FOLD1-SPHERICITY,False,True,RPT-F07,True,1,repo://artifacts/baseline_v2/audit/p9/spatial.json,VERIFIED,learned_softmax_gam,False,,P9,PRIVATE_SOURCE_PUBLIC_AGGREGATE,Main report,gradcam_model_fold_target,Raw FP32 Grad-CAM and occlusion inventory,RPT-T13,True,RESULT_ALREADY_EXISTS
SEC-RESULTS-WHERE,RES-P9-GRADCAM-LEARNED_SOFTMAX_GAM-FOLD1-MARGIN,False,True,RPT-F07,True,1,repo://artifacts/baseline_v2/audit/p9/spatial.json,VERIFIED,learned_softmax_gam,False,,P9,PRIVATE_SOURCE_PUBLIC_AGGREGATE,Main report,gradcam_model_fold_target,Raw FP32 Grad-CAM and occlusion inventory,RPT-T13,True,RESULT_ALREADY_EXISTS
SEC-RESULTS-WHERE,RES-P9-GRADCAM-LEARNED_SOFTMAX_GAM-FOLD1-LOBULATION,False,True,RPT-F07,True,1,repo://artifacts/baseline_v2/audit/p9/spatial.json,VERIFIED,learned_softmax_gam,False,,P9,PRIVATE_SOURCE_PUBLIC_AGGREGATE,Main report,gradcam_model_fold_target,Raw FP32 Grad-CAM and occlusion inventory,RPT-T13,True,RESULT_ALREADY_EXISTS
SEC-RESULTS-WHERE,RES-P9-GRADCAM-LEARNED_SOFTMAX_GAM-FOLD1-SPICULATION,False,True,RPT-F07,True,1,repo://artifacts/baseline_v2/audit/p9/spatial.json,VERIFIED,learned_softmax_gam,False,,P9,PRIVATE_SOURCE_PUBLIC_AGGREGATE,Main report,gradcam_model_fold_target,Raw FP32 Grad-CAM and occlusion inventory,RPT-T13,True,RESULT_ALREADY_EXISTS
SEC-RESULTS-WHERE,RES-P9-GRADCAM-LEARNED_SOFTMAX_GAM-FOLD1-TEXTURE,False,True,RPT-F07,True,1,repo://artifacts/baseline_v2/audit/p9/spatial.json,VERIFIED,learned_softmax_gam,False,,P9,PRIVATE_SOURCE_PUBLIC_AGGREGATE,Main report,gradcam_model_fold_target,Raw FP32 Grad-CAM and occlusion inventory,RPT-T13,True,RESULT_ALREADY_EXISTS
SEC-RESULTS-WHERE,RES-P9-GRADCAM-LEARNED_SOFTMAX_GAM-FOLD2-MALIGNANCY,False,True,RPT-F07,True,2,repo://artifacts/baseline_v2/audit/p9/spatial.json,VERIFIED,learned_softmax_gam,False,,P9,PRIVATE_SOURCE_PUBLIC_AGGREGATE,Main report,gradcam_model_fold_target,Raw FP32 Grad-CAM and occlusion inventory,RPT-T13,True,RESULT_ALREADY_EXISTS
SEC-RESULTS-WHERE,RES-P9-GRADCAM-LEARNED_SOFTMAX_GAM-FOLD2-SUBTLETY,False,True,RPT-F07,True,2,repo://artifacts/baseline_v2/audit/p9/spatial.json,VERIFIED,learned_softmax_gam,False,,P9,PRIVATE_SOURCE_PUBLIC_AGGREGATE,Main report,gradcam_model_fold_target,Raw FP32 Grad-CAM and occlusion inventory,RPT-T13,True,RESULT_ALREADY_EXISTS
SEC-RESULTS-WHERE,RES-P9-GRADCAM-LEARNED_SOFTMAX_GAM-FOLD2-INTERNALSTRUCTURE,False,True,RPT-F07,True,2,repo://artifacts/baseline_v2/audit/p9/spatial.json,VERIFIED,learned_softmax_gam,False,,P9,PRIVATE_SOURCE_PUBLIC_AGGREGATE,Main report,gradcam_model_fold_target,Raw FP32 Grad-CAM and occlusion inventory,RPT-T13,True,RESULT_ALREADY_EXISTS
SEC-RESULTS-WHERE,RES-P9-GRADCAM-LEARNED_SOFTMAX_GAM-FOLD2-CALCIFICATION,False,True,RPT-F07,True,2,repo://artifacts/baseline_v2/audit/p9/spatial.json,VERIFIED,learned_softmax_gam,False,,P9,PRIVATE_SOURCE_PUBLIC_AGGREGATE,Main report,gradcam_model_fold_target,Raw FP32 Grad-CAM and occlusion inventory,RPT-T13,True,RESULT_ALREADY_EXISTS
SEC-RESULTS-WHERE,RES-P9-GRADCAM-LEARNED_SOFTMAX_GAM-FOLD2-SPHERICITY,False,True,RPT-F07,True,2,repo://artifacts/baseline_v2/audit/p9/spatial.json,VERIFIED,learned_softmax_gam,False,,P9,PRIVATE_SOURCE_PUBLIC_AGGREGATE,Main report,gradcam_model_fold_target,Raw FP32 Grad-CAM and occlusion inventory,RPT-T13,True,RESULT_ALREADY_EXISTS
SEC-RESULTS-WHERE,RES-P9-GRADCAM-LEARNED_SOFTMAX_GAM-FOLD2-MARGIN,False,True,RPT-F07,True,2,repo://artifacts/baseline_v2/audit/p9/spatial.json,VERIFIED,learned_softmax_gam,False,,P9,PRIVATE_SOURCE_PUBLIC_AGGREGATE,Main report,gradcam_model_fold_target,Raw FP32 Grad-CAM and occlusion inventory,RPT-T13,True,RESULT_ALREADY_EXISTS
SEC-RESULTS-WHERE,RES-P9-GRADCAM-LEARNED_SOFTMAX_GAM-FOLD2-LOBULATION,False,True,RPT-F07,True,2,repo://artifacts/baseline_v2/audit/p9/spatial.json,VERIFIED,learned_softmax_gam,False,,P9,PRIVATE_SOURCE_PUBLIC_AGGREGATE,Main report,gradcam_model_fold_target,Raw FP32 Grad-CAM and occlusion inventory,RPT-T13,True,RESULT_ALREADY_EXISTS
SEC-RESULTS-WHERE,RES-P9-GRADCAM-LEARNED_SOFTMAX_GAM-FOLD2-SPICULATION,False,True,RPT-F07,True,2,repo://artifacts/baseline_v2/audit/p9/spatial.json,VERIFIED,learned_softmax_gam,False,,P9,PRIVATE_SOURCE_PUBLIC_AGGREGATE,Main report,gradcam_model_fold_target,Raw FP32 Grad-CAM and occlusion inventory,RPT-T13,True,RESULT_ALREADY_EXISTS
SEC-RESULTS-WHERE,RES-P9-GRADCAM-LEARNED_SOFTMAX_GAM-FOLD2-TEXTURE,False,True,RPT-F07,True,2,repo://artifacts/baseline_v2/audit/p9/spatial.json,VERIFIED,learned_softmax_gam,False,,P9,PRIVATE_SOURCE_PUBLIC_AGGREGATE,Main report,gradcam_model_fold_target,Raw FP32 Grad-CAM and occlusion inventory,RPT-T13,True,RESULT_ALREADY_EXISTS
SEC-RESULTS-WHERE,RES-P9-GRADCAM-LEARNED_SOFTMAX_GAM-FOLD3-MALIGNANCY,False,True,RPT-F07,True,3,repo://artifacts/baseline_v2/audit/p9/spatial.json,VERIFIED,learned_softmax_gam,False,,P9,PRIVATE_SOURCE_PUBLIC_AGGREGATE,Main report,gradcam_model_fold_target,Raw FP32 Grad-CAM and occlusion inventory,RPT-T13,True,RESULT_ALREADY_EXISTS
SEC-RESULTS-WHERE,RES-P9-GRADCAM-LEARNED_SOFTMAX_GAM-FOLD3-SUBTLETY,False,True,RPT-F07,True,3,repo://artifacts/baseline_v2/audit/p9/spatial.json,VERIFIED,learned_softmax_gam,False,,P9,PRIVATE_SOURCE_PUBLIC_AGGREGATE,Main report,gradcam_model_fold_target,Raw FP32 Grad-CAM and occlusion inventory,RPT-T13,True,RESULT_ALREADY_EXISTS
SEC-RESULTS-WHERE,RES-P9-GRADCAM-LEARNED_SOFTMAX_GAM-FOLD3-INTERNALSTRUCTURE,False,True,RPT-F07,True,3,repo://artifacts/baseline_v2/audit/p9/spatial.json,VERIFIED,learned_softmax_gam,False,,P9,PRIVATE_SOURCE_PUBLIC_AGGREGATE,Main report,gradcam_model_fold_target,Raw FP32 Grad-CAM and occlusion inventory,RPT-T13,True,RESULT_ALREADY_EXISTS
SEC-RESULTS-WHERE,RES-P9-GRADCAM-LEARNED_SOFTMAX_GAM-FOLD3-CALCIFICATION,False,True,RPT-F07,True,3,repo://artifacts/baseline_v2/audit/p9/spatial.json,VERIFIED,learned_softmax_gam,False,,P9,PRIVATE_SOURCE_PUBLIC_AGGREGATE,Main report,gradcam_model_fold_target,Raw FP32 Grad-CAM and occlusion inventory,RPT-T13,True,RESULT_ALREADY_EXISTS
SEC-RESULTS-WHERE,RES-P9-GRADCAM-LEARNED_SOFTMAX_GAM-FOLD3-SPHERICITY,False,True,RPT-F07,True,3,repo://artifacts/baseline_v2/audit/p9/spatial.json,VERIFIED,learned_softmax_gam,False,,P9,PRIVATE_SOURCE_PUBLIC_AGGREGATE,Main report,gradcam_model_fold_target,Raw FP32 Grad-CAM and occlusion inventory,RPT-T13,True,RESULT_ALREADY_EXISTS
SEC-RESULTS-WHERE,RES-P9-GRADCAM-LEARNED_SOFTMAX_GAM-FOLD3-MARGIN,False,True,RPT-F07,True,3,repo://artifacts/baseline_v2/audit/p9/spatial.json,VERIFIED,learned_softmax_gam,False,,P9,PRIVATE_SOURCE_PUBLIC_AGGREGATE,Main report,gradcam_model_fold_target,Raw FP32 Grad-CAM and occlusion inventory,RPT-T13,True,RESULT_ALREADY_EXISTS
SEC-RESULTS-WHERE,RES-P9-GRADCAM-LEARNED_SOFTMAX_GAM-FOLD3-LOBULATION,False,True,RPT-F07,True,3,repo://artifacts/baseline_v2/audit/p9/spatial.json,VERIFIED,learned_softmax_gam,False,,P9,PRIVATE_SOURCE_PUBLIC_AGGREGATE,Main report,gradcam_model_fold_target,Raw FP32 Grad-CAM and occlusion inventory,RPT-T13,True,RESULT_ALREADY_EXISTS
SEC-RESULTS-WHERE,RES-P9-GRADCAM-LEARNED_SOFTMAX_GAM-FOLD3-SPICULATION,False,True,RPT-F07,True,3,repo://artifacts/baseline_v2/audit/p9/spatial.json,VERIFIED,learned_softmax_gam,False,,P9,PRIVATE_SOURCE_PUBLIC_AGGREGATE,Main report,gradcam_model_fold_target,Raw FP32 Grad-CAM and occlusion inventory,RPT-T13,True,RESULT_ALREADY_EXISTS
SEC-RESULTS-WHERE,RES-P9-GRADCAM-LEARNED_SOFTMAX_GAM-FOLD3-TEXTURE,False,True,RPT-F07,True,3,repo://artifacts/baseline_v2/audit/p9/spatial.json,VERIFIED,learned_softmax_gam,False,,P9,PRIVATE_SOURCE_PUBLIC_AGGREGATE,Main report,gradcam_model_fold_target,Raw FP32 Grad-CAM and occlusion inventory,RPT-T13,True,RESULT_ALREADY_EXISTS
SEC-RESULTS-WHERE,RES-P9-GRADCAM-LEARNED_SOFTMAX_GAM-FOLD4-MALIGNANCY,False,True,RPT-F07,True,4,repo://artifacts/baseline_v2/audit/p9/spatial.json,VERIFIED,learned_softmax_gam,False,,P9,PRIVATE_SOURCE_PUBLIC_AGGREGATE,Main report,gradcam_model_fold_target,Raw FP32 Grad-CAM and occlusion inventory,RPT-T13,True,RESULT_ALREADY_EXISTS
SEC-RESULTS-WHERE,RES-P9-GRADCAM-LEARNED_SOFTMAX_GAM-FOLD4-SUBTLETY,False,True,RPT-F07,True,4,repo://artifacts/baseline_v2/audit/p9/spatial.json,VERIFIED,learned_softmax_gam,False,,P9,PRIVATE_SOURCE_PUBLIC_AGGREGATE,Main report,gradcam_model_fold_target,Raw FP32 Grad-CAM and occlusion inventory,RPT-T13,True,RESULT_ALREADY_EXISTS
SEC-RESULTS-WHERE,RES-P9-GRADCAM-LEARNED_SOFTMAX_GAM-FOLD4-INTERNALSTRUCTURE,False,True,RPT-F07,True,4,repo://artifacts/baseline_v2/audit/p9/spatial.json,VERIFIED,learned_softmax_gam,False,,P9,PRIVATE_SOURCE_PUBLIC_AGGREGATE,Main report,gradcam_model_fold_target,Raw FP32 Grad-CAM and occlusion inventory,RPT-T13,True,RESULT_ALREADY_EXISTS
SEC-RESULTS-WHERE,RES-P9-GRADCAM-LEARNED_SOFTMAX_GAM-FOLD4-CALCIFICATION,False,True,RPT-F07,True,4,repo://artifacts/baseline_v2/audit/p9/spatial.json,VERIFIED,learned_softmax_gam,False,,P9,PRIVATE_SOURCE_PUBLIC_AGGREGATE,Main report,gradcam_model_fold_target,Raw FP32 Grad-CAM and occlusion inventory,RPT-T13,True,RESULT_ALREADY_EXISTS
SEC-RESULTS-WHERE,RES-P9-GRADCAM-LEARNED_SOFTMAX_GAM-FOLD4-SPHERICITY,False,True,RPT-F07,True,4,repo://artifacts/baseline_v2/audit/p9/spatial.json,VERIFIED,learned_softmax_gam,False,,P9,PRIVATE_SOURCE_PUBLIC_AGGREGATE,Main report,gradcam_model_fold_target,Raw FP32 Grad-CAM and occlusion inventory,RPT-T13,True,RESULT_ALREADY_EXISTS
SEC-RESULTS-WHERE,RES-P9-GRADCAM-LEARNED_SOFTMAX_GAM-FOLD4-MARGIN,False,True,RPT-F07,True,4,repo://artifacts/baseline_v2/audit/p9/spatial.json,VERIFIED,learned_softmax_gam,False,,P9,PRIVATE_SOURCE_PUBLIC_AGGREGATE,Main report,gradcam_model_fold_target,Raw FP32 Grad-CAM and occlusion inventory,RPT-T13,True,RESULT_ALREADY_EXISTS
SEC-RESULTS-WHERE,RES-P9-GRADCAM-LEARNED_SOFTMAX_GAM-FOLD4-LOBULATION,False,True,RPT-F07,True,4,repo://artifacts/baseline_v2/audit/p9/spatial.json,VERIFIED,learned_softmax_gam,False,,P9,PRIVATE_SOURCE_PUBLIC_AGGREGATE,Main report,gradcam_model_fold_target,Raw FP32 Grad-CAM and occlusion inventory,RPT-T13,True,RESULT_ALREADY_EXISTS
SEC-RESULTS-WHERE,RES-P9-GRADCAM-LEARNED_SOFTMAX_GAM-FOLD4-SPICULATION,False,True,RPT-F07,True,4,repo://artifacts/baseline_v2/audit/p9/spatial.json,VERIFIED,learned_softmax_gam,False,,P9,PRIVATE_SOURCE_PUBLIC_AGGREGATE,Main report,gradcam_model_fold_target,Raw FP32 Grad-CAM and occlusion inventory,RPT-T13,True,RESULT_ALREADY_EXISTS
SEC-RESULTS-WHERE,RES-P9-GRADCAM-LEARNED_SOFTMAX_GAM-FOLD4-TEXTURE,False,True,RPT-F07,True,4,repo://artifacts/baseline_v2/audit/p9/spatial.json,VERIFIED,learned_softmax_gam,False,,P9,PRIVATE_SOURCE_PUBLIC_AGGREGATE,Main report,gradcam_model_fold_target,Raw FP32 Grad-CAM and occlusion inventory,RPT-T13,True,RESULT_ALREADY_EXISTS
SEC-RESULTS-WHERE,RES-P9-GRADCAM-LEARNED_SOFTMAX_GAM-POOLED-MALIGNANCY,False,True,RPT-F07,True,ALL/NA,repo://artifacts/baseline_v2/audit/p9/spatial.json,VERIFIED,learned_softmax_gam,False,,P9,PUBLIC_DEIDENTIFIED,Main report,gradcam_model_target_pooled,Pooled Grad-CAM accounting,RPT-T13,True,RESULT_ALREADY_EXISTS
SEC-RESULTS-WHERE,RES-P9-GRADCAM-LEARNED_SOFTMAX_GAM-POOLED-SUBTLETY,False,True,RPT-F07,True,ALL/NA,repo://artifacts/baseline_v2/audit/p9/spatial.json,VERIFIED,learned_softmax_gam,False,,P9,PUBLIC_DEIDENTIFIED,Main report,gradcam_model_target_pooled,Pooled Grad-CAM accounting,RPT-T13,True,RESULT_ALREADY_EXISTS
SEC-RESULTS-WHERE,RES-P9-GRADCAM-LEARNED_SOFTMAX_GAM-POOLED-INTERNALSTRUCTURE,False,True,RPT-F07,True,ALL/NA,repo://artifacts/baseline_v2/audit/p9/spatial.json,VERIFIED,learned_softmax_gam,False,,P9,PUBLIC_DEIDENTIFIED,Main report,gradcam_model_target_pooled,Pooled Grad-CAM accounting,RPT-T13,True,RESULT_ALREADY_EXISTS
SEC-RESULTS-WHERE,RES-P9-GRADCAM-LEARNED_SOFTMAX_GAM-POOLED-CALCIFICATION,False,True,RPT-F07,True,ALL/NA,repo://artifacts/baseline_v2/audit/p9/spatial.json,VERIFIED,learned_softmax_gam,False,,P9,PUBLIC_DEIDENTIFIED,Main report,gradcam_model_target_pooled,Pooled Grad-CAM accounting,RPT-T13,True,RESULT_ALREADY_EXISTS
SEC-RESULTS-WHERE,RES-P9-GRADCAM-LEARNED_SOFTMAX_GAM-POOLED-SPHERICITY,False,True,RPT-F07,True,ALL/NA,repo://artifacts/baseline_v2/audit/p9/spatial.json,VERIFIED,learned_softmax_gam,False,,P9,PUBLIC_DEIDENTIFIED,Main report,gradcam_model_target_pooled,Pooled Grad-CAM accounting,RPT-T13,True,RESULT_ALREADY_EXISTS
SEC-RESULTS-WHERE,RES-P9-GRADCAM-LEARNED_SOFTMAX_GAM-POOLED-MARGIN,False,True,RPT-F07,True,ALL/NA,repo://artifacts/baseline_v2/audit/p9/spatial.json,VERIFIED,learned_softmax_gam,False,,P9,PUBLIC_DEIDENTIFIED,Main report,gradcam_model_target_pooled,Pooled Grad-CAM accounting,RPT-T13,True,RESULT_ALREADY_EXISTS
SEC-RESULTS-WHERE,RES-P9-GRADCAM-LEARNED_SOFTMAX_GAM-POOLED-LOBULATION,False,True,RPT-F07,True,ALL/NA,repo://artifacts/baseline_v2/audit/p9/spatial.json,VERIFIED,learned_softmax_gam,False,,P9,PUBLIC_DEIDENTIFIED,Main report,gradcam_model_target_pooled,Pooled Grad-CAM accounting,RPT-T13,True,RESULT_ALREADY_EXISTS
SEC-RESULTS-WHERE,RES-P9-GRADCAM-LEARNED_SOFTMAX_GAM-POOLED-SPICULATION,False,True,RPT-F07,True,ALL/NA,repo://artifacts/baseline_v2/audit/p9/spatial.json,VERIFIED,learned_softmax_gam,False,,P9,PUBLIC_DEIDENTIFIED,Main report,gradcam_model_target_pooled,Pooled Grad-CAM accounting,RPT-T13,True,RESULT_ALREADY_EXISTS
SEC-RESULTS-WHERE,RES-P9-GRADCAM-LEARNED_SOFTMAX_GAM-POOLED-TEXTURE,False,True,RPT-F07,True,ALL/NA,repo://artifacts/baseline_v2/audit/p9/spatial.json,VERIFIED,learned_softmax_gam,False,,P9,PUBLIC_DEIDENTIFIED,Main report,gradcam_model_target_pooled,Pooled Grad-CAM accounting,RPT-T13,True,RESULT_ALREADY_EXISTS
SEC-RESULTS-WHERE,RES-P9-GRADCAM-GLOBAL-ACCOUNTING,False,True,RPT-F07,True,ALL/NA,repo://artifacts/baseline_v2/audit/p9/spatial.json,VERIFIED,ALL/NA,False,,P9,PUBLIC_DEIDENTIFIED,Main report,gradcam_global_accounting,Global Grad-CAM accounting identity,RPT-T13,True,RESULT_ALREADY_EXISTS
SEC-LIMITATIONS,RES-P9-UNDEFINED-RCA-BLACKBOX-MALIGNANCY,False,True,"RPT-F07, RPT-FA05",True,ALL/NA,repo://artifacts/baseline_v2/audit/p9/spatial.json,VERIFIED,blackbox,False,,P9,PUBLIC_DEIDENTIFIED,Main report,undefined_map_rca,Undefined Grad-CAM root-cause classification,RPT-T13,True,RESULT_ALREADY_EXISTS
SEC-LIMITATIONS,RES-P9-UNDEFINED-RCA-STANDARD_CBM-MALIGNANCY,False,True,"RPT-F07, RPT-FA05",True,ALL/NA,repo://artifacts/baseline_v2/audit/p9/spatial.json,VERIFIED,standard_cbm,False,,P9,PUBLIC_DEIDENTIFIED,Main report,undefined_map_rca,Undefined Grad-CAM root-cause classification,RPT-T13,True,RESULT_ALREADY_EXISTS
SEC-LIMITATIONS,RES-P9-UNDEFINED-RCA-STANDARD_CBM-SUBTLETY,False,True,"RPT-F07, RPT-FA05",True,ALL/NA,repo://artifacts/baseline_v2/audit/p9/spatial.json,VERIFIED,standard_cbm,False,,P9,PUBLIC_DEIDENTIFIED,Main report,undefined_map_rca,Undefined Grad-CAM root-cause classification,RPT-T13,True,RESULT_ALREADY_EXISTS
SEC-LIMITATIONS,RES-P9-UNDEFINED-RCA-STANDARD_CBM-INTERNALSTRUCTURE,False,True,"RPT-F07, RPT-FA05",True,ALL/NA,repo://artifacts/baseline_v2/audit/p9/spatial.json,VERIFIED,standard_cbm,False,,P9,PUBLIC_DEIDENTIFIED,Main report,undefined_map_rca,Undefined Grad-CAM root-cause classification,RPT-T13,True,RESULT_ALREADY_EXISTS
SEC-LIMITATIONS,RES-P9-UNDEFINED-RCA-STANDARD_CBM-CALCIFICATION,False,True,"RPT-F07, RPT-FA05",True,ALL/NA,repo://artifacts/baseline_v2/audit/p9/spatial.json,VERIFIED,standard_cbm,False,,P9,PUBLIC_DEIDENTIFIED,Main report,undefined_map_rca,Undefined Grad-CAM root-cause classification,RPT-T13,True,RESULT_ALREADY_EXISTS
SEC-LIMITATIONS,RES-P9-UNDEFINED-RCA-STANDARD_CBM-SPHERICITY,False,True,"RPT-F07, RPT-FA05",True,ALL/NA,repo://artifacts/baseline_v2/audit/p9/spatial.json,VERIFIED,standard_cbm,False,,P9,PUBLIC_DEIDENTIFIED,Main report,undefined_map_rca,Undefined Grad-CAM root-cause classification,RPT-T13,True,RESULT_ALREADY_EXISTS
SEC-LIMITATIONS,RES-P9-UNDEFINED-RCA-STANDARD_CBM-MARGIN,False,True,"RPT-F07, RPT-FA05",True,ALL/NA,repo://artifacts/baseline_v2/audit/p9/spatial.json,VERIFIED,standard_cbm,False,,P9,PUBLIC_DEIDENTIFIED,Main report,undefined_map_rca,Undefined Grad-CAM root-cause classification,RPT-T13,True,RESULT_ALREADY_EXISTS
SEC-LIMITATIONS,RES-P9-UNDEFINED-RCA-STANDARD_CBM-LOBULATION,False,True,"RPT-F07, RPT-FA05",True,ALL/NA,repo://artifacts/baseline_v2/audit/p9/spatial.json,VERIFIED,standard_cbm,False,,P9,PUBLIC_DEIDENTIFIED,Main report,undefined_map_rca,Undefined Grad-CAM root-cause classification,RPT-T13,True,RESULT_ALREADY_EXISTS
SEC-LIMITATIONS,RES-P9-UNDEFINED-RCA-STANDARD_CBM-SPICULATION,False,True,"RPT-F07, RPT-FA05",True,ALL/NA,repo://artifacts/baseline_v2/audit/p9/spatial.json,VERIFIED,standard_cbm,False,,P9,PUBLIC_DEIDENTIFIED,Main report,undefined_map_rca,Undefined Grad-CAM root-cause classification,RPT-T13,True,RESULT_ALREADY_EXISTS
SEC-LIMITATIONS,RES-P9-UNDEFINED-RCA-STANDARD_CBM-TEXTURE,False,True,"RPT-F07, RPT-FA05",True,ALL/NA,repo://artifacts/baseline_v2/audit/p9/spatial.json,VERIFIED,standard_cbm,False,,P9,PUBLIC_DEIDENTIFIED,Main report,undefined_map_rca,Undefined Grad-CAM root-cause classification,RPT-T13,True,RESULT_ALREADY_EXISTS
SEC-LIMITATIONS,RES-P9-UNDEFINED-RCA-MIXED_CEM-MALIGNANCY,False,True,"RPT-F07, RPT-FA05",True,ALL/NA,repo://artifacts/baseline_v2/audit/p9/spatial.json,VERIFIED,mixed_cem,False,,P9,PUBLIC_DEIDENTIFIED,Main report,undefined_map_rca,Undefined Grad-CAM root-cause classification,RPT-T13,True,RESULT_ALREADY_EXISTS
SEC-LIMITATIONS,RES-P9-UNDEFINED-RCA-MIXED_CEM-SUBTLETY,False,True,"RPT-F07, RPT-FA05",True,ALL/NA,repo://artifacts/baseline_v2/audit/p9/spatial.json,VERIFIED,mixed_cem,False,,P9,PUBLIC_DEIDENTIFIED,Main report,undefined_map_rca,Undefined Grad-CAM root-cause classification,RPT-T13,True,RESULT_ALREADY_EXISTS
SEC-LIMITATIONS,RES-P9-UNDEFINED-RCA-MIXED_CEM-INTERNALSTRUCTURE,False,True,"RPT-F07, RPT-FA05",True,ALL/NA,repo://artifacts/baseline_v2/audit/p9/spatial.json,VERIFIED,mixed_cem,False,,P9,PUBLIC_DEIDENTIFIED,Main report,undefined_map_rca,Undefined Grad-CAM root-cause classification,RPT-T13,True,RESULT_ALREADY_EXISTS
SEC-LIMITATIONS,RES-P9-UNDEFINED-RCA-MIXED_CEM-CALCIFICATION,False,True,"RPT-F07, RPT-FA05",True,ALL/NA,repo://artifacts/baseline_v2/audit/p9/spatial.json,VERIFIED,mixed_cem,False,,P9,PUBLIC_DEIDENTIFIED,Main report,undefined_map_rca,Undefined Grad-CAM root-cause classification,RPT-T13,True,RESULT_ALREADY_EXISTS
SEC-LIMITATIONS,RES-P9-UNDEFINED-RCA-MIXED_CEM-SPHERICITY,False,True,"RPT-F07, RPT-FA05",True,ALL/NA,repo://artifacts/baseline_v2/audit/p9/spatial.json,VERIFIED,mixed_cem,False,,P9,PUBLIC_DEIDENTIFIED,Main report,undefined_map_rca,Undefined Grad-CAM root-cause classification,RPT-T13,True,RESULT_ALREADY_EXISTS
SEC-LIMITATIONS,RES-P9-UNDEFINED-RCA-MIXED_CEM-MARGIN,False,True,"RPT-F07, RPT-FA05",True,ALL/NA,repo://artifacts/baseline_v2/audit/p9/spatial.json,VERIFIED,mixed_cem,False,,P9,PUBLIC_DEIDENTIFIED,Main report,undefined_map_rca,Undefined Grad-CAM root-cause classification,RPT-T13,True,RESULT_ALREADY_EXISTS
SEC-LIMITATIONS,RES-P9-UNDEFINED-RCA-MIXED_CEM-LOBULATION,False,True,"RPT-F07, RPT-FA05",True,ALL/NA,repo://artifacts/baseline_v2/audit/p9/spatial.json,VERIFIED,mixed_cem,False,,P9,PUBLIC_DEIDENTIFIED,Main report,undefined_map_rca,Undefined Grad-CAM root-cause classification,RPT-T13,True,RESULT_ALREADY_EXISTS
SEC-LIMITATIONS,RES-P9-UNDEFINED-RCA-MIXED_CEM-SPICULATION,False,True,"RPT-F07, RPT-FA05",True,ALL/NA,repo://artifacts/baseline_v2/audit/p9/spatial.json,VERIFIED,mixed_cem,False,,P9,PUBLIC_DEIDENTIFIED,Main report,undefined_map_rca,Undefined Grad-CAM root-cause classification,RPT-T13,True,RESULT_ALREADY_EXISTS
SEC-LIMITATIONS,RES-P9-UNDEFINED-RCA-MIXED_CEM-TEXTURE,False,True,"RPT-F07, RPT-FA05",True,ALL/NA,repo://artifacts/baseline_v2/audit/p9/spatial.json,VERIFIED,mixed_cem,False,,P9,PUBLIC_DEIDENTIFIED,Main report,undefined_map_rca,Undefined Grad-CAM root-cause classification,RPT-T13,True,RESULT_ALREADY_EXISTS
SEC-LIMITATIONS,RES-P9-UNDEFINED-RCA-LEARNED_SOFTMAX_GAM-MALIGNANCY,False,True,"RPT-F07, RPT-FA05",True,ALL/NA,repo://artifacts/baseline_v2/audit/p9/spatial.json,VERIFIED,learned_softmax_gam,False,,P9,PUBLIC_DEIDENTIFIED,Main report,undefined_map_rca,Undefined Grad-CAM root-cause classification,RPT-T13,True,RESULT_ALREADY_EXISTS
SEC-LIMITATIONS,RES-P9-UNDEFINED-RCA-LEARNED_SOFTMAX_GAM-SUBTLETY,False,True,"RPT-F07, RPT-FA05",True,ALL/NA,repo://artifacts/baseline_v2/audit/p9/spatial.json,VERIFIED,learned_softmax_gam,False,,P9,PUBLIC_DEIDENTIFIED,Main report,undefined_map_rca,Undefined Grad-CAM root-cause classification,RPT-T13,True,RESULT_ALREADY_EXISTS
SEC-LIMITATIONS,RES-P9-UNDEFINED-RCA-LEARNED_SOFTMAX_GAM-INTERNALSTRUCTURE,False,True,"RPT-F07, RPT-FA05",True,ALL/NA,repo://artifacts/baseline_v2/audit/p9/spatial.json,VERIFIED,learned_softmax_gam,False,,P9,PUBLIC_DEIDENTIFIED,Main report,undefined_map_rca,Undefined Grad-CAM root-cause classification,RPT-T13,True,RESULT_ALREADY_EXISTS
SEC-LIMITATIONS,RES-P9-UNDEFINED-RCA-LEARNED_SOFTMAX_GAM-CALCIFICATION,False,True,"RPT-F07, RPT-FA05",True,ALL/NA,repo://artifacts/baseline_v2/audit/p9/spatial.json,VERIFIED,learned_softmax_gam,False,,P9,PUBLIC_DEIDENTIFIED,Main report,undefined_map_rca,Undefined Grad-CAM root-cause classification,RPT-T13,True,RESULT_ALREADY_EXISTS
SEC-LIMITATIONS,RES-P9-UNDEFINED-RCA-LEARNED_SOFTMAX_GAM-SPHERICITY,False,True,"RPT-F07, RPT-FA05",True,ALL/NA,repo://artifacts/baseline_v2/audit/p9/spatial.json,VERIFIED,learned_softmax_gam,False,,P9,PUBLIC_DEIDENTIFIED,Main report,undefined_map_rca,Undefined Grad-CAM root-cause classification,RPT-T13,True,RESULT_ALREADY_EXISTS
SEC-LIMITATIONS,RES-P9-UNDEFINED-RCA-LEARNED_SOFTMAX_GAM-MARGIN,False,True,"RPT-F07, RPT-FA05",True,ALL/NA,repo://artifacts/baseline_v2/audit/p9/spatial.json,VERIFIED,learned_softmax_gam,False,,P9,PUBLIC_DEIDENTIFIED,Main report,undefined_map_rca,Undefined Grad-CAM root-cause classification,RPT-T13,True,RESULT_ALREADY_EXISTS
SEC-LIMITATIONS,RES-P9-UNDEFINED-RCA-LEARNED_SOFTMAX_GAM-LOBULATION,False,True,"RPT-F07, RPT-FA05",True,ALL/NA,repo://artifacts/baseline_v2/audit/p9/spatial.json,VERIFIED,learned_softmax_gam,False,,P9,PUBLIC_DEIDENTIFIED,Main report,undefined_map_rca,Undefined Grad-CAM root-cause classification,RPT-T13,True,RESULT_ALREADY_EXISTS
SEC-LIMITATIONS,RES-P9-UNDEFINED-RCA-LEARNED_SOFTMAX_GAM-SPICULATION,False,True,"RPT-F07, RPT-FA05",True,ALL/NA,repo://artifacts/baseline_v2/audit/p9/spatial.json,VERIFIED,learned_softmax_gam,False,,P9,PUBLIC_DEIDENTIFIED,Main report,undefined_map_rca,Undefined Grad-CAM root-cause classification,RPT-T13,True,RESULT_ALREADY_EXISTS
SEC-LIMITATIONS,RES-P9-UNDEFINED-RCA-LEARNED_SOFTMAX_GAM-TEXTURE,False,True,"RPT-F07, RPT-FA05",True,ALL/NA,repo://artifacts/baseline_v2/audit/p9/spatial.json,VERIFIED,learned_softmax_gam,False,,P9,PUBLIC_DEIDENTIFIED,Main report,undefined_map_rca,Undefined Grad-CAM root-cause classification,RPT-T13,True,RESULT_ALREADY_EXISTS
SEC-RESULTS-WHERE,RES-P9-FAITHFULNESS-BLACKBOX-MALIGNANCY,False,True,RPT-F08,True,ALL/NA,repo://artifacts/baseline_v2/audit/p9/spatial.json,VERIFIED,blackbox,False,,P9,PUBLIC_DEIDENTIFIED,Main report,spatial_faithfulness_model_target,Matched-random spatial faithfulness,RPT-T14,True,RESULT_ALREADY_EXISTS
SEC-RESULTS-WHERE,RES-P9-FAITHFULNESS-BLACKBOX-POOLED,False,True,RPT-F08,True,ALL/NA,repo://artifacts/baseline_v2/audit/p9/spatial.json,VERIFIED,blackbox,False,,P9,PUBLIC_DEIDENTIFIED,Main report,spatial_faithfulness_model_pooled,All-target pooled spatial faithfulness,RPT-T14,True,RESULT_ALREADY_EXISTS
SEC-RESULTS-WHERE,RES-P9-FAITHFULNESS-STANDARD_CBM-MALIGNANCY,False,True,RPT-F08,True,ALL/NA,repo://artifacts/baseline_v2/audit/p9/spatial.json,VERIFIED,standard_cbm,False,,P9,PUBLIC_DEIDENTIFIED,Main report,spatial_faithfulness_model_target,Matched-random spatial faithfulness,RPT-T14,True,RESULT_ALREADY_EXISTS
SEC-RESULTS-WHERE,RES-P9-FAITHFULNESS-STANDARD_CBM-SUBTLETY,False,True,RPT-F08,True,ALL/NA,repo://artifacts/baseline_v2/audit/p9/spatial.json,VERIFIED,standard_cbm,False,,P9,PUBLIC_DEIDENTIFIED,Main report,spatial_faithfulness_model_target,Matched-random spatial faithfulness,RPT-T14,True,RESULT_ALREADY_EXISTS
SEC-RESULTS-WHERE,RES-P9-FAITHFULNESS-STANDARD_CBM-INTERNALSTRUCTURE,False,True,RPT-F08,True,ALL/NA,repo://artifacts/baseline_v2/audit/p9/spatial.json,VERIFIED,standard_cbm,False,,P9,PUBLIC_DEIDENTIFIED,Main report,spatial_faithfulness_model_target,Matched-random spatial faithfulness,RPT-T14,True,RESULT_ALREADY_EXISTS
SEC-RESULTS-WHERE,RES-P9-FAITHFULNESS-STANDARD_CBM-CALCIFICATION,False,True,RPT-F08,True,ALL/NA,repo://artifacts/baseline_v2/audit/p9/spatial.json,VERIFIED,standard_cbm,False,,P9,PUBLIC_DEIDENTIFIED,Main report,spatial_faithfulness_model_target,Matched-random spatial faithfulness,RPT-T14,True,RESULT_ALREADY_EXISTS
SEC-RESULTS-WHERE,RES-P9-FAITHFULNESS-STANDARD_CBM-SPHERICITY,False,True,RPT-F08,True,ALL/NA,repo://artifacts/baseline_v2/audit/p9/spatial.json,VERIFIED,standard_cbm,False,,P9,PUBLIC_DEIDENTIFIED,Main report,spatial_faithfulness_model_target,Matched-random spatial faithfulness,RPT-T14,True,RESULT_ALREADY_EXISTS
SEC-RESULTS-WHERE,RES-P9-FAITHFULNESS-STANDARD_CBM-MARGIN,False,True,RPT-F08,True,ALL/NA,repo://artifacts/baseline_v2/audit/p9/spatial.json,VERIFIED,standard_cbm,False,,P9,PUBLIC_DEIDENTIFIED,Main report,spatial_faithfulness_model_target,Matched-random spatial faithfulness,RPT-T14,True,RESULT_ALREADY_EXISTS
SEC-RESULTS-WHERE,RES-P9-FAITHFULNESS-STANDARD_CBM-LOBULATION,False,True,RPT-F08,True,ALL/NA,repo://artifacts/baseline_v2/audit/p9/spatial.json,VERIFIED,standard_cbm,False,,P9,PUBLIC_DEIDENTIFIED,Main report,spatial_faithfulness_model_target,Matched-random spatial faithfulness,RPT-T14,True,RESULT_ALREADY_EXISTS
SEC-RESULTS-WHERE,RES-P9-FAITHFULNESS-STANDARD_CBM-SPICULATION,False,True,RPT-F08,True,ALL/NA,repo://artifacts/baseline_v2/audit/p9/spatial.json,VERIFIED,standard_cbm,False,,P9,PUBLIC_DEIDENTIFIED,Main report,spatial_faithfulness_model_target,Matched-random spatial faithfulness,RPT-T14,True,RESULT_ALREADY_EXISTS
SEC-RESULTS-WHERE,RES-P9-FAITHFULNESS-STANDARD_CBM-TEXTURE,False,True,RPT-F08,True,ALL/NA,repo://artifacts/baseline_v2/audit/p9/spatial.json,VERIFIED,standard_cbm,False,,P9,PUBLIC_DEIDENTIFIED,Main report,spatial_faithfulness_model_target,Matched-random spatial faithfulness,RPT-T14,True,RESULT_ALREADY_EXISTS
SEC-RESULTS-WHERE,RES-P9-FAITHFULNESS-STANDARD_CBM-POOLED,False,True,RPT-F08,True,ALL/NA,repo://artifacts/baseline_v2/audit/p9/spatial.json,VERIFIED,standard_cbm,False,,P9,PUBLIC_DEIDENTIFIED,Main report,spatial_faithfulness_model_pooled,All-target pooled spatial faithfulness,RPT-T14,True,RESULT_ALREADY_EXISTS
SEC-RESULTS-WHERE,RES-P9-FAITHFULNESS-MIXED_CEM-MALIGNANCY,False,True,RPT-F08,True,ALL/NA,repo://artifacts/baseline_v2/audit/p9/spatial.json,VERIFIED,mixed_cem,False,,P9,PUBLIC_DEIDENTIFIED,Main report,spatial_faithfulness_model_target,Matched-random spatial faithfulness,RPT-T14,True,RESULT_ALREADY_EXISTS
SEC-RESULTS-WHERE,RES-P9-FAITHFULNESS-MIXED_CEM-SUBTLETY,False,True,RPT-F08,True,ALL/NA,repo://artifacts/baseline_v2/audit/p9/spatial.json,VERIFIED,mixed_cem,False,,P9,PUBLIC_DEIDENTIFIED,Main report,spatial_faithfulness_model_target,Matched-random spatial faithfulness,RPT-T14,True,RESULT_ALREADY_EXISTS
SEC-RESULTS-WHERE,RES-P9-FAITHFULNESS-MIXED_CEM-INTERNALSTRUCTURE,False,True,RPT-F08,True,ALL/NA,repo://artifacts/baseline_v2/audit/p9/spatial.json,VERIFIED,mixed_cem,False,,P9,PUBLIC_DEIDENTIFIED,Main report,spatial_faithfulness_model_target,Matched-random spatial faithfulness,RPT-T14,True,RESULT_ALREADY_EXISTS
SEC-RESULTS-WHERE,RES-P9-FAITHFULNESS-MIXED_CEM-CALCIFICATION,False,True,RPT-F08,True,ALL/NA,repo://artifacts/baseline_v2/audit/p9/spatial.json,VERIFIED,mixed_cem,False,,P9,PUBLIC_DEIDENTIFIED,Main report,spatial_faithfulness_model_target,Matched-random spatial faithfulness,RPT-T14,True,RESULT_ALREADY_EXISTS
SEC-RESULTS-WHERE,RES-P9-FAITHFULNESS-MIXED_CEM-SPHERICITY,False,True,RPT-F08,True,ALL/NA,repo://artifacts/baseline_v2/audit/p9/spatial.json,VERIFIED,mixed_cem,False,,P9,PUBLIC_DEIDENTIFIED,Main report,spatial_faithfulness_model_target,Matched-random spatial faithfulness,RPT-T14,True,RESULT_ALREADY_EXISTS
SEC-RESULTS-WHERE,RES-P9-FAITHFULNESS-MIXED_CEM-MARGIN,False,True,RPT-F08,True,ALL/NA,repo://artifacts/baseline_v2/audit/p9/spatial.json,VERIFIED,mixed_cem,False,,P9,PUBLIC_DEIDENTIFIED,Main report,spatial_faithfulness_model_target,Matched-random spatial faithfulness,RPT-T14,True,RESULT_ALREADY_EXISTS
SEC-RESULTS-WHERE,RES-P9-FAITHFULNESS-MIXED_CEM-LOBULATION,False,True,RPT-F08,True,ALL/NA,repo://artifacts/baseline_v2/audit/p9/spatial.json,VERIFIED,mixed_cem,False,,P9,PUBLIC_DEIDENTIFIED,Main report,spatial_faithfulness_model_target,Matched-random spatial faithfulness,RPT-T14,True,RESULT_ALREADY_EXISTS
SEC-RESULTS-WHERE,RES-P9-FAITHFULNESS-MIXED_CEM-SPICULATION,False,True,RPT-F08,True,ALL/NA,repo://artifacts/baseline_v2/audit/p9/spatial.json,VERIFIED,mixed_cem,False,,P9,PUBLIC_DEIDENTIFIED,Main report,spatial_faithfulness_model_target,Matched-random spatial faithfulness,RPT-T14,True,RESULT_ALREADY_EXISTS
SEC-RESULTS-WHERE,RES-P9-FAITHFULNESS-MIXED_CEM-TEXTURE,False,True,RPT-F08,True,ALL/NA,repo://artifacts/baseline_v2/audit/p9/spatial.json,VERIFIED,mixed_cem,False,,P9,PUBLIC_DEIDENTIFIED,Main report,spatial_faithfulness_model_target,Matched-random spatial faithfulness,RPT-T14,True,RESULT_ALREADY_EXISTS
SEC-RESULTS-WHERE,RES-P9-FAITHFULNESS-MIXED_CEM-POOLED,False,True,RPT-F08,True,ALL/NA,repo://artifacts/baseline_v2/audit/p9/spatial.json,VERIFIED,mixed_cem,False,,P9,PUBLIC_DEIDENTIFIED,Main report,spatial_faithfulness_model_pooled,All-target pooled spatial faithfulness,RPT-T14,True,RESULT_ALREADY_EXISTS
SEC-RESULTS-WHERE,RES-P9-FAITHFULNESS-LEARNED_SOFTMAX_GAM-MALIGNANCY,False,True,RPT-F08,True,ALL/NA,repo://artifacts/baseline_v2/audit/p9/spatial.json,VERIFIED,learned_softmax_gam,False,,P9,PUBLIC_DEIDENTIFIED,Main report,spatial_faithfulness_model_target,Matched-random spatial faithfulness,RPT-T14,True,RESULT_ALREADY_EXISTS
SEC-RESULTS-WHERE,RES-P9-FAITHFULNESS-LEARNED_SOFTMAX_GAM-SUBTLETY,False,True,RPT-F08,True,ALL/NA,repo://artifacts/baseline_v2/audit/p9/spatial.json,VERIFIED,learned_softmax_gam,False,,P9,PUBLIC_DEIDENTIFIED,Main report,spatial_faithfulness_model_target,Matched-random spatial faithfulness,RPT-T14,True,RESULT_ALREADY_EXISTS
SEC-RESULTS-WHERE,RES-P9-FAITHFULNESS-LEARNED_SOFTMAX_GAM-INTERNALSTRUCTURE,False,True,RPT-F08,True,ALL/NA,repo://artifacts/baseline_v2/audit/p9/spatial.json,VERIFIED,learned_softmax_gam,False,,P9,PUBLIC_DEIDENTIFIED,Main report,spatial_faithfulness_model_target,Matched-random spatial faithfulness,RPT-T14,True,RESULT_ALREADY_EXISTS
SEC-RESULTS-WHERE,RES-P9-FAITHFULNESS-LEARNED_SOFTMAX_GAM-CALCIFICATION,False,True,RPT-F08,True,ALL/NA,repo://artifacts/baseline_v2/audit/p9/spatial.json,VERIFIED,learned_softmax_gam,False,,P9,PUBLIC_DEIDENTIFIED,Main report,spatial_faithfulness_model_target,Matched-random spatial faithfulness,RPT-T14,True,RESULT_ALREADY_EXISTS
SEC-RESULTS-WHERE,RES-P9-FAITHFULNESS-LEARNED_SOFTMAX_GAM-SPHERICITY,False,True,RPT-F08,True,ALL/NA,repo://artifacts/baseline_v2/audit/p9/spatial.json,VERIFIED,learned_softmax_gam,False,,P9,PUBLIC_DEIDENTIFIED,Main report,spatial_faithfulness_model_target,Matched-random spatial faithfulness,RPT-T14,True,RESULT_ALREADY_EXISTS
SEC-RESULTS-WHERE,RES-P9-FAITHFULNESS-LEARNED_SOFTMAX_GAM-MARGIN,False,True,RPT-F08,True,ALL/NA,repo://artifacts/baseline_v2/audit/p9/spatial.json,VERIFIED,learned_softmax_gam,False,,P9,PUBLIC_DEIDENTIFIED,Main report,spatial_faithfulness_model_target,Matched-random spatial faithfulness,RPT-T14,True,RESULT_ALREADY_EXISTS
SEC-RESULTS-WHERE,RES-P9-FAITHFULNESS-LEARNED_SOFTMAX_GAM-LOBULATION,False,True,RPT-F08,True,ALL/NA,repo://artifacts/baseline_v2/audit/p9/spatial.json,VERIFIED,learned_softmax_gam,False,,P9,PUBLIC_DEIDENTIFIED,Main report,spatial_faithfulness_model_target,Matched-random spatial faithfulness,RPT-T14,True,RESULT_ALREADY_EXISTS
SEC-RESULTS-WHERE,RES-P9-FAITHFULNESS-LEARNED_SOFTMAX_GAM-SPICULATION,False,True,RPT-F08,True,ALL/NA,repo://artifacts/baseline_v2/audit/p9/spatial.json,VERIFIED,learned_softmax_gam,False,,P9,PUBLIC_DEIDENTIFIED,Main report,spatial_faithfulness_model_target,Matched-random spatial faithfulness,RPT-T14,True,RESULT_ALREADY_EXISTS
SEC-RESULTS-WHERE,RES-P9-FAITHFULNESS-LEARNED_SOFTMAX_GAM-TEXTURE,False,True,RPT-F08,True,ALL/NA,repo://artifacts/baseline_v2/audit/p9/spatial.json,VERIFIED,learned_softmax_gam,False,,P9,PUBLIC_DEIDENTIFIED,Main report,spatial_faithfulness_model_target,Matched-random spatial faithfulness,RPT-T14,True,RESULT_ALREADY_EXISTS
SEC-RESULTS-WHERE,RES-P9-FAITHFULNESS-LEARNED_SOFTMAX_GAM-POOLED,False,True,RPT-F08,True,ALL/NA,repo://artifacts/baseline_v2/audit/p9/spatial.json,VERIFIED,learned_softmax_gam,False,,P9,PUBLIC_DEIDENTIFIED,Main report,spatial_faithfulness_model_pooled,All-target pooled spatial faithfulness,RPT-T14,True,RESULT_ALREADY_EXISTS
SEC-RESULTS-WHERE,RES-P9-FAITHFULNESS-GLOBAL,False,False,RPT-F08,False,ALL/NA,repo://artifacts/baseline_v2/audit/p9/spatial.json,VERIFIED,ALL/NA,False,A cross-model micro-average is not persisted and is not recomputed at Catalogue stage.,P9,PUBLIC_DEIDENTIFIED,Appendix,spatial_faithfulness_global,Global faithfulness evidence availability,RPT-T14,False,DATA_NOT_PERSISTED
SEC-RELATED-WORK,RES-P10-TABLE-RPT-T01,False,False,,False,ALL/NA,repo://docs/results/P10_CATALOGUE_DRIVEN_BILINGUAL_REPORT_PLAN.md,VERIFIED,ALL/NA,False,,P10,PUBLIC_DEIDENTIFIED,Main report,planned_scientific_table,Related-work comparison,RPT-T01,True,VISUALIZATION_NOT_YET_RENDERED_BUT_FROZEN_DATA_EXISTS
SEC-DATASET,RES-P10-TABLE-RPT-T02,False,False,,False,ALL/NA,repo://docs/results/P10_CATALOGUE_DRIVEN_BILINGUAL_REPORT_PLAN.md,VERIFIED,ALL/NA,False,,P10,PUBLIC_DEIDENTIFIED,Main report,planned_scientific_table,Frozen cohort flow,RPT-T02,True,VISUALIZATION_NOT_YET_RENDERED_BUT_FROZEN_DATA_EXISTS
SEC-DATASET,RES-P10-TABLE-RPT-T03,False,False,,False,ALL/NA,repo://docs/results/P10_CATALOGUE_DRIVEN_BILINGUAL_REPORT_PLAN.md,VERIFIED,ALL/NA,False,,P10,PUBLIC_DEIDENTIFIED,Main report,planned_scientific_table,Target and concept definitions,RPT-T03,True,VISUALIZATION_NOT_YET_RENDERED_BUT_FROZEN_DATA_EXISTS
SEC-METHODS,RES-P10-TABLE-RPT-T04,False,False,,False,ALL/NA,repo://docs/results/P10_CATALOGUE_DRIVEN_BILINGUAL_REPORT_PLAN.md,VERIFIED,ALL/NA,False,,P10,PUBLIC_DEIDENTIFIED,Main report,planned_scientific_table,Four-model architecture comparison,RPT-T04,True,VISUALIZATION_NOT_YET_RENDERED_BUT_FROZEN_DATA_EXISTS
SEC-EXPERIMENTAL-SETUP,RES-P10-TABLE-RPT-T05,False,False,,False,ALL/NA,repo://docs/results/P10_CATALOGUE_DRIVEN_BILINGUAL_REPORT_PLAN.md,VERIFIED,ALL/NA,False,,P10,PUBLIC_DEIDENTIFIED,Main report,planned_scientific_table,Frozen training configuration,RPT-T05,True,VISUALIZATION_NOT_YET_RENDERED_BUT_FROZEN_DATA_EXISTS
SEC-EXPERIMENTAL-SETUP,RES-P10-TABLE-RPT-T06,False,False,,False,ALL/NA,repo://docs/results/P10_CATALOGUE_DRIVEN_BILINGUAL_REPORT_PLAN.md,VERIFIED,ALL/NA,False,,P10,PUBLIC_DEIDENTIFIED,Main report,planned_scientific_table,Evaluation protocol,RPT-T06,True,VISUALIZATION_NOT_YET_RENDERED_BUT_FROZEN_DATA_EXISTS
SEC-RESULTS-PREDICTION,RES-P10-TABLE-RPT-T07,False,False,,False,ALL/NA,repo://docs/results/P10_CATALOGUE_DRIVEN_BILINGUAL_REPORT_PLAN.md,VERIFIED,ALL/NA,False,,P10,PUBLIC_DEIDENTIFIED,Main report,planned_scientific_table,Primary regression,RPT-T07,True,VISUALIZATION_NOT_YET_RENDERED_BUT_FROZEN_DATA_EXISTS
SEC-RESULTS-PREDICTION,RES-P10-TABLE-RPT-T08,False,False,,False,ALL/NA,repo://docs/results/P10_CATALOGUE_DRIVEN_BILINGUAL_REPORT_PLAN.md,VERIFIED,ALL/NA,False,,P10,PUBLIC_DEIDENTIFIED,Main report,planned_scientific_table,Six paired Delta-MAE comparisons,RPT-T08,True,VISUALIZATION_NOT_YET_RENDERED_BUT_FROZEN_DATA_EXISTS
SEC-RESULTS-PREDICTION,RES-P10-TABLE-RPT-T09,False,False,,False,ALL/NA,repo://docs/results/P10_CATALOGUE_DRIVEN_BILINGUAL_REPORT_PLAN.md,VERIFIED,ALL/NA,False,,P10,PUBLIC_DEIDENTIFIED,Main report,planned_scientific_table,Extreme-task performance,RPT-T09,True,VISUALIZATION_NOT_YET_RENDERED_BUT_FROZEN_DATA_EXISTS
SEC-RESULTS-PREDICTION,RES-P10-TABLE-RPT-T10,False,False,,False,ALL/NA,repo://docs/results/P10_CATALOGUE_DRIVEN_BILINGUAL_REPORT_PLAN.md,VERIFIED,ALL/NA,False,,P10,PUBLIC_DEIDENTIFIED,Main report,planned_scientific_table,Six paired Delta-AUROC comparisons,RPT-T10,True,VISUALIZATION_NOT_YET_RENDERED_BUT_FROZEN_DATA_EXISTS
SEC-RESULTS-WHAT,RES-P10-TABLE-RPT-T11,False,False,,False,ALL/NA,repo://docs/results/P10_CATALOGUE_DRIVEN_BILINGUAL_REPORT_PLAN.md,VERIFIED,ALL/NA,False,,P10,PUBLIC_DEIDENTIFIED,Main report,planned_scientific_table,Continuous concept metrics,RPT-T11,True,VISUALIZATION_NOT_YET_RENDERED_BUT_FROZEN_DATA_EXISTS
SEC-RESULTS-WHAT,RES-P10-TABLE-RPT-T12,False,False,,False,ALL/NA,repo://docs/results/P10_CATALOGUE_DRIVEN_BILINGUAL_REPORT_PLAN.md,VERIFIED,ALL/NA,False,,P10,PUBLIC_DEIDENTIFIED,Main report,planned_scientific_table,Categorical concept metrics,RPT-T12,True,VISUALIZATION_NOT_YET_RENDERED_BUT_FROZEN_DATA_EXISTS
SEC-RESULTS-WHERE,RES-P10-TABLE-RPT-T13,False,False,,False,ALL/NA,repo://docs/results/P10_CATALOGUE_DRIVEN_BILINGUAL_REPORT_PLAN.md,VERIFIED,ALL/NA,False,,P10,PUBLIC_DEIDENTIFIED,Main report,planned_scientific_table,Grad-CAM accounting,RPT-T13,True,VISUALIZATION_NOT_YET_RENDERED_BUT_FROZEN_DATA_EXISTS
SEC-RESULTS-WHERE,RES-P10-TABLE-RPT-T14,False,False,,False,ALL/NA,repo://docs/results/P10_CATALOGUE_DRIVEN_BILINGUAL_REPORT_PLAN.md,VERIFIED,ALL/NA,False,,P10,PUBLIC_DEIDENTIFIED,Main report,planned_scientific_table,Spatial faithfulness,RPT-T14,True,VISUALIZATION_NOT_YET_RENDERED_BUT_FROZEN_DATA_EXISTS
SEC-RESULTS-WHY,RES-P10-TABLE-RPT-T15,False,False,,False,ALL/NA,repo://docs/results/P10_CATALOGUE_DRIVEN_BILINGUAL_REPORT_PLAN.md,VERIFIED,ALL/NA,False,,P10,PUBLIC_DEIDENTIFIED,Main report,planned_scientific_table,Centered contribution summary,RPT-T15,True,VISUALIZATION_NOT_YET_RENDERED_BUT_FROZEN_DATA_EXISTS
SEC-RESULTS-WHY,RES-P10-TABLE-RPT-T16,False,False,,False,ALL/NA,repo://docs/results/P10_CATALOGUE_DRIVEN_BILINGUAL_REPORT_PLAN.md,VERIFIED,ALL/NA,False,,P10,PUBLIC_DEIDENTIFIED,Main report,planned_scientific_table,Fold-level learned GAM alpha,RPT-T16,True,VISUALIZATION_NOT_YET_RENDERED_BUT_FROZEN_DATA_EXISTS
SEC-RESULTS-HOW,RES-P10-TABLE-RPT-T17,False,False,,False,ALL/NA,repo://docs/results/P10_CATALOGUE_DRIVEN_BILINGUAL_REPORT_PLAN.md,VERIFIED,ALL/NA,False,,P10,PUBLIC_DEIDENTIFIED,Main report,planned_scientific_table,Intervention summary,RPT-T17,True,VISUALIZATION_NOT_YET_RENDERED_BUT_FROZEN_DATA_EXISTS
SEC-RESULTS-SYNTHESIS,RES-P10-TABLE-RPT-T18,False,False,,False,ALL/NA,repo://docs/results/P10_CATALOGUE_DRIVEN_BILINGUAL_REPORT_PLAN.md,VERIFIED,ALL/NA,False,,P10,PUBLIC_DEIDENTIFIED,Main report,planned_scientific_table,WHERE-WHAT-WHY-HOW synthesis,RPT-T18,True,VISUALIZATION_NOT_YET_RENDERED_BUT_FROZEN_DATA_EXISTS
SEC-PRIVATE-APPENDIX,RES-P10-TABLE-RPT-TA01,False,False,,False,ALL/NA,repo://docs/results/P10_CATALOGUE_DRIVEN_BILINGUAL_REPORT_PLAN.md,VERIFIED,ALL/NA,False,,P10,PRIVATE_RESTRICTED,Private appendix,planned_scientific_table,Frozen 14-case index,RPT-TA01,True,VISUALIZATION_NOT_YET_RENDERED_BUT_FROZEN_DATA_EXISTS
SEC-PRIVATE-APPENDIX,RES-P10-TABLE-RPT-TA02,False,False,,False,ALL/NA,repo://docs/results/P10_CATALOGUE_DRIVEN_BILINGUAL_REPORT_PLAN.md,VERIFIED,ALL/NA,False,,P10,PRIVATE_RESTRICTED,Private appendix,planned_scientific_table,Case-level concept and malignancy predictions,RPT-TA02,True,VISUALIZATION_NOT_YET_RENDERED_BUT_FROZEN_DATA_EXISTS
SEC-PUBLIC-REPRODUCIBILITY,RES-P10-EXISTING-TABLE-BILINGUAL_TERMINOLOGY,True,True,,False,ALL/NA,repo://reports/baseline_v2/p10/public/tables/bilingual_terminology.csv,VERIFIED,ALL/NA,False,,P10,PUBLIC_DEIDENTIFIED,Appendix,existing_machine_readable_table,Existing table: bilingual_terminology.csv,,False,RESULT_ALREADY_EXISTS
SEC-PUBLIC-REPRODUCIBILITY,RES-P10-EXISTING-TABLE-CENTERED_CONTRIBUTIONS,True,True,,False,ALL/NA,repo://reports/baseline_v2/p10/public/tables/centered_contributions.csv,VERIFIED,ALL/NA,False,,P10,PUBLIC_DEIDENTIFIED,Appendix,existing_machine_readable_table,Existing table: centered_contributions.csv,,False,RESULT_ALREADY_EXISTS
SEC-PUBLIC-REPRODUCIBILITY,RES-P10-EXISTING-TABLE-CONCEPT_METRICS,True,True,,False,ALL/NA,repo://reports/baseline_v2/p10/public/tables/concept_metrics.csv,VERIFIED,ALL/NA,False,,P10,PUBLIC_DEIDENTIFIED,Appendix,existing_machine_readable_table,Existing table: concept_metrics.csv,,False,RESULT_ALREADY_EXISTS
SEC-PUBLIC-REPRODUCIBILITY,RES-P10-EXISTING-TABLE-DATA_DICTIONARY_EN,True,True,,False,ALL/NA,repo://reports/baseline_v2/p10/public/tables/data_dictionary_en.csv,VERIFIED,ALL/NA,False,,P10,PUBLIC_DEIDENTIFIED,Appendix,existing_machine_readable_table,Existing table: data_dictionary_en.csv,,False,RESULT_ALREADY_EXISTS
SEC-PUBLIC-REPRODUCIBILITY,RES-P10-EXISTING-TABLE-DATA_DICTIONARY_ZH,True,True,,False,ALL/NA,repo://reports/baseline_v2/p10/public/tables/data_dictionary_zh.csv,VERIFIED,ALL/NA,False,,P10,PUBLIC_DEIDENTIFIED,Appendix,existing_machine_readable_table,Existing table: data_dictionary_zh.csv,,False,RESULT_ALREADY_EXISTS
SEC-PUBLIC-REPRODUCIBILITY,RES-P10-EXISTING-TABLE-EXECUTION_REGISTRY,True,True,,False,ALL/NA,repo://reports/baseline_v2/p10/public/tables/execution_registry.csv,VERIFIED,ALL/NA,False,,P10,PUBLIC_DEIDENTIFIED,Appendix,existing_machine_readable_table,Existing table: execution_registry.csv,,False,RESULT_ALREADY_EXISTS
SEC-PUBLIC-REPRODUCIBILITY,RES-P10-EXISTING-TABLE-GRADCAM_ACCOUNTING,True,True,,False,ALL/NA,repo://reports/baseline_v2/p10/public/tables/gradcam_accounting.csv,VERIFIED,ALL/NA,False,,P10,PUBLIC_DEIDENTIFIED,Appendix,existing_machine_readable_table,Existing table: gradcam_accounting.csv,,False,RESULT_ALREADY_EXISTS
SEC-PUBLIC-REPRODUCIBILITY,RES-P10-EXISTING-TABLE-INTERVENTION_CURVES,True,True,,False,ALL/NA,repo://reports/baseline_v2/p10/public/tables/intervention_curves.csv,VERIFIED,ALL/NA,False,,P10,PUBLIC_DEIDENTIFIED,Appendix,existing_machine_readable_table,Existing table: intervention_curves.csv,,False,RESULT_ALREADY_EXISTS
SEC-PUBLIC-REPRODUCIBILITY,RES-P10-EXISTING-TABLE-LEARNED_GAM_ALPHA,True,True,,False,ALL/NA,repo://reports/baseline_v2/p10/public/tables/learned_gam_alpha.csv,VERIFIED,ALL/NA,False,,P10,PUBLIC_DEIDENTIFIED,Appendix,existing_machine_readable_table,Existing table: learned_gam_alpha.csv,,False,RESULT_ALREADY_EXISTS
SEC-PUBLIC-REPRODUCIBILITY,RES-P10-EXISTING-TABLE-PAIRED_COMPARISONS,True,True,,False,ALL/NA,repo://reports/baseline_v2/p10/public/tables/paired_comparisons.csv,VERIFIED,ALL/NA,False,,P10,PUBLIC_DEIDENTIFIED,Appendix,existing_machine_readable_table,Existing table: paired_comparisons.csv,,False,RESULT_ALREADY_EXISTS
SEC-PUBLIC-REPRODUCIBILITY,RES-P10-EXISTING-TABLE-PRIMARY_SECONDARY_METRICS,True,True,,False,ALL/NA,repo://reports/baseline_v2/p10/public/tables/primary_secondary_metrics.csv,VERIFIED,ALL/NA,False,,P10,PUBLIC_DEIDENTIFIED,Appendix,existing_machine_readable_table,Existing table: primary_secondary_metrics.csv,,False,RESULT_ALREADY_EXISTS
SEC-PUBLIC-REPRODUCIBILITY,RES-P10-EXISTING-TABLE-SPATIAL_FAITHFULNESS,True,True,,False,ALL/NA,repo://reports/baseline_v2/p10/public/tables/spatial_faithfulness.csv,VERIFIED,ALL/NA,False,,P10,PUBLIC_DEIDENTIFIED,Appendix,existing_machine_readable_table,Existing table: spatial_faithfulness.csv,,False,RESULT_ALREADY_EXISTS
SEC-INTRODUCTION,RES-P10-FIGURE-RPT-F01,False,False,RPT-F01,True,ALL/NA,repo://docs/results/P10_CATALOGUE_DRIVEN_BILINGUAL_REPORT_PLAN.md,VERIFIED,ALL/NA,False,,P10,PUBLIC_DEIDENTIFIED,Main report,planned_scientific_figure,End-to-end evidence pipeline,,False,VISUALIZATION_NOT_YET_RENDERED_BUT_FROZEN_DATA_EXISTS
SEC-DATASET,RES-P10-FIGURE-RPT-F02,False,False,RPT-F02,True,ALL/NA,repo://docs/results/P10_CATALOGUE_DRIVEN_BILINGUAL_REPORT_PLAN.md,VERIFIED,ALL/NA,False,,P10,PUBLIC_DEIDENTIFIED,Main report,planned_scientific_figure,"Cohort, preprocessing, and five-fold flow",,False,VISUALIZATION_NOT_YET_RENDERED_BUT_FROZEN_DATA_EXISTS
SEC-METHODS,RES-P10-FIGURE-RPT-F03,False,False,RPT-F03,True,ALL/NA,repo://docs/results/P10_CATALOGUE_DRIVEN_BILINGUAL_REPORT_PLAN.md,VERIFIED,ALL/NA,False,,P10,PUBLIC_DEIDENTIFIED,Main report,planned_scientific_figure,Four architectures and interpretability interfaces,,False,VISUALIZATION_NOT_YET_RENDERED_BUT_FROZEN_DATA_EXISTS
SEC-RESULTS-PREDICTION,RES-P10-FIGURE-RPT-F04,False,False,RPT-F04,True,ALL/NA,repo://docs/results/P10_CATALOGUE_DRIVEN_BILINGUAL_REPORT_PLAN.md,VERIFIED,ALL/NA,False,,P10,PUBLIC_DEIDENTIFIED,Main report,planned_scientific_figure,Four-model MAE bootstrap intervals,,False,VISUALIZATION_NOT_YET_RENDERED_BUT_FROZEN_DATA_EXISTS
SEC-RESULTS-PREDICTION,RES-P10-FIGURE-RPT-F05,False,False,RPT-F05,True,ALL/NA,repo://docs/results/P10_CATALOGUE_DRIVEN_BILINGUAL_REPORT_PLAN.md,VERIFIED,ALL/NA,False,,P10,PUBLIC_DEIDENTIFIED,Main report,planned_scientific_figure,Paired Delta-MAE forest plot,,False,VISUALIZATION_NOT_YET_RENDERED_BUT_FROZEN_DATA_EXISTS
SEC-RESULTS-PREDICTION,RES-P10-FIGURE-RPT-F06,False,False,RPT-F06,True,ALL/NA,repo://docs/results/P10_CATALOGUE_DRIVEN_BILINGUAL_REPORT_PLAN.md,VERIFIED,ALL/NA,False,,P10,PUBLIC_DEIDENTIFIED,Main report,planned_scientific_figure,Extreme AUROC/AUPRC and paired Delta-AUROC,,False,VISUALIZATION_NOT_YET_RENDERED_BUT_FROZEN_DATA_EXISTS
SEC-RESULTS-WHERE,RES-P10-FIGURE-RPT-F07,False,False,RPT-F07,True,ALL/NA,repo://docs/results/P10_CATALOGUE_DRIVEN_BILINGUAL_REPORT_PLAN.md,VERIFIED,ALL/NA,False,,P10,PUBLIC_DEIDENTIFIED,Main report,planned_scientific_figure,Undefined Grad-CAM rate heatmap,,False,VISUALIZATION_NOT_YET_RENDERED_BUT_FROZEN_DATA_EXISTS
SEC-RESULTS-WHERE,RES-P10-FIGURE-RPT-F08,False,False,RPT-F08,True,ALL/NA,repo://docs/results/P10_CATALOGUE_DRIVEN_BILINGUAL_REPORT_PLAN.md,VERIFIED,ALL/NA,False,,P10,PUBLIC_DEIDENTIFIED,Main report,planned_scientific_figure,Spatial faithfulness dual panel,,False,VISUALIZATION_NOT_YET_RENDERED_BUT_FROZEN_DATA_EXISTS
SEC-RESULTS-WHAT,RES-P10-FIGURE-RPT-F09A,False,False,RPT-F09A,True,ALL/NA,repo://docs/results/P10_CATALOGUE_DRIVEN_BILINGUAL_REPORT_PLAN.md,VERIFIED,ALL/NA,False,,P10,PUBLIC_DEIDENTIFIED,Main report,planned_scientific_figure,Continuous concept fidelity,,False,VISUALIZATION_NOT_YET_RENDERED_BUT_FROZEN_DATA_EXISTS
SEC-RESULTS-WHAT,RES-P10-FIGURE-RPT-F09B,False,False,RPT-F09B,True,ALL/NA,repo://docs/results/P10_CATALOGUE_DRIVEN_BILINGUAL_REPORT_PLAN.md,VERIFIED,ALL/NA,False,,P10,PUBLIC_DEIDENTIFIED,Main report,planned_scientific_figure,Categorical concept fidelity,,False,VISUALIZATION_NOT_YET_RENDERED_BUT_FROZEN_DATA_EXISTS
SEC-RESULTS-WHY,RES-P10-FIGURE-RPT-F10,False,False,RPT-F10,True,ALL/NA,repo://docs/results/P10_CATALOGUE_DRIVEN_BILINGUAL_REPORT_PLAN.md,VERIFIED,ALL/NA,False,,P10,PUBLIC_DEIDENTIFIED,Main report,planned_scientific_figure,Empirical OOF contribution profiles,,False,VISUALIZATION_NOT_YET_RENDERED_BUT_FROZEN_DATA_EXISTS
SEC-RESULTS-WHY,RES-P10-FIGURE-RPT-F11,False,False,RPT-F11,True,ALL/NA,repo://docs/results/P10_CATALOGUE_DRIVEN_BILINGUAL_REPORT_PLAN.md,VERIFIED,ALL/NA,False,,P10,PUBLIC_DEIDENTIFIED,Main report,planned_scientific_figure,GAM alpha heatmap,,False,VISUALIZATION_NOT_YET_RENDERED_BUT_FROZEN_DATA_EXISTS
SEC-RESULTS-HOW,RES-P10-FIGURE-RPT-F12,False,False,RPT-F12,True,ALL/NA,repo://docs/results/P10_CATALOGUE_DRIVEN_BILINGUAL_REPORT_PLAN.md,VERIFIED,ALL/NA,False,,P10,PUBLIC_DEIDENTIFIED,Main report,planned_scientific_figure,Intervention curves,,False,VISUALIZATION_NOT_YET_RENDERED_BUT_FROZEN_DATA_EXISTS
SEC-RESULTS-SYNTHESIS,RES-P10-FIGURE-RPT-F13,False,False,RPT-F13,True,ALL/NA,repo://docs/results/P10_CATALOGUE_DRIVEN_BILINGUAL_REPORT_PLAN.md,VERIFIED,ALL/NA,False,,P10,PUBLIC_DEIDENTIFIED,Main report,planned_scientific_figure,Integrated evidence synthesis,,False,VISUALIZATION_NOT_YET_RENDERED_BUT_FROZEN_DATA_EXISTS
SEC-PRIVATE-APPENDIX,RES-P10-FIGURE-RPT-FA01,False,False,RPT-FA01,True,ALL/NA,repo://docs/results/P10_CATALOGUE_DRIVEN_BILINGUAL_REPORT_PLAN.md,VERIFIED,ALL/NA,False,,P10,PRIVATE_RESTRICTED,Private appendix,planned_scientific_figure,Representative-case comparison,,False,VISUALIZATION_NOT_YET_RENDERED_BUT_FROZEN_DATA_EXISTS
SEC-PRIVATE-APPENDIX,RES-P10-FIGURE-RPT-FA02,False,False,RPT-FA02,True,ALL/NA,repo://docs/results/P10_CATALOGUE_DRIVEN_BILINGUAL_REPORT_PLAN.md,VERIFIED,ALL/NA,False,,P10,PRIVATE_RESTRICTED,Private appendix,planned_scientific_figure,Maximum-error failure comparison,,False,VISUALIZATION_NOT_YET_RENDERED_BUT_FROZEN_DATA_EXISTS
SEC-PRIVATE-APPENDIX,RES-P10-FIGURE-RPT-FA03,False,False,RPT-FA03,True,ALL/NA,repo://docs/results/P10_CATALOGUE_DRIVEN_BILINGUAL_REPORT_PLAN.md,VERIFIED,ALL/NA,False,,P10,PRIVATE_RESTRICTED,Private appendix,planned_scientific_figure,Concept contribution explanation,,False,VISUALIZATION_NOT_YET_RENDERED_BUT_FROZEN_DATA_EXISTS
SEC-PRIVATE-APPENDIX,RES-P10-FIGURE-RPT-FA04,False,False,RPT-FA04,True,ALL/NA,repo://docs/results/P10_CATALOGUE_DRIVEN_BILINGUAL_REPORT_PLAN.md,VERIFIED,ALL/NA,False,,P10,PRIVATE_RESTRICTED,Private appendix,planned_scientific_figure,Intervention-worsening cases,,False,VISUALIZATION_NOT_YET_RENDERED_BUT_FROZEN_DATA_EXISTS
SEC-PRIVATE-APPENDIX,RES-P10-FIGURE-RPT-FA05,False,False,RPT-FA05,True,ALL/NA,repo://docs/results/P10_CATALOGUE_DRIVEN_BILINGUAL_REPORT_PLAN.md,VERIFIED,ALL/NA,False,,P10,PRIVATE_RESTRICTED,Private appendix,planned_scientific_figure,Undefined zero-map limitation,,False,VISUALIZATION_NOT_YET_RENDERED_BUT_FROZEN_DATA_EXISTS
SEC-PRIVATE-APPENDIX,RES-P10-FIGURE-RPT-FA06,False,False,RPT-FA06,True,ALL/NA,repo://docs/results/P10_CATALOGUE_DRIVEN_BILINGUAL_REPORT_PLAN.md,VERIFIED,ALL/NA,False,,P10,PRIVATE_RESTRICTED,Private appendix,planned_scientific_figure,Integrated Prediction-WHERE-WHAT-WHY-HOW case explanation,,False,VISUALIZATION_NOT_YET_RENDERED_BUT_FROZEN_DATA_EXISTS
SEC-PUBLIC-REPRODUCIBILITY,RES-P10-EXISTING-FIGURE-FIGURE_01_COHORT_FLOW_EN-PNG,True,True,,False,ALL/NA,repo://reports/baseline_v2/p10/public/figures/figure_01_cohort_flow_en.png,VERIFIED,ALL/NA,False,,P10,PUBLIC_DEIDENTIFIED,Audit-only,existing_public_figure,Existing figure: figure_01_cohort_flow_en.png,,False,RESULT_ALREADY_EXISTS
SEC-PUBLIC-REPRODUCIBILITY,RES-P10-EXISTING-FIGURE-FIGURE_01_COHORT_FLOW_EN-SVG,True,True,,False,ALL/NA,repo://reports/baseline_v2/p10/public/figures/figure_01_cohort_flow_en.svg,VERIFIED,ALL/NA,False,,P10,PUBLIC_DEIDENTIFIED,Audit-only,existing_public_figure,Existing figure: figure_01_cohort_flow_en.svg,,False,RESULT_ALREADY_EXISTS
SEC-PUBLIC-REPRODUCIBILITY,RES-P10-EXISTING-FIGURE-FIGURE_01_COHORT_FLOW_ZH-PNG,True,True,,False,ALL/NA,repo://reports/baseline_v2/p10/public/figures/figure_01_cohort_flow_zh.png,VERIFIED,ALL/NA,False,,P10,PUBLIC_DEIDENTIFIED,Audit-only,existing_public_figure,Existing figure: figure_01_cohort_flow_zh.png,,False,RESULT_ALREADY_EXISTS
SEC-PUBLIC-REPRODUCIBILITY,RES-P10-EXISTING-FIGURE-FIGURE_01_COHORT_FLOW_ZH-SVG,True,True,,False,ALL/NA,repo://reports/baseline_v2/p10/public/figures/figure_01_cohort_flow_zh.svg,VERIFIED,ALL/NA,False,,P10,PUBLIC_DEIDENTIFIED,Audit-only,existing_public_figure,Existing figure: figure_01_cohort_flow_zh.svg,,False,RESULT_ALREADY_EXISTS
SEC-PUBLIC-REPRODUCIBILITY,RES-P10-EXISTING-FIGURE-FIGURE_02_PRIMARY_PERFORMANCE_EN-PNG,True,True,,False,ALL/NA,repo://reports/baseline_v2/p10/public/figures/figure_02_primary_performance_en.png,VERIFIED,ALL/NA,False,,P10,PUBLIC_DEIDENTIFIED,Audit-only,existing_public_figure,Existing figure: figure_02_primary_performance_en.png,,False,RESULT_ALREADY_EXISTS
SEC-PUBLIC-REPRODUCIBILITY,RES-P10-EXISTING-FIGURE-FIGURE_02_PRIMARY_PERFORMANCE_EN-SVG,True,True,,False,ALL/NA,repo://reports/baseline_v2/p10/public/figures/figure_02_primary_performance_en.svg,VERIFIED,ALL/NA,False,,P10,PUBLIC_DEIDENTIFIED,Audit-only,existing_public_figure,Existing figure: figure_02_primary_performance_en.svg,,False,RESULT_ALREADY_EXISTS
SEC-PUBLIC-REPRODUCIBILITY,RES-P10-EXISTING-FIGURE-FIGURE_02_PRIMARY_PERFORMANCE_ZH-PNG,True,True,,False,ALL/NA,repo://reports/baseline_v2/p10/public/figures/figure_02_primary_performance_zh.png,VERIFIED,ALL/NA,False,,P10,PUBLIC_DEIDENTIFIED,Audit-only,existing_public_figure,Existing figure: figure_02_primary_performance_zh.png,,False,RESULT_ALREADY_EXISTS
SEC-PUBLIC-REPRODUCIBILITY,RES-P10-EXISTING-FIGURE-FIGURE_02_PRIMARY_PERFORMANCE_ZH-SVG,True,True,,False,ALL/NA,repo://reports/baseline_v2/p10/public/figures/figure_02_primary_performance_zh.svg,VERIFIED,ALL/NA,False,,P10,PUBLIC_DEIDENTIFIED,Audit-only,existing_public_figure,Existing figure: figure_02_primary_performance_zh.svg,,False,RESULT_ALREADY_EXISTS
SEC-PUBLIC-REPRODUCIBILITY,RES-P10-EXISTING-FIGURE-FIGURE_03_PAIRED_MAE_EN-PNG,True,True,,False,ALL/NA,repo://reports/baseline_v2/p10/public/figures/figure_03_paired_mae_en.png,VERIFIED,ALL/NA,False,,P10,PUBLIC_DEIDENTIFIED,Audit-only,existing_public_figure,Existing figure: figure_03_paired_mae_en.png,,False,RESULT_ALREADY_EXISTS
SEC-PUBLIC-REPRODUCIBILITY,RES-P10-EXISTING-FIGURE-FIGURE_03_PAIRED_MAE_EN-SVG,True,True,,False,ALL/NA,repo://reports/baseline_v2/p10/public/figures/figure_03_paired_mae_en.svg,VERIFIED,ALL/NA,False,,P10,PUBLIC_DEIDENTIFIED,Audit-only,existing_public_figure,Existing figure: figure_03_paired_mae_en.svg,,False,RESULT_ALREADY_EXISTS
SEC-PUBLIC-REPRODUCIBILITY,RES-P10-EXISTING-FIGURE-FIGURE_03_PAIRED_MAE_ZH-PNG,True,True,,False,ALL/NA,repo://reports/baseline_v2/p10/public/figures/figure_03_paired_mae_zh.png,VERIFIED,ALL/NA,False,,P10,PUBLIC_DEIDENTIFIED,Audit-only,existing_public_figure,Existing figure: figure_03_paired_mae_zh.png,,False,RESULT_ALREADY_EXISTS
SEC-PUBLIC-REPRODUCIBILITY,RES-P10-EXISTING-FIGURE-FIGURE_03_PAIRED_MAE_ZH-SVG,True,True,,False,ALL/NA,repo://reports/baseline_v2/p10/public/figures/figure_03_paired_mae_zh.svg,VERIFIED,ALL/NA,False,,P10,PUBLIC_DEIDENTIFIED,Audit-only,existing_public_figure,Existing figure: figure_03_paired_mae_zh.svg,,False,RESULT_ALREADY_EXISTS
SEC-PUBLIC-REPRODUCIBILITY,RES-P10-EXISTING-FIGURE-FIGURE_04_SECONDARY_EN-PNG,True,True,,False,ALL/NA,repo://reports/baseline_v2/p10/public/figures/figure_04_secondary_en.png,VERIFIED,ALL/NA,False,,P10,PUBLIC_DEIDENTIFIED,Audit-only,existing_public_figure,Existing figure: figure_04_secondary_en.png,,False,RESULT_ALREADY_EXISTS
SEC-PUBLIC-REPRODUCIBILITY,RES-P10-EXISTING-FIGURE-FIGURE_04_SECONDARY_EN-SVG,True,True,,False,ALL/NA,repo://reports/baseline_v2/p10/public/figures/figure_04_secondary_en.svg,VERIFIED,ALL/NA,False,,P10,PUBLIC_DEIDENTIFIED,Audit-only,existing_public_figure,Existing figure: figure_04_secondary_en.svg,,False,RESULT_ALREADY_EXISTS
SEC-PUBLIC-REPRODUCIBILITY,RES-P10-EXISTING-FIGURE-FIGURE_04_SECONDARY_ZH-PNG,True,True,,False,ALL/NA,repo://reports/baseline_v2/p10/public/figures/figure_04_secondary_zh.png,VERIFIED,ALL/NA,False,,P10,PUBLIC_DEIDENTIFIED,Audit-only,existing_public_figure,Existing figure: figure_04_secondary_zh.png,,False,RESULT_ALREADY_EXISTS
SEC-PUBLIC-REPRODUCIBILITY,RES-P10-EXISTING-FIGURE-FIGURE_04_SECONDARY_ZH-SVG,True,True,,False,ALL/NA,repo://reports/baseline_v2/p10/public/figures/figure_04_secondary_zh.svg,VERIFIED,ALL/NA,False,,P10,PUBLIC_DEIDENTIFIED,Audit-only,existing_public_figure,Existing figure: figure_04_secondary_zh.svg,,False,RESULT_ALREADY_EXISTS
SEC-PUBLIC-REPRODUCIBILITY,RES-P10-EXISTING-FIGURE-FIGURE_05_CONCEPT_METRICS_EN-PNG,True,True,,False,ALL/NA,repo://reports/baseline_v2/p10/public/figures/figure_05_concept_metrics_en.png,VERIFIED,ALL/NA,False,,P10,PUBLIC_DEIDENTIFIED,Audit-only,existing_public_figure,Existing figure: figure_05_concept_metrics_en.png,,False,RESULT_ALREADY_EXISTS
SEC-PUBLIC-REPRODUCIBILITY,RES-P10-EXISTING-FIGURE-FIGURE_05_CONCEPT_METRICS_EN-SVG,True,True,,False,ALL/NA,repo://reports/baseline_v2/p10/public/figures/figure_05_concept_metrics_en.svg,VERIFIED,ALL/NA,False,,P10,PUBLIC_DEIDENTIFIED,Audit-only,existing_public_figure,Existing figure: figure_05_concept_metrics_en.svg,,False,RESULT_ALREADY_EXISTS
SEC-PUBLIC-REPRODUCIBILITY,RES-P10-EXISTING-FIGURE-FIGURE_05_CONCEPT_METRICS_ZH-PNG,True,True,,False,ALL/NA,repo://reports/baseline_v2/p10/public/figures/figure_05_concept_metrics_zh.png,VERIFIED,ALL/NA,False,,P10,PUBLIC_DEIDENTIFIED,Audit-only,existing_public_figure,Existing figure: figure_05_concept_metrics_zh.png,,False,RESULT_ALREADY_EXISTS
SEC-PUBLIC-REPRODUCIBILITY,RES-P10-EXISTING-FIGURE-FIGURE_05_CONCEPT_METRICS_ZH-SVG,True,True,,False,ALL/NA,repo://reports/baseline_v2/p10/public/figures/figure_05_concept_metrics_zh.svg,VERIFIED,ALL/NA,False,,P10,PUBLIC_DEIDENTIFIED,Audit-only,existing_public_figure,Existing figure: figure_05_concept_metrics_zh.svg,,False,RESULT_ALREADY_EXISTS
SEC-PUBLIC-REPRODUCIBILITY,RES-P10-EXISTING-FIGURE-FIGURE_06_INTERVENTION_CURVES_EN-PNG,True,True,,False,ALL/NA,repo://reports/baseline_v2/p10/public/figures/figure_06_intervention_curves_en.png,VERIFIED,ALL/NA,False,,P10,PUBLIC_DEIDENTIFIED,Audit-only,existing_public_figure,Existing figure: figure_06_intervention_curves_en.png,,False,RESULT_ALREADY_EXISTS
SEC-PUBLIC-REPRODUCIBILITY,RES-P10-EXISTING-FIGURE-FIGURE_06_INTERVENTION_CURVES_EN-SVG,True,True,,False,ALL/NA,repo://reports/baseline_v2/p10/public/figures/figure_06_intervention_curves_en.svg,VERIFIED,ALL/NA,False,,P10,PUBLIC_DEIDENTIFIED,Audit-only,existing_public_figure,Existing figure: figure_06_intervention_curves_en.svg,,False,RESULT_ALREADY_EXISTS
SEC-PUBLIC-REPRODUCIBILITY,RES-P10-EXISTING-FIGURE-FIGURE_06_INTERVENTION_CURVES_ZH-PNG,True,True,,False,ALL/NA,repo://reports/baseline_v2/p10/public/figures/figure_06_intervention_curves_zh.png,VERIFIED,ALL/NA,False,,P10,PUBLIC_DEIDENTIFIED,Audit-only,existing_public_figure,Existing figure: figure_06_intervention_curves_zh.png,,False,RESULT_ALREADY_EXISTS
SEC-PUBLIC-REPRODUCIBILITY,RES-P10-EXISTING-FIGURE-FIGURE_06_INTERVENTION_CURVES_ZH-SVG,True,True,,False,ALL/NA,repo://reports/baseline_v2/p10/public/figures/figure_06_intervention_curves_zh.svg,VERIFIED,ALL/NA,False,,P10,PUBLIC_DEIDENTIFIED,Audit-only,existing_public_figure,Existing figure: figure_06_intervention_curves_zh.svg,,False,RESULT_ALREADY_EXISTS
SEC-PUBLIC-REPRODUCIBILITY,RES-P10-EXISTING-FIGURE-FIGURE_07_CENTERED_CONTRIBUTIONS_EN-PNG,True,True,,False,ALL/NA,repo://reports/baseline_v2/p10/public/figures/figure_07_centered_contributions_en.png,VERIFIED,ALL/NA,False,,P10,PUBLIC_DEIDENTIFIED,Audit-only,existing_public_figure,Existing figure: figure_07_centered_contributions_en.png,,False,RESULT_ALREADY_EXISTS
SEC-PUBLIC-REPRODUCIBILITY,RES-P10-EXISTING-FIGURE-FIGURE_07_CENTERED_CONTRIBUTIONS_EN-SVG,True,True,,False,ALL/NA,repo://reports/baseline_v2/p10/public/figures/figure_07_centered_contributions_en.svg,VERIFIED,ALL/NA,False,,P10,PUBLIC_DEIDENTIFIED,Audit-only,existing_public_figure,Existing figure: figure_07_centered_contributions_en.svg,,False,RESULT_ALREADY_EXISTS
SEC-PUBLIC-REPRODUCIBILITY,RES-P10-EXISTING-FIGURE-FIGURE_07_CENTERED_CONTRIBUTIONS_ZH-PNG,True,True,,False,ALL/NA,repo://reports/baseline_v2/p10/public/figures/figure_07_centered_contributions_zh.png,VERIFIED,ALL/NA,False,,P10,PUBLIC_DEIDENTIFIED,Audit-only,existing_public_figure,Existing figure: figure_07_centered_contributions_zh.png,,False,RESULT_ALREADY_EXISTS
SEC-PUBLIC-REPRODUCIBILITY,RES-P10-EXISTING-FIGURE-FIGURE_07_CENTERED_CONTRIBUTIONS_ZH-SVG,True,True,,False,ALL/NA,repo://reports/baseline_v2/p10/public/figures/figure_07_centered_contributions_zh.svg,VERIFIED,ALL/NA,False,,P10,PUBLIC_DEIDENTIFIED,Audit-only,existing_public_figure,Existing figure: figure_07_centered_contributions_zh.svg,,False,RESULT_ALREADY_EXISTS
SEC-PUBLIC-REPRODUCIBILITY,RES-P10-EXISTING-FIGURE-FIGURE_08_LEARNED_ALPHA_EN-PNG,True,True,,False,ALL/NA,repo://reports/baseline_v2/p10/public/figures/figure_08_learned_alpha_en.png,VERIFIED,ALL/NA,False,,P10,PUBLIC_DEIDENTIFIED,Audit-only,existing_public_figure,Existing figure: figure_08_learned_alpha_en.png,,False,RESULT_ALREADY_EXISTS
SEC-PUBLIC-REPRODUCIBILITY,RES-P10-EXISTING-FIGURE-FIGURE_08_LEARNED_ALPHA_EN-SVG,True,True,,False,ALL/NA,repo://reports/baseline_v2/p10/public/figures/figure_08_learned_alpha_en.svg,VERIFIED,ALL/NA,False,,P10,PUBLIC_DEIDENTIFIED,Audit-only,existing_public_figure,Existing figure: figure_08_learned_alpha_en.svg,,False,RESULT_ALREADY_EXISTS
SEC-PUBLIC-REPRODUCIBILITY,RES-P10-EXISTING-FIGURE-FIGURE_08_LEARNED_ALPHA_ZH-PNG,True,True,,False,ALL/NA,repo://reports/baseline_v2/p10/public/figures/figure_08_learned_alpha_zh.png,VERIFIED,ALL/NA,False,,P10,PUBLIC_DEIDENTIFIED,Audit-only,existing_public_figure,Existing figure: figure_08_learned_alpha_zh.png,,False,RESULT_ALREADY_EXISTS
SEC-PUBLIC-REPRODUCIBILITY,RES-P10-EXISTING-FIGURE-FIGURE_08_LEARNED_ALPHA_ZH-SVG,True,True,,False,ALL/NA,repo://reports/baseline_v2/p10/public/figures/figure_08_learned_alpha_zh.svg,VERIFIED,ALL/NA,False,,P10,PUBLIC_DEIDENTIFIED,Audit-only,existing_public_figure,Existing figure: figure_08_learned_alpha_zh.svg,,False,RESULT_ALREADY_EXISTS
SEC-PUBLIC-REPRODUCIBILITY,RES-P10-EXISTING-FIGURE-FIGURE_09_GRADCAM_UNDEFINED_EN-PNG,True,True,,False,ALL/NA,repo://reports/baseline_v2/p10/public/figures/figure_09_gradcam_undefined_en.png,VERIFIED,ALL/NA,False,,P10,PUBLIC_DEIDENTIFIED,Audit-only,existing_public_figure,Existing figure: figure_09_gradcam_undefined_en.png,,False,RESULT_ALREADY_EXISTS
SEC-PUBLIC-REPRODUCIBILITY,RES-P10-EXISTING-FIGURE-FIGURE_09_GRADCAM_UNDEFINED_EN-SVG,True,True,,False,ALL/NA,repo://reports/baseline_v2/p10/public/figures/figure_09_gradcam_undefined_en.svg,VERIFIED,ALL/NA,False,,P10,PUBLIC_DEIDENTIFIED,Audit-only,existing_public_figure,Existing figure: figure_09_gradcam_undefined_en.svg,,False,RESULT_ALREADY_EXISTS
SEC-PUBLIC-REPRODUCIBILITY,RES-P10-EXISTING-FIGURE-FIGURE_09_GRADCAM_UNDEFINED_ZH-PNG,True,True,,False,ALL/NA,repo://reports/baseline_v2/p10/public/figures/figure_09_gradcam_undefined_zh.png,VERIFIED,ALL/NA,False,,P10,PUBLIC_DEIDENTIFIED,Audit-only,existing_public_figure,Existing figure: figure_09_gradcam_undefined_zh.png,,False,RESULT_ALREADY_EXISTS
SEC-PUBLIC-REPRODUCIBILITY,RES-P10-EXISTING-FIGURE-FIGURE_09_GRADCAM_UNDEFINED_ZH-SVG,True,True,,False,ALL/NA,repo://reports/baseline_v2/p10/public/figures/figure_09_gradcam_undefined_zh.svg,VERIFIED,ALL/NA,False,,P10,PUBLIC_DEIDENTIFIED,Audit-only,existing_public_figure,Existing figure: figure_09_gradcam_undefined_zh.svg,,False,RESULT_ALREADY_EXISTS
SEC-PUBLIC-REPRODUCIBILITY,RES-P10-EXISTING-FIGURE-FIGURE_10_SPATIAL_FAITHFULNESS_EN-PNG,True,True,,False,ALL/NA,repo://reports/baseline_v2/p10/public/figures/figure_10_spatial_faithfulness_en.png,VERIFIED,ALL/NA,False,,P10,PUBLIC_DEIDENTIFIED,Audit-only,existing_public_figure,Existing figure: figure_10_spatial_faithfulness_en.png,,False,RESULT_ALREADY_EXISTS
SEC-PUBLIC-REPRODUCIBILITY,RES-P10-EXISTING-FIGURE-FIGURE_10_SPATIAL_FAITHFULNESS_EN-SVG,True,True,,False,ALL/NA,repo://reports/baseline_v2/p10/public/figures/figure_10_spatial_faithfulness_en.svg,VERIFIED,ALL/NA,False,,P10,PUBLIC_DEIDENTIFIED,Audit-only,existing_public_figure,Existing figure: figure_10_spatial_faithfulness_en.svg,,False,RESULT_ALREADY_EXISTS
SEC-PUBLIC-REPRODUCIBILITY,RES-P10-EXISTING-FIGURE-FIGURE_10_SPATIAL_FAITHFULNESS_ZH-PNG,True,True,,False,ALL/NA,repo://reports/baseline_v2/p10/public/figures/figure_10_spatial_faithfulness_zh.png,VERIFIED,ALL/NA,False,,P10,PUBLIC_DEIDENTIFIED,Audit-only,existing_public_figure,Existing figure: figure_10_spatial_faithfulness_zh.png,,False,RESULT_ALREADY_EXISTS
SEC-PUBLIC-REPRODUCIBILITY,RES-P10-EXISTING-FIGURE-FIGURE_10_SPATIAL_FAITHFULNESS_ZH-SVG,True,True,,False,ALL/NA,repo://reports/baseline_v2/p10/public/figures/figure_10_spatial_faithfulness_zh.svg,VERIFIED,ALL/NA,False,,P10,PUBLIC_DEIDENTIFIED,Audit-only,existing_public_figure,Existing figure: figure_10_spatial_faithfulness_zh.svg,,False,RESULT_ALREADY_EXISTS
SEC-PRIVATE-APPENDIX,RES-P10-QUALITATIVE-CASE-0001,False,True,RPT-FA02,True,4,private-report://private_case_index.json,VERIFIED,blackbox,False,,P10,PRIVATE_RESTRICTED,Private appendix,qualitative_case,Frozen qualitative case CASE-0001,"RPT-TA01, RPT-TA02",True,RESULT_ALREADY_EXISTS
SEC-PRIVATE-APPENDIX,RES-P10-QUALITATIVE-CASE-0002,False,True,RPT-FA01,True,4,private-report://private_case_index.json,VERIFIED,blackbox,False,,P10,PRIVATE_RESTRICTED,Private appendix,qualitative_case,Frozen qualitative case CASE-0002,"RPT-TA01, RPT-TA02",True,RESULT_ALREADY_EXISTS
SEC-PRIVATE-APPENDIX,RES-P10-QUALITATIVE-CASE-0003,False,True,"RPT-FA05, RPT-FA03",True,0,private-report://private_case_index.json,VERIFIED,standard_cbm,False,,P10,PRIVATE_RESTRICTED,Private appendix,qualitative_case,Frozen qualitative case CASE-0003,"RPT-TA01, RPT-TA02",True,RESULT_ALREADY_EXISTS
SEC-PRIVATE-APPENDIX,RES-P10-QUALITATIVE-CASE-0004,False,True,"RPT-FA02, RPT-FA03, RPT-FA06",True,3,private-report://private_case_index.json,VERIFIED,standard_cbm,False,,P10,PRIVATE_RESTRICTED,Private appendix,qualitative_case,Frozen qualitative case CASE-0004,"RPT-TA01, RPT-TA02",True,RESULT_ALREADY_EXISTS
SEC-PRIVATE-APPENDIX,RES-P10-QUALITATIVE-CASE-0005,False,True,"RPT-FA04, RPT-FA03",True,2,private-report://private_case_index.json,VERIFIED,standard_cbm,False,,P10,PRIVATE_RESTRICTED,Private appendix,qualitative_case,Frozen qualitative case CASE-0005,"RPT-TA01, RPT-TA02",True,RESULT_ALREADY_EXISTS
SEC-PRIVATE-APPENDIX,RES-P10-QUALITATIVE-CASE-0006,False,True,"RPT-FA01, RPT-FA03",True,4,private-report://private_case_index.json,VERIFIED,standard_cbm,False,,P10,PRIVATE_RESTRICTED,Private appendix,qualitative_case,Frozen qualitative case CASE-0006,"RPT-TA01, RPT-TA02",True,RESULT_ALREADY_EXISTS
SEC-PRIVATE-APPENDIX,RES-P10-QUALITATIVE-CASE-0007,False,True,"RPT-FA05, RPT-FA03",True,0,private-report://private_case_index.json,VERIFIED,mixed_cem,False,,P10,PRIVATE_RESTRICTED,Private appendix,qualitative_case,Frozen qualitative case CASE-0007,"RPT-TA01, RPT-TA02",True,RESULT_ALREADY_EXISTS
SEC-PRIVATE-APPENDIX,RES-P10-QUALITATIVE-CASE-0008,False,True,"RPT-FA02, RPT-FA03",True,2,private-report://private_case_index.json,VERIFIED,mixed_cem,False,,P10,PRIVATE_RESTRICTED,Private appendix,qualitative_case,Frozen qualitative case CASE-0008,"RPT-TA01, RPT-TA02",True,RESULT_ALREADY_EXISTS
SEC-PRIVATE-APPENDIX,RES-P10-QUALITATIVE-CASE-0009,False,True,"RPT-FA04, RPT-FA03",True,4,private-report://private_case_index.json,VERIFIED,mixed_cem,False,,P10,PRIVATE_RESTRICTED,Private appendix,qualitative_case,Frozen qualitative case CASE-0009,"RPT-TA01, RPT-TA02",True,RESULT_ALREADY_EXISTS
SEC-PRIVATE-APPENDIX,RES-P10-QUALITATIVE-CASE-0010,False,True,"RPT-FA01, RPT-FA03",True,4,private-report://private_case_index.json,VERIFIED,mixed_cem,False,,P10,PRIVATE_RESTRICTED,Private appendix,qualitative_case,Frozen qualitative case CASE-0010,"RPT-TA01, RPT-TA02",True,RESULT_ALREADY_EXISTS
SEC-PRIVATE-APPENDIX,RES-P10-QUALITATIVE-CASE-0011,False,True,"RPT-FA05, RPT-FA03",True,0,private-report://private_case_index.json,VERIFIED,learned_softmax_gam,False,,P10,PRIVATE_RESTRICTED,Private appendix,qualitative_case,Frozen qualitative case CASE-0011,"RPT-TA01, RPT-TA02",True,RESULT_ALREADY_EXISTS
SEC-PRIVATE-APPENDIX,RES-P10-QUALITATIVE-CASE-0012,False,True,"RPT-FA02, RPT-FA03",True,2,private-report://private_case_index.json,VERIFIED,learned_softmax_gam,False,,P10,PRIVATE_RESTRICTED,Private appendix,qualitative_case,Frozen qualitative case CASE-0012,"RPT-TA01, RPT-TA02",True,RESULT_ALREADY_EXISTS
SEC-PRIVATE-APPENDIX,RES-P10-QUALITATIVE-CASE-0013,False,True,"RPT-FA04, RPT-FA03",True,4,private-report://private_case_index.json,VERIFIED,learned_softmax_gam,False,,P10,PRIVATE_RESTRICTED,Private appendix,qualitative_case,Frozen qualitative case CASE-0013,"RPT-TA01, RPT-TA02",True,RESULT_ALREADY_EXISTS
SEC-PRIVATE-APPENDIX,RES-P10-QUALITATIVE-CASE-0014,False,True,"RPT-FA01, RPT-FA03",True,3,private-report://private_case_index.json,VERIFIED,learned_softmax_gam,False,,P10,PRIVATE_RESTRICTED,Private appendix,qualitative_case,Frozen qualitative case CASE-0014,"RPT-TA01, RPT-TA02",True,RESULT_ALREADY_EXISTS
SEC-PUBLIC-REPRODUCIBILITY,ART-STORAGE-GROUP-BLACKBOX,False,True,,False,ALL/NA,mac-archive://blackbox,VERIFIED,ALL/NA,False,,P5,PRIVATE_RESTRICTED,Audit-only,storage_group,P5 Black-box,,False,RESULT_ALREADY_EXISTS
SEC-PUBLIC-REPRODUCIBILITY,ART-STORAGE-GROUP-STANDARD_CBM,False,True,,False,ALL/NA,mac-archive://standard_cbm,VERIFIED,ALL/NA,False,,P6,PRIVATE_RESTRICTED,Audit-only,storage_group,P6 Standard CBM,,False,RESULT_ALREADY_EXISTS
SEC-PUBLIC-REPRODUCIBILITY,ART-STORAGE-GROUP-CEM,False,True,,False,ALL/NA,mac-archive://cem,VERIFIED,ALL/NA,False,,P7,PRIVATE_RESTRICTED,Audit-only,storage_group,P7 Mixed-type CEM,,False,RESULT_ALREADY_EXISTS
SEC-PUBLIC-REPRODUCIBILITY,ART-STORAGE-GROUP-GAM,False,True,,False,ALL/NA,mac-archive://gam,VERIFIED,ALL/NA,False,,P8,PRIVATE_RESTRICTED,Audit-only,storage_group,P8 Learned-softmax GAM,,False,RESULT_ALREADY_EXISTS
SEC-PUBLIC-REPRODUCIBILITY,ART-STORAGE-GROUP-P9,False,True,,False,ALL/NA,mac-archive://p9,VERIFIED,ALL/NA,False,,P9,PRIVATE_RESTRICTED,Audit-only,storage_group,P9 unified evaluation and spatial evidence,,False,RESULT_ALREADY_EXISTS
SEC-PUBLIC-REPRODUCIBILITY,ART-STORAGE-REPO-6A9158370811,False,True,,False,ALL/NA,repo://artifacts/baseline_v2/audit/p9/bootstrap.json,VERIFIED,ALL/NA,False,,P10,PUBLIC_DEIDENTIFIED,Audit-only,tracked_repository_file,Repository evidence: bootstrap.json,,False,RESULT_ALREADY_EXISTS
SEC-PUBLIC-REPRODUCIBILITY,ART-STORAGE-REPO-41045B5FD3D9,False,True,,False,ALL/NA,repo://artifacts/baseline_v2/audit/p9/concept.json,VERIFIED,ALL/NA,False,,P10,PUBLIC_DEIDENTIFIED,Audit-only,tracked_repository_file,Repository evidence: concept.json,,False,RESULT_ALREADY_EXISTS
SEC-PUBLIC-REPRODUCIBILITY,ART-STORAGE-REPO-BCAA5CD2598F,False,True,,False,ALL/NA,repo://artifacts/baseline_v2/audit/p9/contribution_centering.json,VERIFIED,ALL/NA,False,,P10,PUBLIC_DEIDENTIFIED,Audit-only,tracked_repository_file,Repository evidence: contribution_centering.json,,False,RESULT_ALREADY_EXISTS
SEC-PUBLIC-REPRODUCIBILITY,ART-STORAGE-REPO-3D8044677DBA,False,True,,False,ALL/NA,repo://artifacts/baseline_v2/audit/p9/integrity.json,VERIFIED,ALL/NA,False,,P10,PUBLIC_DEIDENTIFIED,Audit-only,tracked_repository_file,Repository evidence: integrity.json,,False,RESULT_ALREADY_EXISTS
SEC-PUBLIC-REPRODUCIBILITY,ART-STORAGE-REPO-C6FFEF222482,False,True,,False,ALL/NA,repo://artifacts/baseline_v2/audit/p9/intervention.json,VERIFIED,ALL/NA,False,,P10,PUBLIC_DEIDENTIFIED,Audit-only,tracked_repository_file,Repository evidence: intervention.json,,False,RESULT_ALREADY_EXISTS
SEC-PUBLIC-REPRODUCIBILITY,ART-STORAGE-REPO-022BA195D4FF,False,True,,False,ALL/NA,repo://artifacts/baseline_v2/audit/p9/learned_alpha.json,VERIFIED,ALL/NA,False,,P10,PUBLIC_DEIDENTIFIED,Audit-only,tracked_repository_file,Repository evidence: learned_alpha.json,,False,RESULT_ALREADY_EXISTS
SEC-PUBLIC-REPRODUCIBILITY,ART-STORAGE-REPO-2E0A8660AA6E,False,True,,False,ALL/NA,repo://artifacts/baseline_v2/audit/p9/spatial.json,VERIFIED,ALL/NA,False,,P10,PUBLIC_DEIDENTIFIED,Audit-only,tracked_repository_file,Repository evidence: spatial.json,,False,RESULT_ALREADY_EXISTS
SEC-PUBLIC-REPRODUCIBILITY,ART-STORAGE-REPO-86C9E4C9AC88,False,True,,False,ALL/NA,repo://artifacts/baseline_v2/audit/p9/spatial_execution_approval.json,VERIFIED,ALL/NA,False,,P10,PUBLIC_DEIDENTIFIED,Audit-only,tracked_repository_file,Repository evidence: spatial_execution_approval.json,,False,RESULT_ALREADY_EXISTS
SEC-PUBLIC-REPRODUCIBILITY,ART-STORAGE-REPO-208928A8B723,False,True,,False,ALL/NA,repo://artifacts/baseline_v2/audit/p9/summary.json,VERIFIED,ALL/NA,False,,P10,PUBLIC_DEIDENTIFIED,Audit-only,tracked_repository_file,Repository evidence: summary.json,,False,RESULT_ALREADY_EXISTS
SEC-PUBLIC-REPRODUCIBILITY,ART-STORAGE-REPO-2E0A816B1D2C,False,True,,False,ALL/NA,repo://artifacts/baseline_v2/audit/p9/task.json,VERIFIED,ALL/NA,False,,P10,PUBLIC_DEIDENTIFIED,Audit-only,tracked_repository_file,Repository evidence: task.json,,False,RESULT_ALREADY_EXISTS
SEC-PUBLIC-REPRODUCIBILITY,ART-STORAGE-REPO-077BC3B40489,False,True,,False,ALL/NA,repo://reports/baseline_v2/p10/public/figures/figure_01_cohort_flow_en.png,VERIFIED,ALL/NA,False,,P10,PUBLIC_DEIDENTIFIED,Audit-only,legacy_presentation_file,Repository evidence: figure_01_cohort_flow_en.png,,False,RESULT_ALREADY_EXISTS
SEC-PUBLIC-REPRODUCIBILITY,ART-STORAGE-REPO-545318BF1755,False,True,,False,ALL/NA,repo://reports/baseline_v2/p10/public/figures/figure_01_cohort_flow_en.svg,VERIFIED,ALL/NA,False,,P10,PUBLIC_DEIDENTIFIED,Audit-only,legacy_presentation_file,Repository evidence: figure_01_cohort_flow_en.svg,,False,RESULT_ALREADY_EXISTS
SEC-PUBLIC-REPRODUCIBILITY,ART-STORAGE-REPO-6FF419E984DC,False,True,,False,ALL/NA,repo://reports/baseline_v2/p10/public/figures/figure_01_cohort_flow_zh.png,VERIFIED,ALL/NA,False,,P10,PUBLIC_DEIDENTIFIED,Audit-only,legacy_presentation_file,Repository evidence: figure_01_cohort_flow_zh.png,,False,RESULT_ALREADY_EXISTS
SEC-PUBLIC-REPRODUCIBILITY,ART-STORAGE-REPO-46FE7B0C2377,False,True,,False,ALL/NA,repo://reports/baseline_v2/p10/public/figures/figure_01_cohort_flow_zh.svg,VERIFIED,ALL/NA,False,,P10,PUBLIC_DEIDENTIFIED,Audit-only,legacy_presentation_file,Repository evidence: figure_01_cohort_flow_zh.svg,,False,RESULT_ALREADY_EXISTS
SEC-PUBLIC-REPRODUCIBILITY,ART-STORAGE-REPO-B917C1606DA7,False,True,,False,ALL/NA,repo://reports/baseline_v2/p10/public/figures/figure_02_primary_performance_en.png,VERIFIED,ALL/NA,False,,P10,PUBLIC_DEIDENTIFIED,Audit-only,legacy_presentation_file,Repository evidence: figure_02_primary_performance_en.png,,False,RESULT_ALREADY_EXISTS
SEC-PUBLIC-REPRODUCIBILITY,ART-STORAGE-REPO-4B13A115F7A3,False,True,,False,ALL/NA,repo://reports/baseline_v2/p10/public/figures/figure_02_primary_performance_en.svg,VERIFIED,ALL/NA,False,,P10,PUBLIC_DEIDENTIFIED,Audit-only,legacy_presentation_file,Repository evidence: figure_02_primary_performance_en.svg,,False,RESULT_ALREADY_EXISTS
SEC-PUBLIC-REPRODUCIBILITY,ART-STORAGE-REPO-AF48E54F83A4,False,True,,False,ALL/NA,repo://reports/baseline_v2/p10/public/figures/figure_02_primary_performance_zh.png,VERIFIED,ALL/NA,False,,P10,PUBLIC_DEIDENTIFIED,Audit-only,legacy_presentation_file,Repository evidence: figure_02_primary_performance_zh.png,,False,RESULT_ALREADY_EXISTS
SEC-PUBLIC-REPRODUCIBILITY,ART-STORAGE-REPO-840463CCE951,False,True,,False,ALL/NA,repo://reports/baseline_v2/p10/public/figures/figure_02_primary_performance_zh.svg,VERIFIED,ALL/NA,False,,P10,PUBLIC_DEIDENTIFIED,Audit-only,legacy_presentation_file,Repository evidence: figure_02_primary_performance_zh.svg,,False,RESULT_ALREADY_EXISTS
SEC-PUBLIC-REPRODUCIBILITY,ART-STORAGE-REPO-2BD5EE500B67,False,True,,False,ALL/NA,repo://reports/baseline_v2/p10/public/figures/figure_03_paired_mae_en.png,VERIFIED,ALL/NA,False,,P10,PUBLIC_DEIDENTIFIED,Audit-only,legacy_presentation_file,Repository evidence: figure_03_paired_mae_en.png,,False,RESULT_ALREADY_EXISTS
SEC-PUBLIC-REPRODUCIBILITY,ART-STORAGE-REPO-E98028DC3ABA,False,True,,False,ALL/NA,repo://reports/baseline_v2/p10/public/figures/figure_03_paired_mae_en.svg,VERIFIED,ALL/NA,False,,P10,PUBLIC_DEIDENTIFIED,Audit-only,legacy_presentation_file,Repository evidence: figure_03_paired_mae_en.svg,,False,RESULT_ALREADY_EXISTS
SEC-PUBLIC-REPRODUCIBILITY,ART-STORAGE-REPO-769549509B90,False,True,,False,ALL/NA,repo://reports/baseline_v2/p10/public/figures/figure_03_paired_mae_zh.png,VERIFIED,ALL/NA,False,,P10,PUBLIC_DEIDENTIFIED,Audit-only,legacy_presentation_file,Repository evidence: figure_03_paired_mae_zh.png,,False,RESULT_ALREADY_EXISTS
SEC-PUBLIC-REPRODUCIBILITY,ART-STORAGE-REPO-2BCCFB187792,False,True,,False,ALL/NA,repo://reports/baseline_v2/p10/public/figures/figure_03_paired_mae_zh.svg,VERIFIED,ALL/NA,False,,P10,PUBLIC_DEIDENTIFIED,Audit-only,legacy_presentation_file,Repository evidence: figure_03_paired_mae_zh.svg,,False,RESULT_ALREADY_EXISTS
SEC-PUBLIC-REPRODUCIBILITY,ART-STORAGE-REPO-9699CFB8F58B,False,True,,False,ALL/NA,repo://reports/baseline_v2/p10/public/figures/figure_04_secondary_en.png,VERIFIED,ALL/NA,False,,P10,PUBLIC_DEIDENTIFIED,Audit-only,legacy_presentation_file,Repository evidence: figure_04_secondary_en.png,,False,RESULT_ALREADY_EXISTS
SEC-PUBLIC-REPRODUCIBILITY,ART-STORAGE-REPO-E031363BCE50,False,True,,False,ALL/NA,repo://reports/baseline_v2/p10/public/figures/figure_04_secondary_en.svg,VERIFIED,ALL/NA,False,,P10,PUBLIC_DEIDENTIFIED,Audit-only,legacy_presentation_file,Repository evidence: figure_04_secondary_en.svg,,False,RESULT_ALREADY_EXISTS
SEC-PUBLIC-REPRODUCIBILITY,ART-STORAGE-REPO-BC70CC19329E,False,True,,False,ALL/NA,repo://reports/baseline_v2/p10/public/figures/figure_04_secondary_zh.png,VERIFIED,ALL/NA,False,,P10,PUBLIC_DEIDENTIFIED,Audit-only,legacy_presentation_file,Repository evidence: figure_04_secondary_zh.png,,False,RESULT_ALREADY_EXISTS
SEC-PUBLIC-REPRODUCIBILITY,ART-STORAGE-REPO-154FE8050A7A,False,True,,False,ALL/NA,repo://reports/baseline_v2/p10/public/figures/figure_04_secondary_zh.svg,VERIFIED,ALL/NA,False,,P10,PUBLIC_DEIDENTIFIED,Audit-only,legacy_presentation_file,Repository evidence: figure_04_secondary_zh.svg,,False,RESULT_ALREADY_EXISTS
SEC-PUBLIC-REPRODUCIBILITY,ART-STORAGE-REPO-0D7E40DB4034,False,True,,False,ALL/NA,repo://reports/baseline_v2/p10/public/figures/figure_05_concept_metrics_en.png,VERIFIED,ALL/NA,False,,P10,PUBLIC_DEIDENTIFIED,Audit-only,legacy_presentation_file,Repository evidence: figure_05_concept_metrics_en.png,,False,RESULT_ALREADY_EXISTS
SEC-PUBLIC-REPRODUCIBILITY,ART-STORAGE-REPO-F2684134DF58,False,True,,False,ALL/NA,repo://reports/baseline_v2/p10/public/figures/figure_05_concept_metrics_en.svg,VERIFIED,ALL/NA,False,,P10,PUBLIC_DEIDENTIFIED,Audit-only,legacy_presentation_file,Repository evidence: figure_05_concept_metrics_en.svg,,False,RESULT_ALREADY_EXISTS
SEC-PUBLIC-REPRODUCIBILITY,ART-STORAGE-REPO-916086B64170,False,True,,False,ALL/NA,repo://reports/baseline_v2/p10/public/figures/figure_05_concept_metrics_zh.png,VERIFIED,ALL/NA,False,,P10,PUBLIC_DEIDENTIFIED,Audit-only,legacy_presentation_file,Repository evidence: figure_05_concept_metrics_zh.png,,False,RESULT_ALREADY_EXISTS
SEC-PUBLIC-REPRODUCIBILITY,ART-STORAGE-REPO-14287A92E0C3,False,True,,False,ALL/NA,repo://reports/baseline_v2/p10/public/figures/figure_05_concept_metrics_zh.svg,VERIFIED,ALL/NA,False,,P10,PUBLIC_DEIDENTIFIED,Audit-only,legacy_presentation_file,Repository evidence: figure_05_concept_metrics_zh.svg,,False,RESULT_ALREADY_EXISTS
SEC-PUBLIC-REPRODUCIBILITY,ART-STORAGE-REPO-4E0D1BC16716,False,True,,False,ALL/NA,repo://reports/baseline_v2/p10/public/figures/figure_06_intervention_curves_en.png,VERIFIED,ALL/NA,False,,P10,PUBLIC_DEIDENTIFIED,Audit-only,legacy_presentation_file,Repository evidence: figure_06_intervention_curves_en.png,,False,RESULT_ALREADY_EXISTS
SEC-PUBLIC-REPRODUCIBILITY,ART-STORAGE-REPO-C3D833B99AF2,False,True,,False,ALL/NA,repo://reports/baseline_v2/p10/public/figures/figure_06_intervention_curves_en.svg,VERIFIED,ALL/NA,False,,P10,PUBLIC_DEIDENTIFIED,Audit-only,legacy_presentation_file,Repository evidence: figure_06_intervention_curves_en.svg,,False,RESULT_ALREADY_EXISTS
SEC-PUBLIC-REPRODUCIBILITY,ART-STORAGE-REPO-AA88C3B04A58,False,True,,False,ALL/NA,repo://reports/baseline_v2/p10/public/figures/figure_06_intervention_curves_zh.png,VERIFIED,ALL/NA,False,,P10,PUBLIC_DEIDENTIFIED,Audit-only,legacy_presentation_file,Repository evidence: figure_06_intervention_curves_zh.png,,False,RESULT_ALREADY_EXISTS
SEC-PUBLIC-REPRODUCIBILITY,ART-STORAGE-REPO-98508DC07F0E,False,True,,False,ALL/NA,repo://reports/baseline_v2/p10/public/figures/figure_06_intervention_curves_zh.svg,VERIFIED,ALL/NA,False,,P10,PUBLIC_DEIDENTIFIED,Audit-only,legacy_presentation_file,Repository evidence: figure_06_intervention_curves_zh.svg,,False,RESULT_ALREADY_EXISTS
SEC-PUBLIC-REPRODUCIBILITY,ART-STORAGE-REPO-35412A3A382F,False,True,,False,ALL/NA,repo://reports/baseline_v2/p10/public/figures/figure_07_centered_contributions_en.png,VERIFIED,ALL/NA,False,,P10,PUBLIC_DEIDENTIFIED,Audit-only,legacy_presentation_file,Repository evidence: figure_07_centered_contributions_en.png,,False,RESULT_ALREADY_EXISTS
SEC-PUBLIC-REPRODUCIBILITY,ART-STORAGE-REPO-7DE37514F403,False,True,,False,ALL/NA,repo://reports/baseline_v2/p10/public/figures/figure_07_centered_contributions_en.svg,VERIFIED,ALL/NA,False,,P10,PUBLIC_DEIDENTIFIED,Audit-only,legacy_presentation_file,Repository evidence: figure_07_centered_contributions_en.svg,,False,RESULT_ALREADY_EXISTS
SEC-PUBLIC-REPRODUCIBILITY,ART-STORAGE-REPO-86FEC0414345,False,True,,False,ALL/NA,repo://reports/baseline_v2/p10/public/figures/figure_07_centered_contributions_zh.png,VERIFIED,ALL/NA,False,,P10,PUBLIC_DEIDENTIFIED,Audit-only,legacy_presentation_file,Repository evidence: figure_07_centered_contributions_zh.png,,False,RESULT_ALREADY_EXISTS
SEC-PUBLIC-REPRODUCIBILITY,ART-STORAGE-REPO-83FF2010FEDE,False,True,,False,ALL/NA,repo://reports/baseline_v2/p10/public/figures/figure_07_centered_contributions_zh.svg,VERIFIED,ALL/NA,False,,P10,PUBLIC_DEIDENTIFIED,Audit-only,legacy_presentation_file,Repository evidence: figure_07_centered_contributions_zh.svg,,False,RESULT_ALREADY_EXISTS
SEC-PUBLIC-REPRODUCIBILITY,ART-STORAGE-REPO-7D3B6F0DDE93,False,True,,False,ALL/NA,repo://reports/baseline_v2/p10/public/figures/figure_08_learned_alpha_en.png,VERIFIED,ALL/NA,False,,P10,PUBLIC_DEIDENTIFIED,Audit-only,legacy_presentation_file,Repository evidence: figure_08_learned_alpha_en.png,,False,RESULT_ALREADY_EXISTS
SEC-PUBLIC-REPRODUCIBILITY,ART-STORAGE-REPO-F05D3A198486,False,True,,False,ALL/NA,repo://reports/baseline_v2/p10/public/figures/figure_08_learned_alpha_en.svg,VERIFIED,ALL/NA,False,,P10,PUBLIC_DEIDENTIFIED,Audit-only,legacy_presentation_file,Repository evidence: figure_08_learned_alpha_en.svg,,False,RESULT_ALREADY_EXISTS
SEC-PUBLIC-REPRODUCIBILITY,ART-STORAGE-REPO-ED110EF8ECA9,False,True,,False,ALL/NA,repo://reports/baseline_v2/p10/public/figures/figure_08_learned_alpha_zh.png,VERIFIED,ALL/NA,False,,P10,PUBLIC_DEIDENTIFIED,Audit-only,legacy_presentation_file,Repository evidence: figure_08_learned_alpha_zh.png,,False,RESULT_ALREADY_EXISTS
SEC-PUBLIC-REPRODUCIBILITY,ART-STORAGE-REPO-2606707DAED8,False,True,,False,ALL/NA,repo://reports/baseline_v2/p10/public/figures/figure_08_learned_alpha_zh.svg,VERIFIED,ALL/NA,False,,P10,PUBLIC_DEIDENTIFIED,Audit-only,legacy_presentation_file,Repository evidence: figure_08_learned_alpha_zh.svg,,False,RESULT_ALREADY_EXISTS
SEC-PUBLIC-REPRODUCIBILITY,ART-STORAGE-REPO-5AC26D28BCDF,False,True,,False,ALL/NA,repo://reports/baseline_v2/p10/public/figures/figure_09_gradcam_undefined_en.png,VERIFIED,ALL/NA,False,,P10,PUBLIC_DEIDENTIFIED,Audit-only,legacy_presentation_file,Repository evidence: figure_09_gradcam_undefined_en.png,,False,RESULT_ALREADY_EXISTS
SEC-PUBLIC-REPRODUCIBILITY,ART-STORAGE-REPO-9FFE0641AADB,False,True,,False,ALL/NA,repo://reports/baseline_v2/p10/public/figures/figure_09_gradcam_undefined_en.svg,VERIFIED,ALL/NA,False,,P10,PUBLIC_DEIDENTIFIED,Audit-only,legacy_presentation_file,Repository evidence: figure_09_gradcam_undefined_en.svg,,False,RESULT_ALREADY_EXISTS
SEC-PUBLIC-REPRODUCIBILITY,ART-STORAGE-REPO-9D71F7126B23,False,True,,False,ALL/NA,repo://reports/baseline_v2/p10/public/figures/figure_09_gradcam_undefined_zh.png,VERIFIED,ALL/NA,False,,P10,PUBLIC_DEIDENTIFIED,Audit-only,legacy_presentation_file,Repository evidence: figure_09_gradcam_undefined_zh.png,,False,RESULT_ALREADY_EXISTS
SEC-PUBLIC-REPRODUCIBILITY,ART-STORAGE-REPO-9951E2409FF8,False,True,,False,ALL/NA,repo://reports/baseline_v2/p10/public/figures/figure_09_gradcam_undefined_zh.svg,VERIFIED,ALL/NA,False,,P10,PUBLIC_DEIDENTIFIED,Audit-only,legacy_presentation_file,Repository evidence: figure_09_gradcam_undefined_zh.svg,,False,RESULT_ALREADY_EXISTS
SEC-PUBLIC-REPRODUCIBILITY,ART-STORAGE-REPO-5ABF0E0DC0A3,False,True,,False,ALL/NA,repo://reports/baseline_v2/p10/public/figures/figure_10_spatial_faithfulness_en.png,VERIFIED,ALL/NA,False,,P10,PUBLIC_DEIDENTIFIED,Audit-only,legacy_presentation_file,Repository evidence: figure_10_spatial_faithfulness_en.png,,False,RESULT_ALREADY_EXISTS
SEC-PUBLIC-REPRODUCIBILITY,ART-STORAGE-REPO-F4D57B1F1EEC,False,True,,False,ALL/NA,repo://reports/baseline_v2/p10/public/figures/figure_10_spatial_faithfulness_en.svg,VERIFIED,ALL/NA,False,,P10,PUBLIC_DEIDENTIFIED,Audit-only,legacy_presentation_file,Repository evidence: figure_10_spatial_faithfulness_en.svg,,False,RESULT_ALREADY_EXISTS
SEC-PUBLIC-REPRODUCIBILITY,ART-STORAGE-REPO-B880BF8F0DBA,False,True,,False,ALL/NA,repo://reports/baseline_v2/p10/public/figures/figure_10_spatial_faithfulness_zh.png,VERIFIED,ALL/NA,False,,P10,PUBLIC_DEIDENTIFIED,Audit-only,legacy_presentation_file,Repository evidence: figure_10_spatial_faithfulness_zh.png,,False,RESULT_ALREADY_EXISTS
SEC-PUBLIC-REPRODUCIBILITY,ART-STORAGE-REPO-562799D0B074,False,True,,False,ALL/NA,repo://reports/baseline_v2/p10/public/figures/figure_10_spatial_faithfulness_zh.svg,VERIFIED,ALL/NA,False,,P10,PUBLIC_DEIDENTIFIED,Audit-only,legacy_presentation_file,Repository evidence: figure_10_spatial_faithfulness_zh.svg,,False,RESULT_ALREADY_EXISTS
SEC-PUBLIC-REPRODUCIBILITY,ART-STORAGE-REPO-27A026CCA206,False,True,,False,ALL/NA,repo://reports/baseline_v2/p10/public/short_en.pdf,VERIFIED,ALL/NA,False,,P10,PUBLIC_DEIDENTIFIED,Audit-only,legacy_presentation_file,Repository evidence: short_en.pdf,,False,RESULT_ALREADY_EXISTS
SEC-PUBLIC-REPRODUCIBILITY,ART-STORAGE-REPO-83FCFAE7719E,False,True,,False,ALL/NA,repo://reports/baseline_v2/p10/public/short_zh.pdf,VERIFIED,ALL/NA,False,,P10,PUBLIC_DEIDENTIFIED,Audit-only,legacy_presentation_file,Repository evidence: short_zh.pdf,,False,RESULT_ALREADY_EXISTS
SEC-PUBLIC-REPRODUCIBILITY,ART-STORAGE-REPO-E5EE835423FA,False,True,,False,ALL/NA,repo://reports/baseline_v2/p10/public/technical_en.pdf,VERIFIED,ALL/NA,False,,P10,PUBLIC_DEIDENTIFIED,Audit-only,legacy_presentation_file,Repository evidence: technical_en.pdf,,False,RESULT_ALREADY_EXISTS
SEC-PUBLIC-REPRODUCIBILITY,ART-STORAGE-REPO-D9F8FA3A1691,False,True,,False,ALL/NA,repo://reports/baseline_v2/p10/public/technical_zh.pdf,VERIFIED,ALL/NA,False,,P10,PUBLIC_DEIDENTIFIED,Audit-only,legacy_presentation_file,Repository evidence: technical_zh.pdf,,False,RESULT_ALREADY_EXISTS
SEC-PRIVATE-APPENDIX,ART-STORAGE-PRIVATE-REPORT-AB3970F0059F,False,True,,False,ALL/NA,private-report://panel_sources/CASE-0001.npz,VERIFIED,ALL/NA,False,,P10,PRIVATE_RESTRICTED,Private appendix,private_report_file,Private report asset: CASE-0001.npz,,False,RESULT_ALREADY_EXISTS
SEC-PRIVATE-APPENDIX,ART-STORAGE-PRIVATE-REPORT-89A442CAE9CD,False,True,,False,ALL/NA,private-report://panel_sources/CASE-0002.npz,VERIFIED,ALL/NA,False,,P10,PRIVATE_RESTRICTED,Private appendix,private_report_file,Private report asset: CASE-0002.npz,,False,RESULT_ALREADY_EXISTS
SEC-PRIVATE-APPENDIX,ART-STORAGE-PRIVATE-REPORT-64E41AA93AC7,False,True,,False,ALL/NA,private-report://panel_sources/CASE-0003.npz,VERIFIED,ALL/NA,False,,P10,PRIVATE_RESTRICTED,Private appendix,private_report_file,Private report asset: CASE-0003.npz,,False,RESULT_ALREADY_EXISTS
SEC-PRIVATE-APPENDIX,ART-STORAGE-PRIVATE-REPORT-3EBD48C1BDFC,False,True,,False,ALL/NA,private-report://panel_sources/CASE-0004.npz,VERIFIED,ALL/NA,False,,P10,PRIVATE_RESTRICTED,Private appendix,private_report_file,Private report asset: CASE-0004.npz,,False,RESULT_ALREADY_EXISTS
SEC-PRIVATE-APPENDIX,ART-STORAGE-PRIVATE-REPORT-A7B7FC1653E2,False,True,,False,ALL/NA,private-report://panel_sources/CASE-0005.npz,VERIFIED,ALL/NA,False,,P10,PRIVATE_RESTRICTED,Private appendix,private_report_file,Private report asset: CASE-0005.npz,,False,RESULT_ALREADY_EXISTS
SEC-PRIVATE-APPENDIX,ART-STORAGE-PRIVATE-REPORT-A4467F5C2277,False,True,,False,ALL/NA,private-report://panel_sources/CASE-0006.npz,VERIFIED,ALL/NA,False,,P10,PRIVATE_RESTRICTED,Private appendix,private_report_file,Private report asset: CASE-0006.npz,,False,RESULT_ALREADY_EXISTS
SEC-PRIVATE-APPENDIX,ART-STORAGE-PRIVATE-REPORT-CC57A1703000,False,True,,False,ALL/NA,private-report://panel_sources/CASE-0007.npz,VERIFIED,ALL/NA,False,,P10,PRIVATE_RESTRICTED,Private appendix,private_report_file,Private report asset: CASE-0007.npz,,False,RESULT_ALREADY_EXISTS
SEC-PRIVATE-APPENDIX,ART-STORAGE-PRIVATE-REPORT-B0287B81433B,False,True,,False,ALL/NA,private-report://panel_sources/CASE-0008.npz,VERIFIED,ALL/NA,False,,P10,PRIVATE_RESTRICTED,Private appendix,private_report_file,Private report asset: CASE-0008.npz,,False,RESULT_ALREADY_EXISTS
SEC-PRIVATE-APPENDIX,ART-STORAGE-PRIVATE-REPORT-3C3A922FB24C,False,True,,False,ALL/NA,private-report://panel_sources/CASE-0009.npz,VERIFIED,ALL/NA,False,,P10,PRIVATE_RESTRICTED,Private appendix,private_report_file,Private report asset: CASE-0009.npz,,False,RESULT_ALREADY_EXISTS
SEC-PRIVATE-APPENDIX,ART-STORAGE-PRIVATE-REPORT-E37DC9BAC7F4,False,True,,False,ALL/NA,private-report://panel_sources/CASE-0010.npz,VERIFIED,ALL/NA,False,,P10,PRIVATE_RESTRICTED,Private appendix,private_report_file,Private report asset: CASE-0010.npz,,False,RESULT_ALREADY_EXISTS
SEC-PRIVATE-APPENDIX,ART-STORAGE-PRIVATE-REPORT-2C1A0DC40750,False,True,,False,ALL/NA,private-report://panel_sources/CASE-0011.npz,VERIFIED,ALL/NA,False,,P10,PRIVATE_RESTRICTED,Private appendix,private_report_file,Private report asset: CASE-0011.npz,,False,RESULT_ALREADY_EXISTS
SEC-PRIVATE-APPENDIX,ART-STORAGE-PRIVATE-REPORT-E9E900495EA3,False,True,,False,ALL/NA,private-report://panel_sources/CASE-0012.npz,VERIFIED,ALL/NA,False,,P10,PRIVATE_RESTRICTED,Private appendix,private_report_file,Private report asset: CASE-0012.npz,,False,RESULT_ALREADY_EXISTS
SEC-PRIVATE-APPENDIX,ART-STORAGE-PRIVATE-REPORT-77BF456F3D9F,False,True,,False,ALL/NA,private-report://panel_sources/CASE-0013.npz,VERIFIED,ALL/NA,False,,P10,PRIVATE_RESTRICTED,Private appendix,private_report_file,Private report asset: CASE-0013.npz,,False,RESULT_ALREADY_EXISTS
SEC-PRIVATE-APPENDIX,ART-STORAGE-PRIVATE-REPORT-3BAE73EC7A4F,False,True,,False,ALL/NA,private-report://panel_sources/CASE-0014.npz,VERIFIED,ALL/NA,False,,P10,PRIVATE_RESTRICTED,Private appendix,private_report_file,Private report asset: CASE-0014.npz,,False,RESULT_ALREADY_EXISTS
SEC-PRIVATE-APPENDIX,ART-STORAGE-PRIVATE-REPORT-F5EF6C071093,False,True,,False,ALL/NA,private-report://panels/CASE-0001.png,VERIFIED,ALL/NA,False,,P10,PRIVATE_RESTRICTED,Audit-only,legacy_private_presentation_file,Private report asset: CASE-0001.png,,False,RESULT_ALREADY_EXISTS
SEC-PRIVATE-APPENDIX,ART-STORAGE-PRIVATE-REPORT-DE10E98A6428,False,True,,False,ALL/NA,private-report://panels/CASE-0002.png,VERIFIED,ALL/NA,False,,P10,PRIVATE_RESTRICTED,Audit-only,legacy_private_presentation_file,Private report asset: CASE-0002.png,,False,RESULT_ALREADY_EXISTS
SEC-PRIVATE-APPENDIX,ART-STORAGE-PRIVATE-REPORT-BE081B14A104,False,True,,False,ALL/NA,private-report://panels/CASE-0003.png,VERIFIED,ALL/NA,False,,P10,PRIVATE_RESTRICTED,Audit-only,legacy_private_presentation_file,Private report asset: CASE-0003.png,,False,RESULT_ALREADY_EXISTS
SEC-PRIVATE-APPENDIX,ART-STORAGE-PRIVATE-REPORT-B12EAC548D49,False,True,,False,ALL/NA,private-report://panels/CASE-0004.png,VERIFIED,ALL/NA,False,,P10,PRIVATE_RESTRICTED,Audit-only,legacy_private_presentation_file,Private report asset: CASE-0004.png,,False,RESULT_ALREADY_EXISTS
SEC-PRIVATE-APPENDIX,ART-STORAGE-PRIVATE-REPORT-517A90175202,False,True,,False,ALL/NA,private-report://panels/CASE-0005.png,VERIFIED,ALL/NA,False,,P10,PRIVATE_RESTRICTED,Audit-only,legacy_private_presentation_file,Private report asset: CASE-0005.png,,False,RESULT_ALREADY_EXISTS
SEC-PRIVATE-APPENDIX,ART-STORAGE-PRIVATE-REPORT-E87A72A607A3,False,True,,False,ALL/NA,private-report://panels/CASE-0006.png,VERIFIED,ALL/NA,False,,P10,PRIVATE_RESTRICTED,Audit-only,legacy_private_presentation_file,Private report asset: CASE-0006.png,,False,RESULT_ALREADY_EXISTS
SEC-PRIVATE-APPENDIX,ART-STORAGE-PRIVATE-REPORT-639579B2F942,False,True,,False,ALL/NA,private-report://panels/CASE-0007.png,VERIFIED,ALL/NA,False,,P10,PRIVATE_RESTRICTED,Audit-only,legacy_private_presentation_file,Private report asset: CASE-0007.png,,False,RESULT_ALREADY_EXISTS
SEC-PRIVATE-APPENDIX,ART-STORAGE-PRIVATE-REPORT-CCE303B31061,False,True,,False,ALL/NA,private-report://panels/CASE-0008.png,VERIFIED,ALL/NA,False,,P10,PRIVATE_RESTRICTED,Audit-only,legacy_private_presentation_file,Private report asset: CASE-0008.png,,False,RESULT_ALREADY_EXISTS
SEC-PRIVATE-APPENDIX,ART-STORAGE-PRIVATE-REPORT-CCE32CB12567,False,True,,False,ALL/NA,private-report://panels/CASE-0009.png,VERIFIED,ALL/NA,False,,P10,PRIVATE_RESTRICTED,Audit-only,legacy_private_presentation_file,Private report asset: CASE-0009.png,,False,RESULT_ALREADY_EXISTS
SEC-PRIVATE-APPENDIX,ART-STORAGE-PRIVATE-REPORT-D6DCCC250D99,False,True,,False,ALL/NA,private-report://panels/CASE-0010.png,VERIFIED,ALL/NA,False,,P10,PRIVATE_RESTRICTED,Audit-only,legacy_private_presentation_file,Private report asset: CASE-0010.png,,False,RESULT_ALREADY_EXISTS
SEC-PRIVATE-APPENDIX,ART-STORAGE-PRIVATE-REPORT-A4B5C1313787,False,True,,False,ALL/NA,private-report://panels/CASE-0011.png,VERIFIED,ALL/NA,False,,P10,PRIVATE_RESTRICTED,Audit-only,legacy_private_presentation_file,Private report asset: CASE-0011.png,,False,RESULT_ALREADY_EXISTS
SEC-PRIVATE-APPENDIX,ART-STORAGE-PRIVATE-REPORT-0A66B4A238EC,False,True,,False,ALL/NA,private-report://panels/CASE-0012.png,VERIFIED,ALL/NA,False,,P10,PRIVATE_RESTRICTED,Audit-only,legacy_private_presentation_file,Private report asset: CASE-0012.png,,False,RESULT_ALREADY_EXISTS
SEC-PRIVATE-APPENDIX,ART-STORAGE-PRIVATE-REPORT-0CFDD6E4C25F,False,True,,False,ALL/NA,private-report://panels/CASE-0013.png,VERIFIED,ALL/NA,False,,P10,PRIVATE_RESTRICTED,Audit-only,legacy_private_presentation_file,Private report asset: CASE-0013.png,,False,RESULT_ALREADY_EXISTS
SEC-PRIVATE-APPENDIX,ART-STORAGE-PRIVATE-REPORT-3D39EDCA1AE7,False,True,,False,ALL/NA,private-report://panels/CASE-0014.png,VERIFIED,ALL/NA,False,,P10,PRIVATE_RESTRICTED,Audit-only,legacy_private_presentation_file,Private report asset: CASE-0014.png,,False,RESULT_ALREADY_EXISTS
SEC-PRIVATE-APPENDIX,ART-STORAGE-PRIVATE-REPORT-6AE57C73220A,False,True,,False,ALL/NA,private-report://private_case_index.json,VERIFIED,ALL/NA,False,,P10,PRIVATE_RESTRICTED,Private appendix,private_report_file,Private report asset: private_case_index.json,,False,RESULT_ALREADY_EXISTS
SEC-PRIVATE-APPENDIX,ART-STORAGE-PRIVATE-REPORT-00582AA1D2DD,False,True,,False,ALL/NA,private-report://private_visual_qa.json,VERIFIED,ALL/NA,False,,P10,PRIVATE_RESTRICTED,Private appendix,private_report_file,Private report asset: private_visual_qa.json,,False,RESULT_ALREADY_EXISTS
SEC-PRIVATE-APPENDIX,ART-STORAGE-PRIVATE-REPORT-66B2203C89DB,False,True,,False,ALL/NA,private-report://qualitative_appendix_en.md,VERIFIED,ALL/NA,False,,P10,PRIVATE_RESTRICTED,Private appendix,private_report_file,Private report asset: qualitative_appendix_en.md,,False,RESULT_ALREADY_EXISTS
SEC-PRIVATE-APPENDIX,ART-STORAGE-PRIVATE-REPORT-5619698707E5,False,True,,False,ALL/NA,private-report://qualitative_appendix_en.pdf,VERIFIED,ALL/NA,False,,P10,PRIVATE_RESTRICTED,Audit-only,legacy_private_presentation_file,Private report asset: qualitative_appendix_en.pdf,,False,RESULT_ALREADY_EXISTS
SEC-PRIVATE-APPENDIX,ART-STORAGE-PRIVATE-REPORT-77796C3E95AB,False,True,,False,ALL/NA,private-report://qualitative_appendix_zh.md,VERIFIED,ALL/NA,False,,P10,PRIVATE_RESTRICTED,Private appendix,private_report_file,Private report asset: qualitative_appendix_zh.md,,False,RESULT_ALREADY_EXISTS
SEC-PRIVATE-APPENDIX,ART-STORAGE-PRIVATE-REPORT-46AD4E6BF814,False,True,,False,ALL/NA,private-report://qualitative_appendix_zh.pdf,VERIFIED,ALL/NA,False,,P10,PRIVATE_RESTRICTED,Audit-only,legacy_private_presentation_file,Private report asset: qualitative_appendix_zh.pdf,,False,RESULT_ALREADY_EXISTS
SEC-PRIVATE-APPENDIX,ART-STORAGE-PRIVATE-REPORT-53EAE3C7485E,False,True,,False,ALL/NA,private-report://technical_en_with_appendix.pdf,VERIFIED,ALL/NA,False,,P10,PRIVATE_RESTRICTED,Audit-only,legacy_private_presentation_file,Private report asset: technical_en_with_appendix.pdf,,False,RESULT_ALREADY_EXISTS
SEC-PRIVATE-APPENDIX,ART-STORAGE-PRIVATE-REPORT-2FA5B3E92D5A,False,True,,False,ALL/NA,private-report://technical_zh_with_appendix.pdf,VERIFIED,ALL/NA,False,,P10,PRIVATE_RESTRICTED,Audit-only,legacy_private_presentation_file,Private report asset: technical_zh_with_appendix.pdf,,False,RESULT_ALREADY_EXISTS
SEC-DATASET,RES-P10-REPORT-EVIDENCE-01,False,True,RPT-F02,True,ALL/NA,repo://docs/results/P10_CATALOGUE_DRIVEN_BILINGUAL_REPORT_PLAN.md,VERIFIED,ALL/NA,False,,P10,PUBLIC_DEIDENTIFIED,Main report,report_evidence_map,Dataset and preprocessing,"RPT-T02, RPT-T03",True,RESULT_ALREADY_EXISTS
SEC-METHODS,RES-P10-REPORT-EVIDENCE-02,False,True,RPT-F03,True,ALL/NA,repo://docs/results/P10_CATALOGUE_DRIVEN_BILINGUAL_REPORT_PLAN.md,VERIFIED,ALL/NA,False,,P10,PUBLIC_DEIDENTIFIED,Main report,report_evidence_map,Model design,RPT-T04,True,RESULT_ALREADY_EXISTS
SEC-RESULTS-PREDICTION,RES-P10-REPORT-EVIDENCE-03,False,True,"RPT-F04, RPT-F05, RPT-F06",True,ALL/NA,repo://docs/results/P10_CATALOGUE_DRIVEN_BILINGUAL_REPORT_PLAN.md,VERIFIED,ALL/NA,False,,P10,PUBLIC_DEIDENTIFIED,Main report,report_evidence_map,Prediction,"RPT-T07, RPT-T08, RPT-T09, RPT-T10",True,RESULT_ALREADY_EXISTS
SEC-RESULTS-WHERE,RES-P10-REPORT-EVIDENCE-04,False,True,"RPT-F07, RPT-F08",True,ALL/NA,repo://docs/results/P10_CATALOGUE_DRIVEN_BILINGUAL_REPORT_PLAN.md,VERIFIED,ALL/NA,False,,P10,PUBLIC_DEIDENTIFIED,Main report,report_evidence_map,WHERE,"RPT-T13, RPT-T14",True,RESULT_ALREADY_EXISTS
SEC-RESULTS-WHAT,RES-P10-REPORT-EVIDENCE-05,False,True,"RPT-F09A, RPT-F09B",True,ALL/NA,repo://docs/results/P10_CATALOGUE_DRIVEN_BILINGUAL_REPORT_PLAN.md,VERIFIED,ALL/NA,False,,P10,PUBLIC_DEIDENTIFIED,Main report,report_evidence_map,WHAT,"RPT-T11, RPT-T12",True,RESULT_ALREADY_EXISTS
SEC-RESULTS-WHY,RES-P10-REPORT-EVIDENCE-06,False,True,"RPT-F10, RPT-F11",True,ALL/NA,repo://docs/results/P10_CATALOGUE_DRIVEN_BILINGUAL_REPORT_PLAN.md,VERIFIED,ALL/NA,False,,P10,PUBLIC_DEIDENTIFIED,Main report,report_evidence_map,WHY,"RPT-T15, RPT-T16",True,RESULT_ALREADY_EXISTS
SEC-RESULTS-HOW,RES-P10-REPORT-EVIDENCE-07,False,True,RPT-F12,True,ALL/NA,repo://docs/results/P10_CATALOGUE_DRIVEN_BILINGUAL_REPORT_PLAN.md,VERIFIED,ALL/NA,False,,P10,PUBLIC_DEIDENTIFIED,Main report,report_evidence_map,HOW,RPT-T17,True,RESULT_ALREADY_EXISTS
SEC-RESULTS-SYNTHESIS,RES-P10-REPORT-EVIDENCE-08,False,True,RPT-F13,True,ALL/NA,repo://docs/results/P10_CATALOGUE_DRIVEN_BILINGUAL_REPORT_PLAN.md,VERIFIED,ALL/NA,False,,P10,PUBLIC_DEIDENTIFIED,Main report,report_evidence_map,Integrated interpretation,RPT-T18,True,RESULT_ALREADY_EXISTS
SEC-DISCUSSION,RES-P10-REPORT-EVIDENCE-09,False,True,,False,ALL/NA,repo://docs/results/P10_CATALOGUE_DRIVEN_BILINGUAL_REPORT_PLAN.md,VERIFIED,ALL/NA,False,,P10,PUBLIC_DEIDENTIFIED,Main report,report_evidence_map,Discussion,,False,RESULT_ALREADY_EXISTS
SEC-LIMITATIONS,RES-P10-REPORT-EVIDENCE-10,False,True,RPT-FA05,True,ALL/NA,repo://docs/results/P10_CATALOGUE_DRIVEN_BILINGUAL_REPORT_PLAN.md,VERIFIED,ALL/NA,False,,P10,PUBLIC_DEIDENTIFIED,Main report,report_evidence_map,Limitations,,False,RESULT_ALREADY_EXISTS
SEC-PUBLIC-REPRODUCIBILITY,RES-P10-REPORT-EVIDENCE-11,False,True,,False,ALL/NA,repo://docs/results/P10_CATALOGUE_DRIVEN_BILINGUAL_REPORT_PLAN.md,VERIFIED,ALL/NA,False,,P10,PUBLIC_DEIDENTIFIED,Appendix,report_evidence_map,Reproducibility,"RPT-T05, RPT-T06",True,RESULT_ALREADY_EXISTS
SEC-LIMITATIONS,RES-P10-GAP-MEAN-ABS-CONTRIBUTION,False,False,,False,ALL/NA,repo://docs/results/RESULTS_CATALOGUE_PLAN.md,NOT_APPLICABLE,ALL/NA,False,"No authoritative frozen P9 aggregate persists model-by-concept mean absolute centered contribution. Earlier narrative values were transient analysis, are not authoritative P10 sources, and must not be reused in RPT-T15. Do not recompute from frozen per-sample values.",P10,PUBLIC_DEIDENTIFIED,Appendix,missing_or_incomplete_output,Mean absolute centered contribution summary,,False,DATA_NOT_PERSISTED
SEC-LIMITATIONS,RES-P10-GAP-UNDEFINED-MECHANISM,False,False,,False,ALL/NA,repo://docs/results/RESULTS_CATALOGUE_PLAN.md,NOT_APPLICABLE,ALL/NA,False,Report the mechanism boundary; do not run a new forward pass.,P10,PUBLIC_DEIDENTIFIED,Appendix,missing_or_incomplete_output,Pre-ReLU CAM and gradient decomposition,,False,DATA_NOT_PERSISTED
SEC-LIMITATIONS,RES-P10-GAP-CASE-INTERVENTION,False,False,,False,ALL/NA,repo://docs/results/RESULTS_CATALOGUE_PLAN.md,NOT_APPLICABLE,ALL/NA,True,Mark HOW unavailable; never recompute for presentation.,P10,PUBLIC_DEIDENTIFIED,Appendix,missing_or_incomplete_output,Case-level intervention before/after evidence for RPT-FA06,,False,WOULD_REQUIRE_NEW_SCIENTIFIC_COMPUTE
SEC-LIMITATIONS,RES-P10-GAP-PLANNED-TABLES,False,False,,False,ALL/NA,repo://docs/results/RESULTS_CATALOGUE_PLAN.md,NOT_APPLICABLE,ALL/NA,False,,P10,PUBLIC_DEIDENTIFIED,Appendix,missing_or_incomplete_output,20 planned tables: RPT-T01-RPT-T18 + RPT-TA01 + RPT-TA02,,False,VISUALIZATION_NOT_YET_RENDERED_BUT_FROZEN_DATA_EXISTS
SEC-LIMITATIONS,RES-P10-GAP-PLANNED-FIGURES,False,False,,False,ALL/NA,repo://docs/results/RESULTS_CATALOGUE_PLAN.md,NOT_APPLICABLE,ALL/NA,False,,P10,PUBLIC_DEIDENTIFIED,Appendix,missing_or_incomplete_output,14 planned public figures: RPT-F01-RPT-F08 + RPT-F09A + RPT-F09B + RPT-F10-RPT-F13,,False,VISUALIZATION_NOT_YET_RENDERED_BUT_FROZEN_DATA_EXISTS
SEC-LIMITATIONS,RES-P10-GAP-PRIVATE-FIGURES,False,False,,False,ALL/NA,repo://docs/results/RESULTS_CATALOGUE_PLAN.md,NOT_APPLICABLE,ALL/NA,False,,P10,PUBLIC_DEIDENTIFIED,Appendix,missing_or_incomplete_output,6 planned private figures: RPT-FA01-RPT-FA06,,False,VISUALIZATION_NOT_YET_RENDERED_BUT_FROZEN_DATA_EXISTS
SEC-LIMITATIONS,RES-P10-GAP-FULL-CT-PANELS,False,False,,False,ALL/NA,repo://docs/results/RESULTS_CATALOGUE_PLAN.md,NOT_APPLICABLE,ALL/NA,False,,P10,PUBLIC_DEIDENTIFIED,Appendix,missing_or_incomplete_output,"Full CT context, ROI box, and deterministic reprojection panels",,False,VISUALIZATION_NOT_YET_RENDERED_BUT_FROZEN_DATA_EXISTS
